Subdivision,Year,JAN,FEB,MAR,APR,MAY,JUN,JUL,AUG,SEP,OCT,NOV,DEC,ANNUAL,Jan_Feb,Mar_May,Jun_Sep,Oct_Dec,Cloud_Visibility_Pct,Elevation_m,Max_Temp_C,Flood
East Uttar Pradesh,1997,10.2,15.0,39.0,17.5,196.2,270.1,663.6,736.8,383.8,178.4,69.9,19.7,2600.0,25.2,252.6,2054.2,267.9,29.5,80.0,32.6,1
Rayalseema,2016,10.4,36.1,40.0,67.1,237.7,152.3,353.1,407.5,290.1,163.0,73.5,25.1,1855.9,46.5,344.8,1203.0,261.6,56.2,30.0,34.2,1
Sub-Himalayan West Bengal,2015,22.6,6.9,0.0,90.0,119.9,407.5,487.9,475.7,269.8,130.7,66.5,41.3,2118.7,29.5,209.8,1640.8,238.5,42.5,500.0,35.3,1
Bihar,1986,14.1,33.6,32.0,72.9,160.2,281.7,699.8,458.7,148.2,112.6,21.3,11.3,2046.4,47.7,265.1,1588.4,145.2,40.7,30.0,32.7,1
Konkan & Goa,1987,10.3,35.6,23.8,77.6,162.1,348.8,862.7,724.1,499.5,211.4,98.9,22.2,3077.0,46.0,263.5,2435.1,332.5,14.0,850.0,28.8,1
Sub-Himalayan West Bengal,2023,7.5,25.7,17.4,65.8,178.9,427.6,504.8,311.0,326.3,185.3,88.1,4.3,2142.7,33.2,262.1,1569.7,277.7,45.3,250.0,31.7,1
Odisha,2002,5.4,23.9,32.4,45.9,88.0,333.2,307.6,574.3,201.6,117.7,46.0,10.6,1786.5,29.2,166.4,1416.7,174.3,58.2,15.0,24.0,1
Rayalseema,2019,11.7,18.6,26.2,13.2,205.5,304.5,618.3,380.5,308.0,202.6,72.9,17.3,2179.4,30.4,244.9,1611.3,292.8,34.4,850.0,32.3,0
Bihar,1983,1.5,19.9,46.4,38.0,112.3,319.5,299.2,554.0,185.1,169.4,26.4,22.8,1794.6,21.4,196.7,1357.9,218.6,58.3,850.0,25.3,1
Rayalseema,2005,6.4,16.2,33.0,64.2,190.7,128.9,457.3,623.7,140.4,134.4,75.7,10.6,1881.5,22.7,287.8,1350.3,220.7,39.9,500.0,28.9,0
Assam & Meghalaya,2019,9.6,9.0,41.5,52.8,106.2,749.7,863.7,593.5,369.8,347.6,141.9,36.0,3321.4,18.6,200.5,2576.7,525.5,12.0,15.0,31.5,1
Odisha,2019,4.5,10.5,34.6,42.4,163.2,558.3,395.9,439.5,394.2,141.6,40.0,4.4,2229.1,15.0,240.2,1787.9,186.0,44.2,30.0,33.7,1
Gangetic West Bengal,1995,0.0,23.1,23.1,59.6,193.8,305.4,751.5,183.9,325.5,177.7,82.8,23.2,2149.7,23.1,276.5,1566.3,283.7,39.6,30.0,33.6,1
Bihar,2009,6.0,19.1,56.1,82.9,185.6,490.4,563.8,357.1,169.6,127.4,51.7,14.6,2124.4,25.1,324.6,1580.9,193.8,44.6,30.0,35.9,1
Gangetic West Bengal,1995,1.7,5.9,17.1,88.2,228.4,244.7,385.9,391.9,139.8,170.2,89.5,16.5,1779.9,7.7,333.8,1162.3,276.2,58.8,250.0,36.2,1
Coastal Karnataka,2005,29.7,17.9,43.4,96.8,309.1,662.3,1041.0,775.4,431.5,159.5,112.4,19.7,3698.6,47.6,449.3,2910.1,291.6,12.0,500.0,29.7,1
Gujarat Region,2012,17.5,26.1,30.5,65.3,159.2,187.4,651.2,46.2,244.2,125.4,86.4,16.7,1656.0,43.6,255.0,1129.0,228.4,53.7,80.0,35.5,1
Bihar,1980,20.5,21.6,48.2,79.9,162.4,526.2,271.4,485.5,271.5,83.5,159.1,15.7,2145.5,42.1,290.5,1554.6,258.3,50.1,80.0,30.5,1
Konkan & Goa,2021,16.6,32.1,58.7,87.3,245.5,512.7,952.4,801.0,276.3,268.4,71.2,39.2,3361.6,48.7,391.6,2542.4,378.9,12.0,80.0,32.0,1
Bihar,1986,21.9,13.5,27.4,72.2,248.4,428.0,615.1,591.9,249.4,196.9,70.3,3.0,2538.0,35.5,347.9,1884.4,270.2,23.6,30.0,28.6,1
East Uttar Pradesh,1996,11.3,4.8,12.7,74.4,161.8,95.0,493.6,339.6,391.5,153.9,74.8,10.6,1824.1,16.1,248.9,1319.8,239.3,50.9,15.0,34.7,1
Konkan & Goa,1998,20.4,18.1,65.1,111.7,260.6,588.1,762.6,505.9,305.9,225.8,129.5,28.6,3022.3,38.4,437.4,2162.5,384.0,18.9,80.0,30.7,1
Bihar,1984,15.8,23.2,40.8,79.0,146.2,266.4,463.5,111.1,206.6,158.8,72.1,23.4,1606.9,39.0,266.0,1047.7,254.3,55.4,80.0,32.7,1
Kerala,1981,16.7,32.2,30.6,55.6,195.7,640.2,581.7,709.8,227.6,229.5,84.5,27.9,2832.2,48.9,282.0,2159.4,341.9,15.3,850.0,35.9,1
East Uttar Pradesh,2019,13.3,1.4,33.1,42.2,191.1,119.3,431.5,448.7,112.9,119.7,87.5,23.0,1623.5,14.7,266.3,1112.4,230.1,55.4,30.0,27.3,1
Kerala,1980,14.2,22.2,25.6,104.3,256.4,484.4,1005.2,826.8,384.3,302.7,121.1,38.7,3586.0,36.4,386.3,2700.8,462.5,12.0,250.0,30.7,1
Odisha,2003,15.9,23.1,24.5,62.1,145.6,319.7,698.5,388.9,214.7,192.0,90.9,13.1,2189.0,39.0,232.2,1621.8,296.0,34.1,30.0,23.2,1
Sub-Himalayan West Bengal,2019,6.9,16.4,20.2,93.3,164.5,288.4,740.5,197.1,243.2,246.1,105.3,25.1,2146.9,23.3,277.9,1469.3,376.4,37.4,80.0,26.0,0
Konkan & Goa,2024,19.1,23.3,37.7,61.2,205.9,646.3,718.0,445.5,370.6,335.2,87.2,42.2,2992.1,42.4,304.8,2180.4,464.6,26.8,500.0,29.6,1
Rayalseema,2016,25.0,20.7,47.1,78.1,273.9,469.0,342.9,338.2,208.3,151.3,64.8,4.1,2023.5,45.8,399.1,1358.4,220.2,55.7,250.0,26.8,1
Assam & Meghalaya,1991,21.8,24.2,33.1,110.2,310.0,524.2,947.8,713.1,434.3,167.3,66.8,15.8,3368.5,46.1,453.2,2619.4,249.9,12.0,850.0,33.4,1
Rayalseema,2002,17.5,22.7,34.2,48.2,133.4,397.8,358.3,298.8,252.1,164.1,81.2,3.4,1811.8,40.3,215.8,1307.0,248.7,60.0,850.0,28.2,0
Bihar,1984,11.9,9.9,29.7,98.0,173.8,611.2,469.7,421.4,162.2,270.7,52.1,30.1,2340.6,21.7,301.5,1664.5,352.9,42.7,30.0,26.5,1
East Uttar Pradesh,2001,16.5,11.6,51.6,85.0,162.4,472.5,667.9,495.0,374.9,78.5,76.1,4.9,2497.0,28.1,299.0,2010.3,159.5,28.4,80.0,31.4,1
Coastal Karnataka,1988,20.7,20.4,32.2,107.9,325.8,371.7,748.1,527.1,407.3,380.8,118.8,35.1,3095.8,41.1,465.9,2054.1,534.7,24.8,80.0,33.8,1
Bihar,2013,13.9,19.4,31.9,103.8,128.4,253.0,429.7,254.9,193.0,248.5,18.9,34.5,1729.8,33.3,264.0,1130.6,301.9,63.8,15.0,32.6,1
Gujarat Region,2017,14.9,2.2,43.4,83.0,196.9,300.7,716.6,300.9,229.5,92.3,90.7,14.8,2085.8,17.1,323.3,1547.6,197.8,36.4,30.0,23.8,1
Coastal Karnataka,1985,14.3,18.9,28.3,122.5,230.3,580.1,599.9,538.5,485.5,242.6,121.0,39.2,3020.8,33.2,381.0,2203.9,402.7,21.0,30.0,29.2,1
Gujarat Region,1986,8.4,28.7,59.7,49.5,233.4,545.3,744.5,352.2,153.7,54.4,33.7,18.1,2281.5,37.1,342.5,1795.7,106.1,30.3,15.0,33.4,1
East Uttar Pradesh,2012,6.1,14.4,21.9,61.4,90.3,222.1,618.1,482.8,206.8,110.5,42.8,19.2,1896.5,20.5,173.6,1529.9,172.5,43.7,250.0,31.2,1
Konkan & Goa,1992,13.4,31.2,35.5,60.9,222.2,613.1,1035.5,606.8,455.2,240.6,86.8,17.2,3418.5,44.6,318.6,2710.6,344.6,12.0,30.0,31.6,1
Bihar,2020,0.0,18.4,41.9,71.0,212.7,488.7,498.6,364.6,300.4,254.3,35.7,21.6,2308.0,18.4,325.7,1652.3,311.6,41.2,15.0,29.8,1
Rayalseema,2017,4.7,14.3,31.4,65.7,167.3,250.2,357.6,472.2,357.6,140.6,106.5,13.5,1981.8,19.0,264.4,1437.7,260.7,52.1,500.0,27.5,0
Rayalseema,1984,7.0,14.7,0.0,89.8,199.5,298.9,560.0,308.3,336.8,112.8,62.3,17.6,2007.6,21.7,289.3,1504.0,192.6,29.9,850.0,29.9,0
Coastal Karnataka,2023,12.7,10.9,37.5,57.7,294.3,836.1,878.5,575.5,337.8,166.1,66.1,24.5,3298.0,23.6,389.6,2628.0,256.8,13.8,500.0,34.8,0
Rayalseema,2022,22.9,0.1,38.9,107.4,213.1,452.0,230.3,531.4,190.7,151.8,24.6,4.5,1967.8,23.0,359.4,1404.5,180.9,61.2,500.0,32.1,0
Sub-Himalayan West Bengal,2012,21.1,20.7,21.6,0.0,99.0,261.7,833.9,309.4,314.4,49.5,57.4,27.2,2015.9,41.8,120.6,1719.4,134.1,28.4,15.0,36.4,1
Rayalseema,1992,13.2,14.3,51.8,20.6,49.3,110.7,349.3,447.1,219.1,215.3,107.3,38.8,1636.8,27.5,121.7,1126.2,361.4,57.4,850.0,30.0,0
Gujarat Region,1992,0.8,12.4,30.2,87.0,126.4,458.0,693.3,393.9,325.4,131.0,68.8,1.8,2329.1,13.2,243.6,1870.7,201.6,25.6,850.0,28.6,0
Gujarat Region,2023,7.6,28.5,8.0,84.8,182.6,196.3,649.7,400.2,212.1,253.9,64.6,12.2,2100.6,36.1,275.4,1458.4,330.7,45.8,30.0,35.4,1
Bihar,2011,0.0,15.1,33.2,36.1,149.0,367.9,643.6,353.3,201.5,326.1,49.0,23.4,2198.3,15.1,218.4,1566.4,398.5,36.2,80.0,36.2,1
Assam & Meghalaya,2009,20.2,41.4,64.6,51.0,249.7,691.8,807.0,472.2,409.5,206.3,41.1,25.7,3080.5,61.5,365.4,2380.5,273.1,12.0,250.0,36.4,1
Kerala,1983,7.0,31.0,54.9,137.6,250.7,727.6,1006.2,688.9,519.7,194.1,134.3,40.4,3792.5,38.1,443.2,2942.4,368.8,12.0,30.0,24.5,1
Coastal Karnataka,2000,18.7,27.9,28.5,114.3,225.0,444.0,782.7,773.1,273.4,284.1,96.6,45.7,3114.1,46.6,367.8,2273.3,426.4,12.2,500.0,34.3,1
Konkan & Goa,2024,3.0,29.8,32.3,72.2,271.2,552.1,749.6,658.1,400.9,209.1,115.7,19.2,3113.2,32.8,375.7,2360.8,344.0,18.4,500.0,25.7,1
Coastal Karnataka,1998,19.6,9.4,29.5,95.0,143.8,439.4,939.9,744.8,272.7,285.1,154.5,48.6,3182.2,29.1,268.2,2396.8,488.2,12.0,500.0,32.8,1
Konkan & Goa,1996,9.3,31.9,71.6,160.0,165.5,638.7,995.7,716.5,411.7,221.0,115.0,31.9,3568.9,41.1,397.1,2762.6,368.0,12.0,250.0,25.3,1
Odisha,2014,11.4,16.5,34.2,80.4,120.8,344.4,720.7,483.9,354.4,292.0,39.0,20.1,2517.6,27.9,235.4,1903.3,351.1,29.4,500.0,32.9,1
Assam & Meghalaya,1993,18.6,39.3,45.2,74.7,242.4,550.0,311.8,699.7,456.1,333.9,144.9,39.4,2956.0,57.9,362.3,2017.6,518.2,39.7,250.0,25.6,1
Rayalseema,2017,14.9,23.9,17.0,81.5,135.6,345.3,435.7,372.1,252.2,87.3,81.7,2.6,1849.9,38.8,234.1,1405.3,171.6,50.1,500.0,23.7,0
Sub-Himalayan West Bengal,2006,0.0,20.5,10.2,84.7,101.8,251.4,441.7,557.1,189.4,243.5,27.5,0.0,1927.6,20.5,196.6,1439.6,271.0,47.3,850.0,33.7,0
Odisha,2000,6.0,18.8,30.8,46.2,136.1,507.0,380.2,399.7,219.8,144.8,98.5,20.3,2008.2,24.8,213.1,1506.6,263.6,55.7,500.0,25.2,0
Rayalseema,1997,14.3,0.8,20.9,84.6,171.7,399.1,448.9,455.2,230.9,233.7,99.3,15.6,2175.1,15.2,277.2,1534.1,348.6,47.1,500.0,23.0,0
Sub-Himalayan West Bengal,1991,1.0,17.5,14.1,46.1,166.0,257.5,407.4,591.9,267.3,128.0,23.5,0.0,1920.3,18.5,226.2,1524.0,151.6,37.6,500.0,35.0,0
Kerala,2009,18.6,14.9,47.3,113.6,160.4,599.0,838.9,897.0,362.4,179.2,108.2,18.7,3358.3,33.6,321.3,2697.3,306.2,12.0,250.0,27.4,1
Gujarat Region,2003,13.0,9.6,32.9,86.4,132.0,212.8,636.8,422.0,149.1,129.1,74.7,17.0,1915.4,22.6,251.3,1420.6,220.9,36.3,80.0,36.7,1
Assam & Meghalaya,1982,18.5,28.1,51.6,75.7,285.9,578.2,973.3,725.6,263.5,186.6,96.8,22.2,3305.8,46.6,413.1,2540.6,305.5,12.0,15.0,28.9,1
Gujarat Region,2014,7.5,0.0,17.0,69.5,194.5,351.9,544.1,216.0,182.9,0.0,103.2,14.4,1701.2,7.5,281.1,1294.9,117.7,42.1,850.0,32.7,0
Sub-Himalayan West Bengal,1982,15.7,14.8,18.1,90.0,186.4,380.0,395.1,488.5,167.4,144.1,22.5,2.4,1924.9,30.5,294.5,1431.0,168.9,46.1,80.0,32.2,1
Kerala,2005,25.9,12.4,33.8,45.6,216.8,708.1,798.3,750.5,417.2,256.0,99.3,36.9,3400.8,38.3,296.2,2674.1,392.2,12.0,15.0,31.3,1
Gujarat Region,2020,11.5,7.5,28.3,67.3,175.6,238.5,740.2,274.1,237.8,135.5,117.8,20.5,2054.5,19.0,271.3,1490.5,273.8,29.7,500.0,34.1,1
Konkan & Goa,2018,11.6,20.0,68.5,118.7,169.2,304.0,706.9,789.1,480.8,264.2,133.2,25.1,3091.5,31.6,356.5,2280.9,422.5,12.2,80.0,32.7,1
Bihar,1980,5.7,14.5,27.1,39.4,177.2,395.7,614.5,306.8,437.9,127.0,57.6,18.2,2221.5,20.2,243.7,1754.9,202.8,29.8,80.0,32.5,1
Konkan & Goa,1996,14.7,7.2,20.2,76.3,254.7,779.0,889.6,641.1,327.1,231.6,68.9,18.0,3328.4,21.9,351.2,2636.8,318.5,12.0,850.0,28.0,1
Tamil Nadu,2014,8.1,17.0,38.5,29.2,112.6,462.2,570.2,487.1,333.5,197.1,32.1,11.7,2299.3,25.1,180.3,1853.1,240.9,35.4,30.0,33.5,1
Kerala,2000,13.1,5.3,53.5,31.6,353.0,529.2,849.9,773.1,366.7,207.1,24.2,13.3,3219.9,18.4,438.1,2518.9,244.5,12.0,500.0,28.3,1
Gangetic West Bengal,1993,3.9,13.0,57.6,38.8,117.1,337.1,567.8,407.0,325.9,263.0,66.7,4.5,2202.4,16.9,213.5,1637.9,334.2,39.1,15.0,23.6,1
Coastal Karnataka,2005,12.2,33.1,48.0,129.3,216.5,297.5,1076.2,886.2,254.4,312.2,68.2,24.6,3358.4,45.3,393.7,2514.3,405.0,12.0,80.0,33.4,1
Sub-Himalayan West Bengal,1981,18.4,10.5,18.4,86.5,184.7,411.3,467.7,276.0,219.3,159.2,61.6,24.6,1938.3,28.9,289.7,1374.3,245.4,55.1,15.0,32.7,1
Gujarat Region,2007,12.4,11.8,18.9,71.2,152.1,306.4,513.1,564.1,246.6,144.5,58.0,32.5,2131.5,24.2,242.1,1630.2,235.0,38.9,15.0,34.6,1
Assam & Meghalaya,1993,17.2,34.2,11.4,111.7,300.8,445.4,612.7,1082.5,402.7,200.4,112.0,36.9,3368.1,51.4,423.9,2543.3,349.4,12.0,850.0,28.4,1
Gangetic West Bengal,1997,5.5,12.8,30.3,45.1,172.8,449.3,559.7,430.1,279.9,133.1,47.6,21.6,2187.7,18.3,248.2,1719.0,202.3,42.2,80.0,35.2,1
Konkan & Goa,2024,15.5,13.0,54.7,29.6,238.0,536.9,872.4,599.8,312.6,208.9,118.6,33.3,3033.4,28.6,322.3,2321.7,360.9,12.0,80.0,34.1,1
Sub-Himalayan West Bengal,1981,16.4,23.2,16.0,84.5,145.0,323.8,520.1,360.9,216.3,188.6,7.2,18.3,1920.1,39.6,245.4,1421.0,214.1,48.9,80.0,25.5,1
Kerala,1984,2.8,30.3,20.8,83.6,291.1,515.8,768.6,835.6,301.5,183.6,122.5,26.1,3182.2,33.1,395.5,2421.5,332.2,12.0,80.0,32.1,1
Tamil Nadu,1995,19.3,11.2,38.5,54.4,221.9,524.8,696.8,634.9,180.1,115.8,85.4,35.1,2618.2,30.5,314.8,2036.6,236.3,30.0,250.0,34.5,1
Assam & Meghalaya,1997,18.9,31.3,43.9,72.3,257.6,680.7,691.2,626.4,313.3,254.6,92.0,29.8,3112.0,50.2,373.8,2311.6,376.4,25.2,850.0,34.8,1
Sub-Himalayan West Bengal,1990,13.2,21.4,12.1,72.0,75.4,420.8,532.4,351.7,439.8,194.4,98.9,24.8,2256.8,34.6,159.4,1744.7,318.0,34.3,850.0,23.6,0
Kerala,2005,16.5,8.1,45.7,73.2,210.9,537.7,798.1,799.4,440.1,233.5,80.1,5.8,3249.1,24.6,329.8,2575.3,319.4,18.1,15.0,34.0,1
Assam & Meghalaya,1987,23.7,22.1,64.9,139.0,247.3,519.4,698.7,590.1,353.8,167.4,83.0,30.0,2939.4,45.8,451.2,2162.0,280.5,21.9,80.0,31.2,1
Kerala,2000,21.9,33.5,52.2,49.3,315.2,552.7,887.1,806.6,519.9,249.7,91.8,34.1,3614.0,55.3,416.7,2766.4,375.6,12.0,250.0,28.1,1
Gujarat Region,2005,14.4,24.5,39.7,65.0,151.7,270.8,340.9,436.0,279.9,191.5,92.1,23.6,1930.1,38.9,256.4,1327.5,307.3,62.4,80.0,29.5,1
Tamil Nadu,1995,6.4,17.3,1.3,112.2,151.8,338.5,426.3,81.2,264.7,166.1,63.1,6.7,1635.6,23.7,265.3,1110.7,235.9,63.7,80.0,23.8,1
Odisha,1981,9.9,21.9,34.4,98.8,75.8,239.8,659.2,664.3,316.6,112.2,63.6,17.7,2314.2,31.8,209.0,1879.9,193.5,21.6,80.0,27.8,1
Bihar,1996,12.4,15.1,58.6,30.5,107.5,397.4,217.3,438.8,274.0,169.9,128.7,28.7,1878.8,27.5,196.6,1327.5,327.2,70.6,250.0,35.3,0
Tamil Nadu,1995,15.8,0.0,51.0,54.7,144.7,307.9,213.7,517.4,317.6,129.5,59.4,9.6,1821.4,15.8,250.4,1356.6,198.5,58.2,80.0,26.0,1
Tamil Nadu,2004,9.6,23.0,48.7,33.2,155.6,335.9,115.6,410.1,139.4,72.6,108.8,2.9,1455.3,32.6,237.4,1000.9,184.3,76.2,250.0,33.0,0
Assam & Meghalaya,2005,20.8,33.7,54.7,75.0,186.4,454.9,619.2,792.6,488.4,271.8,109.0,33.2,3139.5,54.5,316.1,2355.0,414.0,15.6,850.0,27.4,1
Kerala,2014,15.4,19.2,51.5,82.9,194.9,696.3,769.5,562.9,492.5,301.8,167.9,27.0,3381.9,34.6,329.4,2521.2,496.7,12.0,15.0,32.2,1
Assam & Meghalaya,2006,22.4,28.7,19.9,125.2,254.0,815.4,961.9,684.0,557.6,250.0,93.3,40.6,3853.2,51.1,399.1,3019.0,383.9,12.0,15.0,24.2,1
Tamil Nadu,1988,5.8,13.5,15.3,65.1,145.1,500.5,297.2,489.5,188.8,131.1,50.6,37.1,1939.6,19.3,225.5,1476.0,218.8,58.3,500.0,35.4,0
Bihar,2000,5.8,9.0,27.1,40.4,139.2,426.0,794.2,486.9,365.7,221.3,91.3,23.5,2630.5,14.7,206.8,2072.8,336.2,30.8,15.0,33.8,1
Coastal Karnataka,2000,9.8,19.7,38.2,141.4,309.4,334.9,870.5,606.7,233.9,234.3,95.3,29.9,2923.9,29.4,489.1,2045.9,359.5,13.9,850.0,24.3,1
Rayalseema,1981,16.8,12.6,40.2,11.8,178.9,156.3,395.2,582.2,331.4,310.0,103.9,24.5,2163.8,29.4,230.9,1465.0,438.5,45.7,250.0,30.9,1
Bihar,2023,14.4,14.1,26.6,73.7,93.1,417.3,504.9,427.2,178.3,109.2,27.4,0.3,1886.5,28.5,193.4,1527.7,136.9,48.5,850.0,27.5,0
Odisha,2002,13.3,35.6,18.9,101.1,116.2,360.5,718.0,434.3,280.7,150.1,68.2,26.0,2323.0,48.9,236.3,1793.5,244.3,27.2,15.0,26.5,1
Rayalseema,1985,12.6,22.0,39.6,75.3,128.2,268.4,638.4,456.8,366.2,213.0,116.4,14.4,2351.2,34.6,243.1,1729.8,343.7,43.2,30.0,24.6,1
Odisha,1999,5.8,9.1,55.2,74.2,105.3,357.3,542.7,379.1,169.9,73.2,49.3,0.9,1822.0,14.9,234.7,1448.9,123.4,52.3,500.0,32.1,0
Assam & Meghalaya,2010,12.7,30.9,53.6,79.8,299.2,530.3,652.0,520.4,383.6,212.4,120.5,22.9,2918.3,43.6,432.5,2086.3,355.8,25.7,30.0,23.2,1
Sub-Himalayan West Bengal,1997,1.4,12.5,5.2,34.9,146.2,345.0,276.4,97.5,381.6,237.7,62.0,14.8,1615.1,13.9,186.3,1100.5,314.4,63.0,250.0,32.2,0
East Uttar Pradesh,2021,6.6,23.5,15.8,55.8,315.0,399.3,523.2,342.4,232.6,144.1,110.5,30.1,2199.0,30.0,386.6,1497.6,284.7,48.0,80.0,34.7,1
Odisha,2024,12.7,10.2,30.8,41.6,182.1,292.5,488.8,445.5,325.3,166.4,51.4,22.6,2070.0,22.9,254.5,1552.1,240.4,44.9,500.0,31.7,1
Konkan & Goa,1998,11.0,31.2,52.4,88.9,183.3,422.0,816.2,666.6,422.0,212.8,61.9,21.4,2989.5,42.2,324.6,2326.8,296.0,18.6,500.0,29.2,1
Gujarat Region,1998,0.0,7.1,57.5,58.9,246.0,336.5,336.5,241.4,197.7,65.7,101.2,21.0,1669.5,7.1,362.4,1112.1,188.0,66.6,80.0,32.0,1
Gangetic West Bengal,2013,4.1,12.0,33.4,58.5,221.7,345.8,84.6,398.6,237.0,234.1,78.4,35.7,1743.8,16.1,313.6,1066.0,348.1,61.6,15.0,29.9,0
Sub-Himalayan West Bengal,2011,9.1,0.7,41.8,105.3,199.7,502.8,522.1,538.2,214.1,28.7,125.0,20.8,2308.3,9.8,346.8,1777.2,174.5,42.7,80.0,32.0,1
Kerala,2014,3.5,28.1,24.9,91.0,284.3,530.8,678.6,679.8,399.3,248.8,168.2,25.2,3162.4,31.6,400.1,2288.5,442.2,16.2,250.0,32.5,1
East Uttar Pradesh,2006,9.8,20.1,31.6,60.1,148.0,440.9,399.9,539.6,289.0,193.0,87.5,21.4,2240.7,29.9,239.6,1669.4,301.8,39.6,15.0,34.4,1
Konkan & Goa,2002,7.0,13.5,45.5,103.8,223.1,558.3,874.8,698.3,313.3,217.8,100.8,28.7,3184.9,20.6,372.5,2444.6,347.2,12.0,15.0,23.8,1
Kerala,2021,11.7,31.6,42.4,113.7,183.6,352.8,997.8,547.8,407.3,135.4,98.4,14.2,2936.8,43.2,339.8,2305.7,248.0,12.0,500.0,25.2,1
Odisha,2020,16.0,25.5,53.9,0.0,214.1,382.2,527.2,686.8,404.5,257.1,57.0,27.2,2651.5,41.5,268.0,2000.7,341.3,30.8,850.0,24.0,0
Gujarat Region,1996,5.3,15.6,14.5,31.3,166.1,328.0,616.3,363.3,314.3,228.0,46.8,25.4,2154.9,20.9,211.9,1621.8,300.2,36.5,850.0,34.7,0
Tamil Nadu,2007,1.0,21.6,93.7,60.6,217.4,382.3,299.5,576.8,336.9,149.0,61.7,0.0,2200.5,22.7,371.6,1595.4,210.7,50.9,500.0,30.6,0
Bihar,2019,12.8,19.7,20.6,44.7,120.8,371.2,852.6,557.3,217.1,187.6,122.4,14.4,2541.3,32.5,186.0,1998.2,324.4,22.7,850.0,23.3,1
Kerala,1981,15.2,48.7,34.6,85.7,274.4,672.4,828.7,639.5,409.4,224.9,124.9,14.6,3373.0,63.9,394.8,2550.0,364.3,12.0,15.0,26.0,0
Kerala,2007,15.0,26.0,69.4,56.0,343.3,366.6,1067.9,473.1,290.6,248.6,144.3,28.4,3129.2,41.0,468.7,2198.2,421.3,12.0,250.0,36.6,1
Coastal Karnataka,1994,4.5,27.2,79.0,81.9,175.2,544.5,503.5,697.1,398.3,245.8,133.0,44.9,2935.0,31.7,336.2,2143.4,423.7,32.5,250.0,26.4,1
Tamil Nadu,1982,1.9,9.7,52.1,63.1,146.0,358.0,560.0,229.5,195.8,100.1,80.9,14.3,1811.4,11.6,261.1,1343.3,195.3,41.9,80.0,35.3,1
Rayalseema,2004,0.0,6.7,35.4,28.7,132.2,392.5,466.4,593.7,318.3,139.5,86.8,3.8,2204.2,6.7,196.4,1770.9,230.2,44.1,30.0,33.5,1
Bihar,2018,12.0,10.8,18.9,63.8,199.3,437.3,310.9,427.2,205.1,153.6,114.3,14.0,1967.2,22.8,282.0,1380.5,281.9,57.4,850.0,32.8,0
Tamil Nadu,1988,19.1,13.4,5.8,24.3,147.1,377.8,434.3,671.5,388.2,78.7,110.6,8.9,2279.7,32.5,177.3,1871.8,198.2,32.0,15.0,30.1,1
Odisha,1992,2.0,17.3,16.4,48.7,245.4,285.9,542.8,238.9,168.8,189.1,85.7,22.4,1863.4,19.3,310.5,1236.5,297.1,54.0,30.0,24.9,1
Assam & Meghalaya,2010,17.4,32.0,36.7,100.9,102.0,697.1,659.5,622.7,357.4,230.9,135.4,5.8,2997.9,49.4,239.6,2336.8,372.1,19.2,15.0,29.4,1
Tamil Nadu,1999,5.6,21.8,37.8,59.3,162.7,409.1,331.0,497.8,379.9,83.2,82.4,39.6,2110.3,27.4,259.9,1617.8,205.2,48.3,250.0,27.0,0
Kerala,1990,10.4,33.7,49.7,101.6,246.1,430.5,1029.2,687.0,396.5,188.1,121.5,31.9,3326.0,44.0,397.3,2543.2,341.4,12.0,500.0,34.8,1
Sub-Himalayan West Bengal,2013,7.9,12.5,28.5,81.1,239.1,469.8,687.2,398.7,237.5,231.6,19.1,44.3,2457.4,20.5,348.7,1793.2,295.0,29.0,850.0,30.1,0
Bihar,1992,11.1,9.5,2.6,76.2,214.9,505.3,579.1,428.8,360.4,155.1,126.8,28.6,2498.6,20.6,293.8,1873.7,310.6,37.4,500.0,26.6,1
Gangetic West Bengal,2010,8.9,17.3,15.1,59.3,190.5,193.3,712.2,567.4,229.0,77.3,65.2,8.5,2144.0,26.2,264.9,1702.0,151.0,32.2,15.0,33.0,1
East Uttar Pradesh,1997,11.9,25.5,13.1,53.9,141.8,271.2,202.7,363.9,191.2,73.8,86.4,17.1,1452.6,37.5,208.8,1029.0,177.3,66.0,15.0,26.7,1
Assam & Meghalaya,2022,4.9,28.8,34.8,84.7,140.5,616.0,679.1,548.5,468.5,228.9,100.2,24.0,2958.6,33.7,260.0,2312.0,353.0,21.4,250.0,25.2,1
Gujarat Region,1989,10.1,6.0,43.8,75.9,136.3,278.0,811.9,367.9,370.2,212.6,61.3,2.6,2376.6,16.0,256.0,1828.0,276.5,27.0,80.0,23.1,1
East Uttar Pradesh,2011,3.9,14.2,67.9,31.8,167.6,450.5,924.2,533.5,127.7,147.8,64.1,35.1,2568.4,18.0,267.3,2035.9,247.1,14.3,850.0,34.0,1
Gangetic West Bengal,2023,8.6,13.3,68.3,44.7,149.4,454.0,718.0,544.9,106.8,127.9,104.7,26.2,2366.6,21.8,262.4,1823.7,258.7,21.6,250.0,28.8,1
Bihar,2000,8.6,14.3,13.6,37.4,89.0,362.2,492.8,490.6,407.2,118.9,96.8,13.6,2145.0,22.9,140.0,1752.8,229.3,49.0,250.0,32.7,1
Odisha,2023,16.0,24.7,16.8,96.7,203.1,609.2,674.0,209.9,266.4,172.9,80.8,24.8,2395.1,40.7,316.5,1759.5,278.4,29.6,30.0,27.2,1
Tamil Nadu,1994,8.9,5.4,33.3,45.5,120.2,374.3,598.1,467.0,122.8,26.4,57.9,13.6,1873.4,14.4,198.9,1562.2,97.9,30.8,80.0,29.7,1
Sub-Himalayan West Bengal,1993,18.4,10.7,25.8,50.0,157.1,425.4,464.3,546.6,245.7,202.6,88.8,9.6,2244.9,29.1,232.8,1682.0,301.0,44.1,500.0,35.5,1
Odisha,1989,15.9,12.0,32.6,58.0,131.0,157.0,384.8,559.4,337.5,168.8,90.6,34.9,1982.4,27.9,221.5,1438.6,294.3,51.9,850.0,30.8,0
Odisha,2006,11.2,15.6,54.3,46.5,129.0,304.1,324.8,603.6,268.8,169.0,18.5,12.5,1957.9,26.8,229.8,1501.3,200.1,45.5,500.0,35.0,0
East Uttar Pradesh,2009,14.3,21.9,33.1,22.6,35.0,512.1,348.7,246.3,171.7,152.3,100.6,9.1,1667.7,36.2,90.8,1278.9,261.9,52.0,250.0,29.5,1
Gujarat Region,2007,18.5,2.6,18.2,72.7,233.6,438.7,531.4,266.8,39.5,198.7,60.4,12.1,1893.2,21.1,324.5,1276.3,271.2,51.6,850.0,36.3,0
Kerala,1983,23.5,18.2,48.0,79.1,249.8,734.5,1042.7,822.7,440.0,178.0,94.0,26.1,3756.5,41.7,376.9,3039.8,298.0,12.0,850.0,30.9,0
Assam & Meghalaya,2004,23.8,19.0,58.3,64.1,238.4,733.5,724.5,482.8,423.9,280.4,163.3,40.6,3252.7,42.9,360.8,2364.8,484.3,23.8,15.0,27.2,1
Assam & Meghalaya,2011,15.8,21.0,21.7,84.3,185.6,654.0,826.2,722.8,356.1,239.2,100.7,25.6,3253.2,36.8,291.6,2559.1,365.6,12.0,500.0,24.5,1
Sub-Himalayan West Bengal,1992,13.8,22.9,0.0,34.7,176.3,195.7,525.9,718.4,257.4,175.6,71.1,17.8,2209.8,36.8,211.0,1697.5,264.5,32.2,30.0,25.7,1
Coastal Karnataka,2020,17.6,19.9,53.2,144.3,278.3,686.9,365.4,686.5,438.4,338.8,102.4,24.9,3156.7,37.5,475.8,2177.3,466.1,32.1,15.0,34.9,1
Gujarat Region,2020,3.4,3.8,31.3,58.4,166.8,238.2,554.8,412.8,161.6,178.7,78.2,5.1,1893.1,7.2,256.5,1367.4,262.0,50.0,15.0,36.1,1
Konkan & Goa,1982,10.2,32.9,59.0,94.4,288.3,414.7,819.9,676.2,539.7,308.6,117.6,22.8,3384.5,43.2,441.7,2450.6,449.0,12.0,500.0,35.6,1
Gangetic West Bengal,1997,11.7,15.0,0.0,88.5,193.3,625.2,371.1,210.1,259.2,173.3,105.8,22.6,2075.8,26.8,281.8,1465.6,301.6,55.6,80.0,36.4,1
Tamil Nadu,2007,9.4,27.7,15.9,49.9,142.1,340.8,616.9,144.8,346.4,219.8,98.5,12.4,2024.6,37.1,207.9,1448.9,330.7,48.7,250.0,26.1,1
Konkan & Goa,2024,15.5,36.4,58.7,93.4,199.6,535.5,715.8,685.1,395.5,310.9,100.8,24.4,3171.5,51.9,351.7,2331.8,436.1,14.3,30.0,24.2,1
Bihar,1997,10.0,20.6,39.2,17.5,158.9,155.0,501.8,455.6,287.4,172.6,71.9,22.5,1912.8,30.6,215.6,1399.8,266.9,49.2,15.0,23.7,1
Tamil Nadu,1982,13.8,20.5,31.6,82.0,116.9,282.9,615.8,373.0,298.6,196.3,98.9,13.8,2144.1,34.3,230.6,1570.2,309.0,45.4,850.0,33.7,0
Odisha,1980,15.0,28.6,0.2,55.9,131.8,296.2,478.3,429.3,323.7,248.9,0.0,24.9,2032.7,43.5,187.8,1527.5,273.8,48.2,80.0,23.4,1
Sub-Himalayan West Bengal,1997,22.0,21.7,35.5,29.8,145.8,335.7,399.1,456.1,182.7,153.4,101.6,13.4,1896.8,43.7,211.1,1373.6,268.4,47.4,30.0,37.0,1
Rayalseema,2015,16.8,14.9,41.7,42.7,208.0,227.2,618.9,482.0,162.6,229.0,51.1,43.2,2138.1,31.7,292.4,1490.7,323.4,38.3,80.0,27.9,1
Konkan & Goa,2021,21.3,19.4,16.4,126.7,238.8,542.1,921.6,638.3,446.3,141.5,97.8,36.5,3246.7,40.7,381.9,2548.4,275.8,12.0,15.0,32.1,1
Bihar,2013,19.6,25.9,23.6,68.4,179.3,417.6,508.8,417.4,248.2,189.3,78.3,13.3,2189.6,45.5,271.3,1591.9,280.9,45.8,30.0,23.6,1
East Uttar Pradesh,2005,9.4,4.0,44.6,46.9,168.4,329.6,584.3,367.4,72.4,152.1,106.3,21.3,1906.8,13.4,260.0,1353.7,279.7,40.4,500.0,31.2,0
Gujarat Region,1991,6.7,29.0,24.1,51.1,91.6,218.0,813.1,495.9,312.2,150.9,0.0,40.3,2232.9,35.7,166.8,1839.1,191.2,35.7,80.0,23.8,0
Tamil Nadu,2002,14.3,8.8,20.8,57.1,198.1,320.7,453.7,197.1,99.5,66.6,54.7,23.2,1514.5,23.1,276.0,1071.0,144.4,52.0,250.0,27.2,0
Konkan & Goa,2015,12.8,6.0,68.3,73.9,319.0,458.9,499.6,701.3,235.7,287.7,68.8,24.3,2756.4,18.8,461.3,1895.4,380.8,27.0,15.0,23.9,1
Bihar,2020,4.8,28.1,12.2,63.9,114.9,359.4,451.6,253.0,274.8,74.2,133.1,8.7,1778.7,32.9,190.9,1338.8,216.0,47.6,250.0,33.3,1
Sub-Himalayan West Bengal,2018,21.4,21.0,23.8,84.2,135.2,358.2,564.2,151.9,214.2,234.8,62.0,25.7,1896.6,42.4,243.2,1288.6,322.4,41.7,250.0,23.7,1
Assam & Meghalaya,1987,30.6,18.9,35.6,87.7,266.5,531.5,858.2,682.6,467.4,260.7,143.3,29.0,3412.1,49.5,389.8,2539.7,433.0,12.0,500.0,27.3,1
Konkan & Goa,2014,22.5,10.1,36.5,120.0,285.8,466.1,836.9,712.1,459.3,242.6,134.2,29.7,3355.8,32.6,442.2,2474.4,406.5,12.0,15.0,32.5,1
Gangetic West Bengal,2013,16.4,28.0,37.5,65.7,161.2,569.7,603.3,455.0,183.5,182.2,68.4,9.9,2380.9,44.5,264.4,1811.5,260.5,38.4,30.0,36.3,1
Kerala,2011,27.4,18.5,66.8,122.1,198.7,732.1,826.6,790.1,528.1,272.6,92.4,12.5,3687.8,45.9,387.6,2876.9,377.4,12.0,500.0,30.1,1
Konkan & Goa,1992,16.4,25.9,35.9,70.0,243.9,646.0,720.9,542.7,347.7,229.7,107.7,26.9,3013.6,42.3,349.8,2257.3,364.3,22.8,850.0,35.2,1
Rayalseema,2018,0.0,1.2,30.5,43.6,138.2,280.6,659.1,375.5,307.5,238.1,84.2,3.7,2162.3,1.2,212.3,1622.8,326.0,44.6,250.0,29.5,1
Bihar,2023,2.9,24.1,12.4,46.1,195.9,329.6,387.3,534.0,410.7,223.1,91.9,36.9,2294.7,27.0,254.3,1661.5,351.9,48.9,80.0,35.0,1
Kerala,1985,17.6,27.7,53.0,80.1,232.8,675.5,798.6,617.4,238.1,149.6,176.0,25.0,3091.5,45.3,365.9,2329.7,350.6,12.0,15.0,36.8,1
Coastal Karnataka,2003,16.6,19.4,19.1,77.4,302.8,667.1,833.2,700.0,347.0,275.0,119.1,12.0,3388.8,36.1,399.3,2547.2,406.2,12.0,850.0,35.5,1
Sub-Himalayan West Bengal,2000,9.3,20.4,38.9,85.5,196.1,236.0,614.6,623.1,118.7,159.9,69.2,6.6,2178.1,29.7,320.4,1592.3,235.6,41.2,80.0,29.4,1
Bihar,1994,6.1,4.0,17.8,76.6,252.6,314.7,435.5,439.0,341.0,152.0,83.0,24.4,2146.7,10.1,347.0,1530.3,259.4,44.3,850.0,33.7,0
East Uttar Pradesh,2003,8.9,25.1,9.4,143.4,225.0,286.3,503.2,380.0,273.3,161.0,107.9,32.3,2155.9,34.1,377.8,1442.8,301.2,40.0,15.0,36.2,1
Sub-Himalayan West Bengal,1998,6.1,10.4,52.0,74.3,106.5,488.6,553.8,603.4,206.6,123.5,80.1,21.4,2326.8,16.5,232.8,1852.4,225.0,30.3,80.0,30.8,1
Tamil Nadu,2005,9.3,23.3,18.5,58.1,180.8,519.9,951.3,165.5,305.9,218.5,83.0,0.0,2534.2,32.6,257.4,1942.6,301.5,21.8,30.0,36.5,1
Bihar,2002,7.4,19.1,12.1,123.1,115.7,345.6,611.5,322.4,241.2,152.8,108.3,2.1,2061.2,26.5,250.9,1520.7,263.1,39.4,250.0,25.7,1
Assam & Meghalaya,2021,16.4,27.1,63.6,64.9,195.7,676.5,835.9,680.5,387.3,280.0,81.0,22.5,3331.3,43.5,324.2,2580.2,383.4,13.9,30.0,25.6,1
Gujarat Region,1991,10.4,16.7,49.4,60.4,185.6,233.0,660.1,460.8,211.3,160.6,52.0,3.3,2103.5,27.1,295.5,1565.1,215.9,36.1,500.0,27.2,1
Kerala,1999,10.6,24.9,58.7,82.9,240.0,425.2,765.5,592.2,473.7,278.1,139.2,15.0,3106.0,35.4,381.6,2256.6,432.3,12.0,15.0,23.1,1
Coastal Karnataka,2005,14.3,15.4,49.3,90.9,254.3,903.9,719.7,588.1,409.5,283.7,128.5,28.0,3485.5,29.7,394.5,2621.2,440.1,12.0,850.0,29.6,1
Tamil Nadu,2009,5.2,5.4,41.3,43.0,129.0,357.7,518.4,443.8,323.3,190.7,44.0,8.3,2110.1,10.6,213.3,1643.2,243.0,45.9,500.0,28.2,1
Assam & Meghalaya,2006,0.0,28.3,47.7,112.5,203.5,568.2,938.4,559.1,444.6,212.3,128.0,33.8,3276.4,28.3,363.7,2510.3,374.1,12.0,850.0,26.6,1
Gangetic West Bengal,2002,7.9,9.9,41.1,99.4,86.8,380.9,389.1,684.2,149.9,215.3,112.3,19.7,2196.4,17.8,227.2,1604.1,347.3,47.2,30.0,26.4,1
Bihar,2005,4.0,21.8,13.1,80.5,142.3,243.8,442.0,493.1,233.4,96.5,52.4,0.0,1822.8,25.7,235.8,1412.4,148.9,52.5,250.0,24.0,1
Kerala,1990,23.6,21.5,45.4,104.6,269.6,552.6,1058.4,390.4,374.7,153.2,83.6,35.0,3112.6,45.1,419.6,2376.1,271.8,12.0,30.0,26.7,1
Coastal Karnataka,2016,2.2,22.1,30.2,63.9,217.5,577.1,753.1,386.3,311.7,323.4,105.5,37.4,2830.5,24.3,311.7,2028.2,466.3,18.6,850.0,35.0,1
Gujarat Region,1983,12.1,13.9,39.1,3.2,140.9,367.7,252.9,473.1,248.9,60.9,57.4,12.9,1682.8,26.0,183.1,1342.5,131.2,59.0,15.0,33.9,1
Odisha,1984,14.0,24.8,0.0,21.7,173.5,355.1,590.3,507.1,203.5,101.4,42.8,33.5,2067.7,38.8,195.2,1656.0,177.7,39.8,30.0,32.3,1
Odisha,1991,4.4,9.2,20.5,40.1,132.5,329.5,560.7,558.9,230.2,159.8,30.8,0.0,2076.5,13.6,193.1,1679.2,190.6,31.3,250.0,34.1,1
Coastal Karnataka,2013,13.8,17.6,53.6,91.2,213.6,476.6,897.2,775.3,401.9,200.1,92.1,30.3,3263.4,31.4,358.4,2551.0,322.5,13.8,30.0,28.7,1
Gangetic West Bengal,1999,22.0,10.5,43.1,34.5,216.8,659.3,610.6,134.4,159.2,161.7,105.4,11.7,2169.3,32.6,294.4,1563.6,278.8,37.8,850.0,30.5,0
Gujarat Region,2004,9.9,13.4,21.0,75.4,173.7,314.7,341.5,386.5,262.7,170.9,49.4,6.2,1825.4,23.3,270.1,1305.5,226.6,59.2,850.0,35.1,0
East Uttar Pradesh,1998,12.6,12.9,33.1,77.2,196.2,254.1,515.7,326.5,338.2,181.4,70.3,5.5,2023.6,25.5,306.5,1434.4,257.1,38.9,250.0,33.3,1
East Uttar Pradesh,2015,7.3,36.0,14.6,39.8,196.1,603.6,333.6,437.0,145.8,224.7,92.3,34.1,2164.9,43.3,250.5,1520.0,351.1,52.9,850.0,32.1,0
Tamil Nadu,2009,5.3,10.1,41.5,52.0,129.0,281.0,313.1,320.1,216.4,130.8,45.7,30.9,1575.9,15.4,222.4,1130.7,207.4,63.1,30.0,32.6,0
Bihar,2019,3.8,19.5,49.7,74.7,231.8,242.1,493.6,330.5,439.9,143.8,87.2,12.8,2129.4,23.3,356.2,1506.1,243.8,44.1,250.0,23.3,1
Assam & Meghalaya,2017,18.5,15.4,56.0,78.8,257.8,378.8,911.2,656.8,484.5,182.8,165.8,31.6,3237.9,33.9,392.6,2431.2,380.2,12.0,500.0,28.2,1
Gangetic West Bengal,1989,0.0,18.7,30.8,15.5,148.7,345.6,457.2,418.7,183.3,131.9,120.4,8.2,1878.9,18.7,195.0,1404.7,260.5,50.5,850.0,26.5,0
Konkan & Goa,2013,1.5,20.4,38.9,74.5,313.0,619.9,880.6,557.7,400.0,260.1,137.3,29.3,3333.3,21.9,426.4,2458.3,426.7,12.0,15.0,32.7,1
Kerala,2004,7.4,21.1,47.5,94.2,350.0,570.8,908.3,800.0,454.0,211.0,111.2,38.0,3613.4,28.5,491.7,2733.0,360.2,12.0,80.0,35.6,1
Gujarat Region,2015,9.4,17.8,5.2,38.6,167.9,258.7,897.1,448.2,360.7,193.7,75.8,13.2,2486.4,27.2,211.8,1964.8,282.7,20.8,30.0,30.6,1
Odisha,2021,0.0,5.5,6.1,78.3,88.5,371.9,639.2,507.8,362.2,153.5,77.0,23.8,2313.8,5.5,172.9,1881.1,254.3,35.3,30.0,29.2,1
Coastal Karnataka,2001,12.7,12.1,62.7,134.4,208.6,606.1,860.9,503.8,505.7,301.0,99.0,27.2,3334.2,24.8,405.8,2476.5,427.2,12.0,80.0,31.9,1
Konkan & Goa,1992,11.1,24.6,34.9,114.9,328.2,484.7,798.5,718.3,255.7,263.8,105.0,37.0,3176.7,35.7,478.1,2257.1,405.8,19.2,30.0,35.9,1
Sub-Himalayan West Bengal,2014,3.5,24.0,43.8,39.0,105.1,200.3,531.9,411.0,207.9,41.6,104.5,25.6,1738.2,27.5,188.0,1351.0,171.7,51.2,850.0,36.3,0
Bihar,2020,5.6,5.3,26.0,63.7,197.7,534.7,430.6,558.8,433.2,178.6,44.1,14.5,2493.0,10.9,287.5,1957.4,237.2,33.2,80.0,31.3,1
Coastal Karnataka,2010,16.6,36.5,43.6,118.1,186.4,561.8,826.3,620.9,385.8,265.4,78.6,28.0,3167.9,53.1,348.1,2394.7,372.0,13.0,15.0,37.0,1
Konkan & Goa,1987,17.9,30.7,40.5,105.8,281.9,528.4,834.9,784.8,447.3,186.6,99.3,26.8,3385.0,48.6,428.2,2595.4,312.8,12.0,15.0,28.6,1
East Uttar Pradesh,2004,14.5,14.3,16.1,64.0,118.1,50.4,623.0,442.0,167.2,168.0,55.3,11.2,1744.0,28.7,198.2,1282.6,234.5,54.9,80.0,34.7,1
Gangetic West Bengal,1995,11.7,3.6,32.0,79.9,137.4,350.6,358.4,580.8,263.6,131.5,70.9,28.6,2049.0,15.3,249.3,1553.4,231.0,60.9,500.0,26.6,0
Rayalseema,2020,10.7,15.9,46.2,74.0,50.1,149.0,166.4,502.4,202.4,141.6,73.4,33.4,1465.6,26.6,170.3,1020.2,248.4,71.7,500.0,35.4,0
Assam & Meghalaya,1988,9.0,40.6,63.4,87.5,201.0,286.7,912.7,621.5,311.9,202.0,78.1,31.2,2845.6,49.6,351.9,2132.8,311.2,12.0,850.0,32.0,1
East Uttar Pradesh,2011,12.6,20.1,23.2,25.7,155.1,298.9,875.3,646.5,503.7,155.7,37.5,7.9,2762.3,32.7,204.0,2324.5,201.1,19.1,15.0,35.7,1
Gujarat Region,2009,13.5,24.1,48.2,47.6,140.1,346.3,634.4,347.2,522.8,171.0,96.9,5.2,2397.4,37.6,235.9,1850.9,273.0,34.1,500.0,25.4,1
Odisha,1989,15.4,12.8,19.7,103.8,179.1,351.7,566.2,644.3,322.5,198.2,62.3,6.4,2482.4,28.2,302.5,1884.7,266.9,21.4,15.0,26.4,1
Tamil Nadu,2012,14.6,0.0,33.3,86.9,126.9,371.2,363.1,415.4,236.6,124.2,70.9,11.4,1854.6,14.6,247.2,1386.3,206.5,56.5,250.0,30.1,1
Coastal Karnataka,1993,5.6,35.5,53.4,59.7,236.2,372.8,870.1,665.2,490.2,298.9,92.8,19.0,3199.4,41.1,349.3,2398.3,410.7,12.0,250.0,27.8,1
Gangetic West Bengal,1982,9.5,2.9,40.1,14.9,146.8,225.6,478.6,608.2,409.3,284.3,80.7,13.7,2314.5,12.4,201.9,1721.6,378.7,43.5,500.0,37.0,1
Tamil Nadu,2000,10.7,15.0,20.0,59.3,48.6,396.8,707.7,465.4,268.3,65.6,93.1,23.1,2173.8,25.7,128.0,1838.3,181.8,24.9,30.0,32.1,1
Bihar,1981,5.2,8.1,25.3,20.1,182.0,364.8,581.2,303.4,292.6,177.1,60.0,11.5,2031.2,13.2,227.4,1542.0,248.6,44.9,30.0,28.2,1
Sub-Himalayan West Bengal,2017,6.7,26.4,39.1,93.9,148.9,195.5,777.6,416.4,341.7,92.3,81.1,22.7,2242.3,33.2,281.9,1731.2,196.1,27.3,500.0,24.0,1
Bihar,1992,15.3,20.7,17.8,70.3,204.3,447.6,280.1,319.2,113.0,125.2,50.9,6.2,1670.6,35.9,292.4,1160.0,182.3,61.9,30.0,25.4,1
Sub-Himalayan West Bengal,2012,17.2,23.1,28.7,49.6,244.6,342.6,773.8,463.0,346.5,175.3,27.1,0.0,2491.5,40.3,322.9,1925.9,202.4,22.8,500.0,27.5,1
Tamil Nadu,1986,16.5,18.9,28.9,86.7,236.7,541.0,560.8,201.9,168.2,216.5,66.8,0.0,2143.1,35.5,352.3,1472.0,283.3,33.8,850.0,36.3,0
Konkan & Goa,2019,20.5,24.3,74.8,100.9,225.5,418.4,734.9,458.1,211.6,271.2,79.7,34.0,2654.1,44.8,401.3,1823.0,385.0,31.3,30.0,34.4,1
Coastal Karnataka,2005,15.6,17.9,25.4,114.4,248.3,499.7,667.2,896.7,424.6,187.0,107.6,31.0,3235.3,33.4,388.1,2488.2,325.6,12.0,30.0,27.1,1
East Uttar Pradesh,2018,9.9,3.4,4.5,37.9,225.6,284.6,626.2,484.0,564.2,141.0,72.6,14.7,2468.7,13.3,268.0,1959.0,228.3,36.0,30.0,32.6,1
East Uttar Pradesh,2004,11.7,18.5,48.9,88.1,66.8,487.1,360.4,293.8,170.7,154.3,98.4,2.3,1801.1,30.2,203.8,1312.0,255.0,52.8,850.0,31.6,0
East Uttar Pradesh,2023,6.1,24.1,40.9,69.3,205.6,316.1,692.8,525.2,208.8,305.8,62.8,24.7,2482.3,30.2,315.8,1742.9,393.3,43.0,80.0,34.8,0
Bihar,2024,8.2,9.8,53.7,90.0,138.1,413.6,482.6,367.0,132.6,157.7,52.3,10.5,1916.1,18.0,281.8,1395.8,220.6,49.8,850.0,24.5,0
Sub-Himalayan West Bengal,2011,5.1,7.4,11.1,85.3,193.8,184.3,720.5,478.4,217.7,143.9,132.4,16.3,2196.2,12.5,290.2,1600.9,292.6,35.5,30.0,31.6,1
Bihar,2010,0.0,9.4,25.8,67.2,129.2,321.4,303.4,791.4,140.3,31.5,101.9,16.6,1938.2,9.4,222.2,1556.5,150.0,52.8,30.0,25.8,1
Sub-Himalayan West Bengal,1988,9.2,2.9,42.7,78.6,109.9,227.7,514.2,474.3,230.4,225.9,77.9,18.9,2012.5,12.1,231.2,1446.5,322.7,47.4,30.0,24.0,1
Konkan & Goa,1980,16.4,20.3,46.5,109.0,246.0,660.6,911.3,642.4,363.4,309.4,155.6,18.0,3498.9,36.7,401.5,2577.7,483.0,12.0,15.0,28.2,1
Tamil Nadu,2016,19.3,16.7,33.7,31.9,256.8,296.8,675.4,584.6,165.1,192.1,86.7,5.6,2364.9,36.1,322.5,1722.0,284.3,33.0,250.0,35.1,1
Odisha,1996,15.6,13.1,44.7,72.8,234.8,287.0,362.6,282.0,386.2,263.2,72.8,27.2,2061.9,28.7,352.3,1317.8,363.2,42.9,30.0,31.4,1
Bihar,2009,10.4,30.2,48.2,34.9,175.5,409.2,778.2,217.2,87.3,213.1,102.4,21.6,2128.4,40.6,258.6,1491.9,337.2,30.2,500.0,26.5,1
Konkan & Goa,1985,20.5,27.4,46.3,114.7,240.7,432.8,561.2,492.5,232.8,275.1,103.8,16.9,2564.8,47.9,401.7,1719.3,395.9,45.1,500.0,23.6,1
East Uttar Pradesh,2016,7.0,20.3,65.6,49.3,170.9,494.4,408.5,406.9,245.9,187.0,53.0,16.0,2125.0,27.3,285.9,1555.8,256.0,57.3,850.0,26.0,0
Kerala,1997,12.6,23.0,21.4,109.3,206.9,543.4,725.3,599.0,305.9,183.4,145.5,29.8,2905.6,35.7,337.6,2173.6,358.7,26.6,250.0,31.3,1
Assam & Meghalaya,1995,8.6,19.6,40.0,63.4,264.1,735.2,813.5,675.0,481.0,239.5,40.9,23.4,3404.2,28.1,367.5,2704.8,303.8,12.0,250.0,33.4,1
Rayalseema,1981,4.6,4.3,21.3,73.9,175.1,593.8,578.1,337.2,207.9,192.7,118.3,14.5,2321.7,8.9,270.3,1716.9,325.5,41.6,500.0,36.1,0
Bihar,2005,4.5,22.3,41.5,61.0,191.2,255.3,539.2,591.0,422.5,147.2,92.2,1.1,2369.3,26.9,293.8,1808.1,240.5,38.3,500.0,30.2,1
Konkan & Goa,2024,14.2,22.3,54.1,112.3,210.7,620.8,946.0,674.1,200.8,220.9,119.9,20.5,3216.5,36.5,377.1,2441.7,361.2,12.0,15.0,33.7,1
Assam & Meghalaya,2009,16.8,29.5,40.7,74.9,274.7,583.8,706.4,629.8,353.6,325.9,116.6,20.4,3173.3,46.4,390.4,2273.7,463.0,28.5,250.0,26.6,1
Assam & Meghalaya,1997,16.3,29.6,53.7,112.3,302.4,683.2,760.2,520.4,552.0,338.2,175.7,34.0,3578.0,45.9,468.4,2515.9,547.9,12.0,15.0,28.0,1
Coastal Karnataka,1997,12.7,29.0,60.8,54.1,282.1,598.3,925.4,683.5,377.5,257.8,24.5,4.0,3309.6,41.7,397.0,2584.7,286.2,12.0,500.0,29.1,1
Kerala,2002,20.7,14.5,48.8,130.0,209.4,581.5,754.4,418.8,380.9,274.9,126.5,21.1,2981.5,35.2,388.2,2135.5,422.5,18.6,30.0,27.1,1
Assam & Meghalaya,1996,19.1,26.1,64.9,75.0,271.1,481.8,800.1,398.9,348.1,291.1,121.0,32.6,2929.8,45.2,411.0,2028.9,444.7,22.1,15.0,23.4,1
Sub-Himalayan West Bengal,2011,12.8,16.3,25.3,52.2,208.8,203.6,173.0,373.8,234.5,174.5,51.5,24.8,1551.0,29.0,286.2,984.9,250.9,69.0,15.0,36.0,0
Coastal Karnataka,2000,3.7,20.3,48.4,66.7,160.0,569.1,751.8,733.3,492.5,297.9,99.6,26.7,3269.9,24.0,275.1,2546.7,424.2,22.3,30.0,28.6,1
Gujarat Region,2012,3.2,18.8,23.4,45.5,181.3,374.6,628.4,350.2,278.2,200.2,9.8,16.6,2130.2,22.0,250.3,1631.3,226.5,55.2,250.0,28.9,1
Tamil Nadu,1991,10.1,13.2,25.8,75.5,160.0,270.5,545.5,551.3,128.2,163.0,66.1,20.2,2029.3,23.3,261.3,1495.4,249.3,35.3,850.0,36.5,0
Coastal Karnataka,2008,17.1,22.7,55.9,97.9,236.8,509.0,897.0,614.4,390.2,235.0,74.5,29.9,3180.4,39.8,390.5,2410.7,339.4,12.0,250.0,32.8,1
East Uttar Pradesh,2001,11.2,0.0,21.0,73.0,247.8,411.0,116.0,441.4,195.1,207.9,122.1,18.6,1865.2,11.2,341.8,1163.5,348.6,70.4,250.0,35.5,0
Assam & Meghalaya,1988,10.5,19.6,42.5,11.0,170.2,397.9,658.2,609.4,446.8,188.4,110.3,14.3,2679.0,30.1,223.7,2112.2,312.9,28.5,500.0,31.4,1
Sub-Himalayan West Bengal,1999,0.0,5.0,32.6,44.4,217.5,384.1,250.6,501.8,370.1,172.9,107.8,0.1,2086.9,5.0,294.5,1506.6,280.8,48.1,250.0,36.8,1
Assam & Meghalaya,1991,9.8,19.2,44.6,146.5,280.6,721.6,813.1,505.3,307.6,136.4,151.1,23.4,3159.3,29.0,471.7,2347.7,310.9,14.7,850.0,29.7,1
Coastal Karnataka,1996,14.5,29.7,39.7,133.7,223.4,616.1,836.1,704.2,410.2,130.2,70.3,33.4,3241.5,44.2,396.8,2566.7,233.9,14.3,850.0,36.0,1
Konkan & Goa,2024,22.5,23.9,34.6,85.3,134.2,677.1,673.3,683.6,376.6,212.7,138.0,41.8,3103.6,46.4,254.2,2410.6,392.5,12.9,15.0,30.3,1
Coastal Karnataka,2014,16.5,28.7,61.7,91.8,221.7,445.3,776.9,538.1,419.8,209.6,140.9,21.9,2972.9,45.1,375.2,2180.1,372.4,15.1,30.0,27.6,1
East Uttar Pradesh,2013,12.2,20.8,22.5,112.4,104.0,443.2,217.2,571.4,237.8,238.7,35.5,15.8,2031.5,33.0,238.9,1469.6,290.0,55.0,15.0,29.4,1
Assam & Meghalaya,2022,16.5,21.8,28.8,97.1,276.8,628.2,971.7,792.6,474.7,161.8,81.3,27.9,3579.2,38.3,402.7,2867.2,271.0,12.0,80.0,28.7,1
Rayalseema,1980,8.1,8.7,26.4,70.3,179.1,288.4,684.4,492.4,244.6,202.2,50.8,3.7,2259.0,16.8,275.7,1709.8,256.7,35.5,500.0,23.6,1
East Uttar Pradesh,1999,11.1,25.8,47.4,86.5,112.1,482.6,589.7,410.4,141.0,146.7,103.4,13.2,2170.1,37.0,246.0,1623.8,263.3,49.0,250.0,34.2,1
Bihar,1986,20.1,22.1,21.7,37.7,80.4,217.4,453.9,361.1,324.2,192.5,51.1,7.3,1789.5,42.2,139.8,1356.6,250.9,46.1,500.0,28.2,0
Gangetic West Bengal,2020,0.3,23.2,14.9,78.9,145.0,201.3,661.7,104.3,285.6,202.9,35.6,22.0,1775.7,23.5,238.8,1252.9,260.4,49.2,500.0,32.4,0
Sub-Himalayan West Bengal,1993,11.4,19.6,30.7,63.1,116.8,274.7,457.5,243.4,321.2,304.0,59.1,23.1,1924.6,31.0,210.6,1296.8,386.2,49.7,80.0,32.6,1
Odisha,1995,9.4,8.0,33.5,27.0,125.4,201.6,552.7,496.5,377.2,228.8,8.2,23.1,2091.5,17.5,185.9,1628.0,260.1,36.7,850.0,34.4,0
Odisha,2013,6.7,18.8,40.0,110.1,175.3,503.8,277.4,475.5,103.8,168.9,63.6,15.1,1958.8,25.5,325.3,1360.5,247.5,51.5,80.0,33.8,1
Tamil Nadu,1984,7.5,10.6,9.2,39.6,247.6,339.9,308.9,171.6,187.8,92.4,64.9,23.0,1503.0,18.1,296.4,1008.2,180.3,68.6,30.0,36.5,1
Rayalseema,1995,15.9,12.0,6.8,73.9,103.2,513.4,729.4,498.7,289.1,57.0,110.5,27.4,2437.5,27.9,183.9,2030.6,195.0,25.4,30.0,35.6,1
Odisha,1981,20.5,9.4,30.8,31.3,253.3,354.1,612.0,656.1,359.8,176.7,40.0,7.8,2551.7,29.9,315.4,1981.9,224.5,26.7,500.0,36.3,1
Gujarat Region,2013,15.5,8.5,19.5,78.7,85.8,134.9,482.2,386.2,237.1,173.1,45.4,2.7,1669.5,24.0,184.0,1240.4,221.1,49.3,80.0,30.1,1
Gangetic West Bengal,1991,9.3,11.7,18.3,82.1,101.7,401.5,505.5,400.9,270.1,91.2,111.0,23.9,2027.2,21.0,202.0,1578.1,226.1,40.6,30.0,34.1,1
Konkan & Goa,2017,21.2,17.7,29.9,86.9,187.8,450.3,986.8,767.2,464.3,281.8,65.2,19.3,3378.6,39.0,304.6,2668.7,366.4,12.0,250.0,28.3,1
Coastal Karnataka,2014,19.7,46.9,53.2,78.8,253.2,636.5,789.0,863.3,379.2,269.1,109.3,30.9,3529.2,66.6,385.3,2668.0,409.4,12.0,15.0,28.3,1
Odisha,2018,5.3,31.4,35.7,23.4,109.3,415.3,522.0,480.7,251.8,152.4,55.3,9.2,2091.7,36.7,168.3,1669.8,216.9,42.6,15.0,32.6,1
Bihar,2006,8.5,22.8,46.3,120.9,146.4,460.8,661.1,509.4,292.0,214.5,18.4,19.5,2520.5,31.3,313.6,1923.2,252.4,34.8,500.0,25.9,1
Assam & Meghalaya,2013,22.4,28.8,40.6,114.9,132.3,474.5,814.6,767.9,334.8,264.8,141.2,11.5,3148.3,51.2,287.8,2391.7,417.6,19.5,15.0,32.4,1
Gangetic West Bengal,2012,10.1,26.9,17.5,72.3,134.6,262.5,639.1,510.7,444.1,168.7,49.0,19.2,2354.8,37.0,224.3,1856.5,236.9,39.2,250.0,24.2,1
Assam & Meghalaya,2012,21.6,17.8,44.5,107.7,190.7,722.4,677.3,633.6,492.5,323.4,104.1,21.1,3356.7,39.4,342.9,2525.7,448.7,12.0,30.0,28.0,1
Gangetic West Bengal,1991,8.3,16.6,23.8,49.7,197.2,318.7,402.1,445.9,399.4,75.3,16.8,24.9,1978.5,24.8,270.7,1566.0,117.0,49.7,80.0,27.1,1
Assam & Meghalaya,1993,9.1,30.7,21.9,106.8,183.8,541.9,790.4,637.6,456.2,292.2,100.1,8.1,3178.7,39.7,312.4,2426.1,400.4,20.1,15.0,36.6,0
Rayalseema,2020,8.5,6.7,44.7,50.2,142.6,527.9,742.0,506.9,294.7,183.0,99.5,18.6,2625.2,15.2,237.5,2071.5,301.0,31.8,15.0,33.5,1
Gangetic West Bengal,1991,7.0,18.5,38.2,55.9,173.8,226.8,530.2,66.7,286.7,264.3,107.9,18.5,1794.4,25.5,267.8,1110.3,390.7,44.2,30.0,35.2,1
Coastal Karnataka,1993,15.7,26.5,73.8,111.9,231.9,778.6,671.5,808.9,392.2,120.2,135.1,15.4,3381.6,42.1,417.6,2651.2,270.7,12.0,250.0,31.8,1
Assam & Meghalaya,1994,20.0,26.5,69.3,146.2,278.4,239.2,584.1,566.4,407.9,210.0,102.7,32.8,2683.6,46.4,493.9,1797.7,345.5,30.8,500.0,31.8,0
East Uttar Pradesh,2005,9.9,22.1,17.7,61.8,178.0,284.1,554.7,516.0,335.5,203.7,88.7,16.2,2288.4,32.0,257.5,1690.3,308.6,33.9,80.0,31.4,1
Sub-Himalayan West Bengal,2009,10.6,16.4,41.0,44.3,223.9,509.6,557.9,262.4,267.6,183.8,41.3,12.7,2171.5,27.0,309.1,1597.5,237.8,41.7,80.0,31.0,1
Sub-Himalayan West Bengal,1998,14.4,28.8,41.3,83.3,132.0,376.2,671.7,588.9,261.2,128.2,123.9,36.6,2486.5,43.3,256.6,1898.0,288.7,31.0,500.0,36.2,1
Gujarat Region,2022,4.5,17.7,52.5,75.2,201.8,200.0,383.6,640.2,330.3,99.9,25.3,10.3,2041.3,22.2,329.6,1554.0,135.6,52.1,850.0,35.6,0
Tamil Nadu,2001,12.3,12.6,28.4,81.7,233.8,470.9,687.9,306.6,241.4,74.7,116.3,25.7,2292.4,24.9,344.0,1706.8,216.7,38.2,80.0,34.1,1
Bihar,2004,9.7,4.1,25.7,64.5,90.4,400.6,449.0,239.7,432.5,267.9,139.1,12.3,2135.3,13.8,180.5,1521.7,419.3,47.5,15.0,33.9,1
Coastal Karnataka,2024,19.2,10.3,44.1,81.1,195.4,589.6,868.6,583.8,498.6,224.7,105.6,14.7,3235.6,29.5,320.6,2540.5,345.0,12.0,250.0,31.3,1
Bihar,2010,17.2,21.5,6.9,60.8,106.1,299.5,457.7,291.3,273.4,114.1,35.9,2.4,1686.7,38.7,173.8,1321.9,152.3,43.0,850.0,24.6,0
Kerala,2010,7.3,28.7,41.9,121.6,256.7,415.5,836.3,548.3,304.7,298.2,131.9,29.0,3020.1,36.0,420.2,2104.8,459.1,17.0,80.0,32.9,1
Assam & Meghalaya,1995,16.3,30.6,42.3,72.8,348.7,609.7,1031.6,847.0,311.5,284.8,129.7,29.1,3754.1,46.9,463.8,2799.8,443.7,12.0,80.0,29.4,1
Assam & Meghalaya,2004,22.1,33.1,53.7,93.3,321.5,568.2,990.2,929.2,337.9,333.2,69.8,13.9,3766.1,55.1,468.5,2825.5,417.0,12.0,850.0,36.7,1
Kerala,2013,21.3,13.3,75.8,89.9,249.6,478.6,692.0,692.1,366.5,244.0,88.0,24.9,3035.9,34.6,415.4,2229.2,356.8,13.4,15.0,24.9,1
Coastal Karnataka,1998,12.5,22.4,29.1,120.8,222.7,617.4,760.8,702.9,214.0,286.1,110.9,5.1,3104.7,34.9,372.6,2295.1,402.1,15.2,250.0,36.5,1
Kerala,2012,13.7,33.2,44.1,93.3,231.4,732.1,747.6,746.1,412.6,240.1,153.3,37.4,3484.8,46.9,368.8,2638.3,430.8,13.2,15.0,23.0,1
Kerala,1994,18.4,20.8,64.9,106.2,176.9,480.7,985.0,706.0,406.3,212.9,76.2,26.1,3280.4,39.3,347.9,2578.0,315.2,12.0,250.0,34.1,1
Gangetic West Bengal,2019,15.5,27.2,21.3,56.4,168.1,231.1,656.7,392.8,332.0,161.4,64.1,15.1,2141.6,42.7,245.7,1612.6,240.6,49.2,30.0,28.4,1
Odisha,2005,0.9,17.1,32.6,19.2,127.9,582.5,861.4,468.7,405.5,175.6,35.9,18.1,2745.3,18.0,179.7,2318.0,229.6,15.2,250.0,36.1,1
Konkan & Goa,2010,16.9,19.5,72.5,120.3,142.2,355.6,913.2,621.1,407.9,148.0,91.9,32.7,2941.9,36.5,335.0,2297.8,272.6,12.0,30.0,24.2,1
Gangetic West Bengal,1995,6.2,16.7,25.4,27.9,129.6,464.6,529.5,380.6,234.2,147.6,4.3,17.3,1983.9,22.9,183.0,1608.9,169.2,49.9,80.0,29.2,1
Assam & Meghalaya,2018,18.9,33.4,67.0,72.1,257.3,499.3,863.7,802.5,377.2,262.8,172.9,33.1,3460.0,52.2,396.3,2542.7,468.7,12.0,850.0,35.5,1
Rayalseema,2004,13.9,18.2,40.6,69.1,172.9,341.6,366.0,472.7,212.1,75.1,24.8,0.4,1807.6,32.1,282.6,1392.4,100.4,53.6,250.0,33.3,1
Gangetic West Bengal,1999,5.0,20.6,0.0,77.9,54.3,334.4,423.9,180.5,236.0,192.2,90.3,26.0,1641.1,25.6,132.1,1174.9,308.4,57.6,250.0,26.2,1
Tamil Nadu,1984,4.0,25.5,51.3,92.6,162.0,209.5,675.4,285.2,265.3,235.4,80.8,16.6,2103.6,29.5,306.0,1435.4,332.7,42.4,850.0,36.6,0
Sub-Himalayan West Bengal,2002,9.0,15.9,0.2,55.1,266.3,426.0,462.2,438.2,311.5,134.6,96.9,24.5,2240.3,24.9,321.6,1637.8,256.1,46.5,250.0,35.0,1
Rayalseema,2014,7.1,25.7,32.3,75.2,147.8,370.6,499.0,394.6,320.5,180.5,94.1,21.0,2168.3,32.8,255.3,1584.7,295.6,35.2,30.0,34.9,1
Gangetic West Bengal,1999,0.3,23.0,11.7,56.7,148.2,389.4,651.5,430.1,54.9,194.8,59.8,14.5,2034.9,23.3,216.6,1525.9,269.1,38.1,850.0,29.6,0
Rayalseema,2004,9.3,23.6,18.1,68.6,121.0,197.8,462.3,420.3,195.6,239.1,79.6,28.1,1863.4,32.9,207.7,1275.9,346.8,55.1,80.0,27.5,1
Rayalseema,1990,10.4,13.0,35.6,0.0,159.6,343.9,514.2,532.4,458.0,273.8,125.7,0.5,2466.9,23.4,195.1,1848.5,400.0,32.6,250.0,23.9,1
Gangetic West Bengal,1990,10.9,14.1,22.2,122.8,138.8,369.6,639.5,354.0,343.6,90.9,98.1,22.2,2226.7,25.1,283.7,1706.6,211.3,34.1,500.0,28.9,1
Rayalseema,1994,10.3,9.4,9.7,109.8,121.6,38.0,676.2,344.6,265.1,216.2,98.1,25.6,1924.6,19.7,241.1,1323.9,339.9,32.4,30.0,36.0,0
Gangetic West Bengal,2023,9.8,23.8,39.8,74.3,137.3,194.7,572.3,365.0,183.6,134.0,115.4,25.2,1875.3,33.6,251.4,1315.6,274.6,49.6,80.0,32.9,1
Gangetic West Bengal,1994,8.0,12.5,1.7,42.3,206.5,437.5,223.0,410.6,258.6,30.4,125.5,25.9,1782.5,20.5,250.5,1329.7,181.8,52.6,15.0,26.9,1
Assam & Meghalaya,2001,10.0,15.8,57.0,105.1,216.9,711.8,1028.0,673.8,405.1,170.7,108.0,15.8,3518.0,25.8,379.0,2818.7,294.5,12.0,500.0,28.4,1
Gujarat Region,2012,19.0,15.6,36.0,74.5,122.5,316.4,719.5,602.1,270.9,135.5,175.5,15.0,2502.3,34.6,232.9,1908.9,325.9,29.8,250.0,32.4,1
Bihar,1980,6.8,26.4,25.3,51.6,100.1,280.0,762.4,335.1,324.9,174.5,37.9,7.2,2132.2,33.2,177.0,1702.5,219.6,33.3,80.0,34.5,1
Kerala,1996,34.1,27.1,41.1,87.8,240.6,472.4,662.6,719.6,484.7,170.6,87.0,33.1,3060.5,61.2,369.4,2339.2,290.7,12.0,250.0,33.0,1
Assam & Meghalaya,1994,5.8,40.9,36.1,168.2,194.4,756.8,702.8,652.8,407.5,208.0,98.8,38.3,3310.3,46.7,398.6,2520.0,345.1,17.5,30.0,32.0,1
Odisha,2022,11.4,5.9,34.3,57.9,84.8,155.1,406.3,521.6,415.0,172.5,75.2,15.5,1955.5,17.3,177.0,1498.1,263.1,45.8,30.0,32.9,1
Gangetic West Bengal,1993,8.9,18.2,26.3,47.3,137.2,153.6,404.1,395.1,124.6,211.2,43.6,8.5,1578.6,27.1,210.9,1077.4,263.3,55.6,250.0,23.2,0
Kerala,2001,9.2,27.1,59.2,116.0,258.7,495.8,1106.9,667.1,433.0,342.9,165.6,37.6,3719.1,36.3,433.9,2702.8,546.1,12.0,500.0,23.8,1
Gujarat Region,1998,13.0,31.3,43.6,60.7,210.7,202.2,377.2,437.0,156.0,226.0,83.6,22.8,1864.1,44.3,315.0,1172.4,332.4,55.2,250.0,25.6,1
Bihar,2007,2.3,13.3,7.7,90.4,162.4,305.5,551.6,446.7,200.9,137.7,57.7,26.9,2003.1,15.6,260.5,1504.7,222.2,34.1,15.0,31.1,1
Sub-Himalayan West Bengal,2004,9.6,18.1,12.0,61.6,216.2,484.3,645.7,443.1,77.5,243.4,103.7,29.2,2344.4,27.7,289.8,1650.6,376.4,40.8,80.0,36.5,1
Konkan & Goa,2006,17.4,29.6,51.6,102.5,328.2,592.5,645.4,488.6,495.3,144.7,109.0,42.2,3047.0,46.9,482.3,2221.8,295.9,24.4,250.0,26.2,1
Sub-Himalayan West Bengal,1988,7.8,15.8,23.8,65.3,105.2,153.0,230.5,407.8,207.4,126.0,94.0,11.7,1448.4,23.6,194.3,998.8,231.7,60.7,30.0,23.9,1
Assam & Meghalaya,1989,13.9,9.0,33.5,70.6,276.3,622.0,598.4,579.8,352.9,104.6,135.2,30.1,2826.2,22.8,380.4,2153.1,269.9,26.3,250.0,29.9,1
Rayalseema,2019,6.9,3.8,20.5,81.5,58.3,86.6,549.2,405.8,231.9,130.3,68.0,0.9,1643.5,10.7,160.3,1273.5,199.2,49.3,850.0,31.2,0
Rayalseema,1985,13.1,17.8,19.8,57.2,165.5,297.7,623.5,361.6,283.6,197.5,125.8,24.7,2187.9,30.9,242.4,1566.4,348.1,42.4,500.0,23.8,1
Kerala,1988,20.3,26.6,29.0,95.0,222.5,609.0,812.8,722.8,509.9,237.5,134.7,0.0,3420.1,46.9,346.5,2654.4,372.2,12.0,80.0,23.6,1
Bihar,2021,20.6,15.4,44.9,45.1,166.1,604.1,184.1,493.8,97.9,150.0,54.4,33.1,1909.6,35.9,256.2,1379.9,237.6,61.3,850.0,33.6,0
Bihar,2022,9.2,2.5,24.6,54.8,129.5,407.5,545.7,554.8,194.6,202.7,36.6,14.7,2177.2,11.7,209.0,1702.6,254.0,36.5,500.0,33.1,1
Bihar,1990,4.2,11.2,3.8,35.4,115.8,396.2,544.1,406.9,356.6,194.7,100.9,6.5,2176.3,15.4,155.1,1703.7,302.1,38.2,15.0,29.1,1
East Uttar Pradesh,1995,24.3,13.6,26.4,36.5,43.8,430.1,787.9,400.4,150.1,177.3,62.9,16.6,2169.9,37.9,106.7,1768.5,256.8,29.8,850.0,23.8,0
Tamil Nadu,2000,14.5,28.2,31.6,36.4,81.0,203.9,269.8,551.2,287.7,157.3,61.4,20.2,1743.2,42.7,149.0,1312.6,238.8,60.9,15.0,26.2,1
East Uttar Pradesh,2015,18.3,12.9,35.0,37.5,181.4,352.8,419.8,501.5,423.1,184.9,27.6,15.9,2210.6,31.2,253.9,1697.2,228.4,42.2,500.0,28.5,1
Tamil Nadu,2018,11.1,20.4,32.0,32.2,99.0,398.8,340.9,431.4,263.9,182.0,157.8,12.9,1982.5,31.5,163.2,1435.1,352.7,54.5,850.0,25.0,0
Rayalseema,2010,13.2,7.7,0.0,36.1,54.8,553.6,425.2,249.8,244.1,85.8,71.4,19.3,1761.1,20.9,91.0,1472.8,176.5,51.9,500.0,30.1,0
Gangetic West Bengal,1985,10.8,4.9,9.8,53.0,149.0,312.9,282.1,329.5,383.5,223.4,30.2,30.2,1819.3,15.7,211.8,1308.0,283.7,53.3,80.0,30.7,1
Gangetic West Bengal,2023,8.8,13.5,38.7,77.2,127.8,360.4,525.0,397.0,272.4,164.6,40.9,26.3,2052.5,22.2,243.6,1554.8,231.9,48.0,30.0,27.3,1
Coastal Karnataka,1980,15.2,26.9,37.3,100.1,265.8,517.1,823.3,702.6,260.8,221.1,119.3,28.9,3118.3,42.1,403.2,2303.8,369.2,19.2,250.0,31.6,1
Gujarat Region,2006,23.8,18.8,21.5,68.2,206.7,569.5,551.2,501.7,148.5,178.4,27.8,22.3,2338.4,42.6,296.3,1770.9,228.5,44.0,80.0,29.5,1
Kerala,1996,19.3,30.8,31.4,104.8,211.8,543.3,968.9,650.7,359.9,319.2,85.4,37.1,3362.5,50.1,348.0,2522.8,441.7,12.0,30.0,34.8,1
Assam & Meghalaya,1987,17.8,23.8,48.9,48.6,243.9,499.6,832.7,560.4,438.1,238.2,127.3,22.7,3102.0,41.5,341.4,2330.9,388.1,15.7,850.0,25.8,1
Sub-Himalayan West Bengal,2009,11.1,16.8,21.7,64.4,257.4,402.8,547.0,421.3,188.2,220.3,74.1,2.7,2227.8,27.8,343.4,1559.3,297.2,44.1,250.0,31.2,1
Sub-Himalayan West Bengal,2019,10.4,5.5,34.5,76.5,122.7,464.5,193.9,595.8,264.8,297.8,72.3,0.0,2138.6,15.9,233.6,1519.0,370.1,54.9,250.0,24.1,1
Coastal Karnataka,1987,25.3,36.2,64.7,94.8,220.6,589.4,527.1,618.6,556.7,224.4,124.2,34.5,3116.6,61.5,380.1,2291.9,383.1,16.3,15.0,28.0,1
Coastal Karnataka,1983,22.6,34.4,17.8,128.2,270.6,546.1,940.1,535.2,496.9,357.7,55.6,26.5,3431.5,57.0,416.6,2518.2,439.8,12.0,850.0,24.2,1
Konkan & Goa,1987,13.6,10.6,33.7,78.3,257.5,622.9,581.5,722.5,425.4,257.5,97.2,39.9,3140.4,24.1,369.4,2352.3,394.5,20.1,30.0,28.9,1
Odisha,1984,16.3,27.5,20.8,102.5,182.2,477.4,301.7,646.5,55.8,288.3,57.3,20.6,2196.8,43.8,305.5,1481.4,366.2,50.7,850.0,34.0,0
Coastal Karnataka,1990,22.7,12.8,25.4,62.0,251.2,490.5,569.9,794.6,473.4,239.0,159.1,32.6,3133.3,35.5,338.6,2328.5,430.7,29.5,500.0,31.3,1
Sub-Himalayan West Bengal,1996,6.4,21.9,29.6,28.8,217.3,471.5,328.0,425.7,195.8,146.0,65.8,22.5,1959.4,28.3,275.7,1421.0,234.3,43.9,80.0,34.4,1
Konkan & Goa,1985,12.7,16.4,65.6,57.6,348.3,574.4,500.4,698.0,482.0,234.9,211.1,27.9,3229.3,29.1,471.4,2254.8,473.9,28.3,15.0,28.7,1
Assam & Meghalaya,1995,20.4,21.3,42.4,81.4,369.8,596.0,1161.5,452.6,391.0,271.7,112.8,22.5,3543.6,41.8,493.6,2601.2,407.0,12.0,850.0,30.0,1
Rayalseema,1991,9.8,19.1,25.8,61.4,278.7,217.2,319.9,631.5,223.4,110.0,89.5,10.8,1997.2,28.9,366.0,1392.0,210.3,57.6,850.0,23.8,0
Odisha,2002,7.9,27.5,21.9,17.8,67.2,437.0,729.2,250.5,306.7,80.3,47.4,8.6,2001.9,35.3,106.9,1723.4,136.2,34.3,250.0,26.2,1
Coastal Karnataka,2023,10.6,23.7,73.0,115.2,242.0,687.3,577.3,597.9,349.4,286.6,123.3,37.8,3123.9,34.2,430.2,2211.8,447.7,18.3,15.0,24.2,1
East Uttar Pradesh,1987,7.9,11.2,21.2,50.2,162.4,379.2,763.4,508.6,281.4,156.6,60.9,10.2,2413.3,19.2,233.8,1932.6,227.7,23.9,850.0,36.6,1
Bihar,2016,8.1,15.5,42.2,10.3,221.7,434.8,383.6,631.1,247.4,74.5,34.4,21.9,2125.6,23.6,274.2,1696.9,130.9,44.1,850.0,33.7,0
Kerala,1990,13.5,36.0,69.4,96.0,296.4,533.4,724.2,924.5,410.1,240.0,86.4,14.7,3444.5,49.4,461.8,2592.1,341.1,12.0,500.0,36.2,1
East Uttar Pradesh,1983,8.7,20.3,0.6,49.0,146.7,278.3,503.8,365.8,333.4,157.6,51.4,16.0,1931.6,28.9,196.2,1481.3,225.1,43.2,250.0,27.5,1
Sub-Himalayan West Bengal,1996,3.6,7.6,6.3,46.5,120.3,396.0,399.6,201.5,267.0,160.1,0.0,24.5,1633.0,11.2,173.2,1264.1,184.6,46.9,850.0,35.3,0
Kerala,1998,0.0,26.3,51.7,99.1,197.1,621.3,666.4,448.5,340.3,234.3,102.1,40.9,2828.0,26.3,347.9,2076.4,377.3,19.4,500.0,36.5,1
Rayalseema,1983,6.0,25.6,16.0,109.8,202.1,396.1,497.7,396.9,241.5,179.4,54.0,9.5,2134.5,31.6,327.9,1532.2,242.8,37.3,500.0,36.2,1
Gujarat Region,1994,4.3,17.8,25.2,29.5,50.2,457.1,449.2,509.5,348.1,143.2,88.1,13.1,2135.2,22.0,104.9,1763.8,244.4,42.5,30.0,28.6,1
Assam & Meghalaya,2014,22.9,32.1,14.7,78.5,306.3,443.5,902.5,736.1,359.5,266.7,111.3,30.5,3304.5,55.0,399.4,2441.6,408.5,12.0,250.0,34.2,1
Odisha,1991,23.3,16.7,47.7,88.7,126.3,208.2,548.9,236.3,173.3,229.1,116.5,22.7,1837.7,40.0,262.7,1166.7,368.3,56.3,500.0,24.2,0
Tamil Nadu,1996,5.4,30.3,40.1,58.5,117.7,446.1,706.9,388.7,79.8,167.0,24.6,5.3,2070.7,35.8,216.4,1621.6,196.9,35.7,30.0,36.5,1
Tamil Nadu,1998,12.8,11.4,58.6,41.9,146.5,390.4,639.2,402.1,214.8,71.9,122.2,15.5,2127.3,24.2,247.0,1646.5,209.5,36.0,30.0,32.1,1
Bihar,1999,11.5,15.3,18.3,22.8,130.5,138.4,483.8,432.9,191.7,236.9,61.8,19.3,1763.1,26.8,171.6,1246.8,318.0,43.6,850.0,24.6,0
Gujarat Region,1993,14.5,16.7,42.2,66.4,224.3,208.2,599.0,581.3,305.5,245.4,88.3,19.5,2411.3,31.3,332.9,1693.9,353.2,37.7,15.0,27.6,1
Kerala,1999,13.7,18.6,33.2,82.2,300.9,600.5,839.0,595.1,373.0,255.8,114.7,24.0,3250.5,32.3,416.2,2407.5,394.5,12.0,30.0,25.4,1
Gangetic West Bengal,2021,10.8,14.3,29.5,63.9,127.9,143.7,379.7,593.2,225.0,221.4,44.2,25.6,1879.1,25.1,221.3,1341.5,291.2,64.8,850.0,36.4,0
Konkan & Goa,1995,28.0,13.9,40.2,77.4,249.7,684.8,882.5,611.7,359.6,224.0,122.6,20.0,3314.4,41.9,367.3,2538.6,366.6,12.0,850.0,27.8,1
Gujarat Region,1991,10.3,17.9,32.8,54.0,248.2,379.8,778.5,353.9,287.9,148.3,39.5,25.1,2376.1,28.3,335.0,1800.0,212.8,28.4,250.0,33.6,1
Bihar,2015,4.4,26.6,21.1,54.7,225.2,199.0,207.6,178.8,407.5,225.5,59.6,0.0,1609.9,31.0,301.0,992.8,285.1,61.3,15.0,31.0,1
Odisha,2023,9.9,0.0,12.9,88.1,109.7,234.4,638.9,436.7,232.4,152.9,73.1,15.3,2004.2,9.9,210.7,1542.3,241.3,46.0,850.0,29.3,0
Rayalseema,1999,10.9,12.8,23.0,77.9,157.7,219.4,610.0,388.6,239.3,86.0,21.3,8.3,1855.1,23.7,258.6,1457.2,115.6,44.0,80.0,28.4,1
Rayalseema,2001,8.1,8.0,50.2,85.1,115.0,485.6,451.6,557.7,151.7,124.2,43.9,14.4,2095.5,16.1,250.3,1646.6,182.5,50.4,250.0,31.4,1
Sub-Himalayan West Bengal,1992,15.0,10.4,29.7,41.4,113.0,208.3,538.3,349.9,82.9,157.0,15.6,28.0,1589.5,25.3,184.1,1179.3,200.6,54.9,80.0,35.1,1
Tamil Nadu,1988,11.0,10.7,45.5,55.2,104.6,248.7,728.9,279.3,300.4,250.4,73.3,14.3,2122.2,21.7,205.3,1557.3,337.9,31.3,80.0,26.2,1
Gujarat Region,2012,3.4,21.9,18.6,53.6,192.5,423.5,445.3,520.2,290.7,249.2,76.3,21.0,2316.1,25.3,264.6,1679.7,346.5,40.7,30.0,30.6,1
Assam & Meghalaya,2006,27.7,21.4,46.2,141.2,229.2,578.5,892.5,654.1,468.3,207.4,187.2,20.5,3474.2,49.1,416.6,2593.4,415.1,12.0,80.0,23.6,1
East Uttar Pradesh,2015,10.6,19.1,24.5,64.1,144.1,274.2,573.1,393.1,204.5,84.9,87.3,18.4,1897.9,29.7,232.7,1444.9,190.6,49.1,250.0,25.5,1
Coastal Karnataka,2002,20.5,25.4,38.6,129.7,252.2,451.2,1129.7,728.9,338.5,209.3,59.0,29.9,3413.0,45.8,420.6,2648.3,298.2,12.0,250.0,31.8,1
Sub-Himalayan West Bengal,2001,13.2,0.0,26.1,65.3,80.1,377.0,411.6,475.6,143.4,139.4,67.5,28.2,1827.5,13.2,171.5,1407.6,235.1,47.1,80.0,33.0,1
Sub-Himalayan West Bengal,2017,13.9,11.3,31.4,72.9,77.8,223.6,528.0,276.7,229.1,177.8,103.0,12.2,1757.7,25.2,182.2,1257.4,292.9,56.6,15.0,29.0,1
Assam & Meghalaya,2003,28.0,25.8,40.2,127.7,237.2,487.0,852.5,696.3,310.6,259.5,75.1,21.9,3161.9,53.8,405.1,2346.5,356.5,18.9,500.0,23.6,1
Gujarat Region,2014,15.1,11.8,44.9,97.5,176.3,315.7,632.5,436.8,274.1,75.1,117.2,29.3,2226.2,26.9,318.7,1659.1,221.6,32.0,250.0,26.2,1
Coastal Karnataka,1994,10.5,31.3,48.5,115.1,265.0,645.3,961.5,763.3,424.9,268.5,114.0,11.8,3659.7,41.9,428.5,2795.1,394.2,12.0,80.0,23.8,1
Gujarat Region,1993,13.3,21.3,54.5,61.7,191.1,483.6,473.6,296.5,236.6,195.0,45.1,34.0,2106.2,34.5,307.2,1490.3,274.1,48.8,500.0,31.9,0
East Uttar Pradesh,2011,14.3,14.9,30.7,30.3,50.0,344.6,654.6,412.2,372.7,262.3,57.9,3.3,2247.9,29.3,111.1,1784.2,323.4,31.0,850.0,34.8,0
Assam & Meghalaya,1987,17.4,34.4,42.2,73.2,222.3,613.8,1011.8,728.4,333.0,267.9,161.9,44.6,3551.0,51.8,337.7,2686.9,474.5,12.0,850.0,35.1,1
Assam & Meghalaya,2002,20.2,34.9,30.4,101.9,189.7,741.3,897.0,652.0,437.7,174.0,89.5,26.3,3395.0,55.1,322.1,2728.0,289.9,12.0,250.0,24.9,1
Konkan & Goa,1989,13.2,23.7,33.0,111.2,266.8,658.8,1059.0,599.1,290.9,269.3,105.4,20.0,3450.5,36.9,411.1,2607.9,394.6,12.0,250.0,27.6,1
Gangetic West Bengal,2009,1.8,2.9,41.1,58.2,203.4,380.6,410.5,175.2,333.3,124.9,41.1,0.7,1773.6,4.6,302.8,1299.6,166.7,59.0,80.0,36.4,1
Kerala,2021,17.1,14.9,58.9,84.7,284.9,537.7,929.7,628.5,413.6,246.4,46.2,26.7,3289.4,32.0,428.5,2509.5,319.4,12.0,850.0,23.6,1
Tamil Nadu,1980,25.3,18.4,11.4,72.0,132.3,268.1,602.4,781.8,92.8,54.8,45.6,2.9,2107.9,43.7,215.7,1745.1,103.3,31.6,850.0,34.4,0
Gangetic West Bengal,2012,21.4,21.3,42.8,90.3,87.0,538.9,569.3,565.0,427.1,110.5,135.2,8.3,2617.2,42.7,220.2,2100.4,254.0,30.9,250.0,27.0,1
Odisha,2002,15.4,9.6,29.1,51.1,240.7,410.2,617.7,485.4,268.9,304.8,60.3,24.7,2517.8,25.0,320.9,1782.1,389.8,33.1,30.0,30.9,1
Bihar,1988,7.0,21.6,25.5,27.0,189.6,308.5,858.8,423.3,404.7,246.8,32.9,12.7,2558.3,28.6,242.1,1995.3,292.4,18.2,80.0,28.5,1
Assam & Meghalaya,2003,14.0,20.4,41.5,84.2,292.6,564.8,724.3,598.7,353.4,271.7,87.1,24.9,3077.6,34.4,418.3,2241.2,383.6,21.2,250.0,29.3,1
Odisha,2007,5.5,10.5,22.0,57.4,120.9,568.0,573.9,421.1,239.0,158.3,107.8,15.8,2300.2,16.0,200.3,1802.0,282.0,30.2,500.0,31.8,1
Rayalseema,2014,10.2,0.0,29.3,45.8,232.1,522.7,702.3,359.3,275.1,232.3,29.6,6.5,2445.2,10.2,307.2,1859.4,268.4,33.8,500.0,26.0,1
Rayalseema,1986,13.0,6.8,18.7,48.6,184.7,578.5,763.0,562.1,280.6,68.0,56.7,4.1,2584.6,19.7,251.9,2184.1,128.8,30.7,850.0,27.9,1
Gujarat Region,1982,14.2,22.1,14.4,55.9,255.3,431.9,557.3,620.6,321.7,183.0,24.8,18.6,2519.8,36.3,325.5,1931.5,226.4,30.2,30.0,23.0,1
Gujarat Region,2024,7.6,25.2,6.1,92.3,97.4,396.7,607.1,229.7,289.4,76.4,68.9,14.1,1911.0,32.7,195.8,1523.0,159.4,38.0,80.0,27.3,1
Tamil Nadu,1986,10.2,9.9,25.0,101.7,196.0,270.3,393.4,463.6,308.9,127.3,69.1,29.8,2005.2,20.0,322.8,1436.2,226.2,45.3,850.0,26.3,0
Bihar,2016,8.5,8.9,43.1,76.2,163.2,610.0,688.7,460.5,278.1,69.5,35.2,22.7,2464.6,17.4,282.4,2037.4,127.4,23.5,80.0,23.9,1
Sub-Himalayan West Bengal,1998,9.6,17.7,42.0,55.9,215.4,329.8,510.7,411.8,211.6,111.9,104.2,25.3,2045.9,27.3,313.3,1463.9,241.4,44.3,15.0,23.6,1
East Uttar Pradesh,1992,13.3,8.4,21.2,82.7,180.5,524.4,508.5,468.9,343.3,0.0,75.2,17.8,2244.2,21.8,284.4,1845.1,93.0,38.8,15.0,24.8,1
Sub-Himalayan West Bengal,2003,11.8,18.3,38.3,84.8,150.6,336.8,609.9,502.0,213.1,167.6,89.5,15.7,2238.4,30.1,273.7,1661.8,272.8,32.0,15.0,30.8,1
Coastal Karnataka,2012,8.0,37.1,48.8,130.5,190.4,637.3,674.0,763.7,529.4,211.8,163.1,31.6,3425.7,45.1,369.6,2604.4,406.6,12.0,80.0,25.2,1
Gujarat Region,1994,14.7,13.6,38.6,30.4,224.8,536.9,535.4,352.7,116.5,177.3,98.8,14.5,2154.3,28.3,293.8,1541.5,290.6,48.7,30.0,25.3,1
Coastal Karnataka,1984,14.8,29.8,29.8,102.6,171.7,513.1,752.9,668.5,463.9,290.6,101.6,20.5,3159.7,44.6,304.1,2398.4,412.7,16.0,250.0,32.8,1
Gujarat Region,2014,11.5,9.7,39.3,39.6,257.8,387.7,508.8,444.5,81.9,142.8,113.5,14.8,2051.9,21.2,336.7,1422.9,271.0,39.0,15.0,34.8,0
Assam & Meghalaya,1989,16.6,25.6,36.9,67.1,186.4,532.8,745.1,781.4,411.2,207.9,101.4,27.8,3140.2,42.2,290.4,2470.5,337.1,12.0,15.0,31.2,1
Assam & Meghalaya,2000,17.3,19.0,9.7,81.0,288.6,545.9,678.9,641.3,321.3,235.7,65.6,20.4,2924.8,36.3,379.3,2187.4,321.7,27.2,500.0,31.3,1
Bihar,1984,23.7,5.0,28.5,54.4,161.6,331.9,621.8,450.4,218.1,190.6,61.2,17.4,2164.5,28.7,244.5,1622.1,269.2,52.6,30.0,27.3,1
Bihar,2023,22.3,10.4,32.3,39.8,23.4,441.1,674.7,506.7,189.8,246.9,54.2,33.5,2274.9,32.7,95.4,1812.3,334.5,38.9,500.0,24.8,1
Konkan & Goa,2013,7.8,23.0,52.1,88.0,261.7,689.3,592.8,566.5,356.6,162.7,132.5,30.4,2963.5,30.9,401.8,2205.2,325.5,13.9,15.0,26.0,1
Coastal Karnataka,1986,14.6,26.5,53.0,103.2,175.4,539.3,920.4,601.7,289.7,287.4,75.4,17.6,3104.3,41.1,331.6,2351.1,380.4,12.0,250.0,29.7,1
Gujarat Region,1984,0.0,25.2,50.9,67.1,244.5,113.7,610.3,431.4,172.5,160.1,64.4,17.0,1957.1,25.2,362.4,1327.9,241.4,41.8,80.0,23.2,1
Bihar,1985,9.9,21.2,78.4,19.2,132.2,90.3,692.0,508.1,309.6,74.7,49.7,12.6,1998.0,31.0,229.8,1600.1,137.0,41.0,30.0,23.5,1
Gujarat Region,2008,21.2,23.1,49.8,71.2,168.2,148.0,541.7,456.3,225.1,122.9,76.3,17.3,1921.2,44.2,289.3,1371.1,216.5,56.1,850.0,26.2,0
Kerala,1996,19.9,19.4,86.6,130.1,280.0,380.2,681.1,749.9,377.6,251.0,115.3,23.4,3114.5,39.3,496.7,2188.8,389.6,21.3,15.0,27.9,1
Kerala,1995,11.5,25.4,48.8,107.0,181.0,753.3,765.8,642.4,321.3,294.1,84.3,30.9,3265.7,36.9,336.8,2482.7,409.3,12.0,250.0,30.8,1
East Uttar Pradesh,2007,13.6,21.9,39.0,6.1,173.3,239.4,601.9,319.7,350.1,161.1,90.8,25.3,2042.1,35.4,218.4,1511.1,277.1,36.2,15.0,26.6,1
Gangetic West Bengal,2001,14.1,13.1,20.6,61.5,150.0,478.9,474.8,308.0,167.6,213.7,46.5,35.4,1984.3,27.2,232.2,1429.5,295.5,55.6,500.0,26.3,0
Bihar,1996,10.8,12.2,38.3,29.0,197.1,275.2,605.2,521.7,289.2,159.2,92.4,17.9,2248.4,23.1,264.5,1691.4,269.5,47.0,15.0,32.9,1
Gangetic West Bengal,2013,14.1,18.2,7.0,68.8,172.7,368.2,499.6,359.7,206.7,183.9,20.0,30.3,1949.1,32.4,248.4,1434.1,234.2,47.3,850.0,25.7,0
Kerala,2007,12.1,26.9,35.6,136.3,250.2,486.0,731.0,664.5,369.7,209.7,72.6,35.1,3029.8,38.9,422.1,2251.3,317.5,16.9,80.0,25.6,1
Coastal Karnataka,2011,20.0,27.9,57.1,141.5,265.9,668.7,816.1,401.2,376.3,306.0,118.4,20.2,3219.3,47.8,464.6,2262.3,444.5,13.4,80.0,31.9,1
Odisha,2022,14.0,14.5,9.8,60.8,169.2,443.2,616.5,246.4,366.5,116.1,45.1,0.0,2102.2,28.5,239.9,1672.6,161.2,27.8,500.0,36.7,1
Tamil Nadu,1990,12.2,17.7,50.2,35.9,169.7,335.7,285.8,309.7,357.5,204.6,75.5,19.4,1873.8,29.9,255.7,1288.8,299.5,58.0,850.0,23.6,0
Odisha,1987,0.0,21.8,34.8,79.2,162.0,179.4,626.7,412.2,196.3,167.2,97.1,22.3,1999.2,21.8,276.1,1414.6,286.6,40.2,15.0,36.8,1
Assam & Meghalaya,2019,16.5,23.2,36.3,90.1,241.5,715.1,427.9,714.1,505.5,295.7,130.7,32.3,3229.0,39.7,367.9,2362.6,458.7,16.6,500.0,25.5,1
Konkan & Goa,2002,5.8,14.4,27.5,61.3,187.4,483.5,976.1,706.9,413.4,156.4,131.7,16.8,3181.2,20.1,276.2,2579.9,304.9,12.0,80.0,30.5,1
Sub-Himalayan West Bengal,1998,5.5,11.9,30.0,39.0,143.5,409.5,562.0,495.4,250.0,161.6,82.2,7.1,2197.7,17.4,212.5,1716.9,250.9,39.0,250.0,33.5,1
Bihar,2009,5.6,9.4,20.2,46.7,185.0,298.6,154.5,323.7,373.1,78.4,96.3,25.8,1617.3,15.0,251.8,1149.9,200.5,67.3,30.0,24.0,1
East Uttar Pradesh,2019,4.0,12.3,13.8,10.4,189.7,297.8,459.7,648.9,208.6,206.1,79.1,20.1,2150.5,16.3,213.9,1615.0,305.3,40.5,80.0,26.8,1
Tamil Nadu,1994,2.6,11.6,19.9,57.5,155.8,440.3,589.2,441.7,213.2,153.1,74.9,7.9,2167.7,14.2,233.1,1684.4,235.9,43.3,15.0,33.8,1
Tamil Nadu,1992,15.1,21.9,26.7,33.3,187.1,218.7,519.9,451.8,317.6,0.0,95.3,17.8,1905.4,37.1,247.2,1508.0,113.2,50.4,850.0,30.0,0
Kerala,2022,12.9,32.6,59.4,90.5,187.6,502.1,720.7,880.0,508.9,274.1,75.9,26.8,3371.5,45.5,337.5,2611.8,376.8,14.7,30.0,24.5,1
Gangetic West Bengal,1995,14.4,18.8,52.7,49.7,153.7,440.7,245.6,509.5,213.3,246.1,78.7,37.4,2060.8,33.2,256.2,1409.1,362.3,44.9,850.0,32.1,0
Kerala,2023,10.8,19.9,56.2,87.8,283.0,651.9,1055.9,490.5,519.6,265.8,105.9,29.1,3576.5,30.7,427.0,2717.9,400.8,12.0,30.0,23.1,1
Bihar,2000,5.1,12.2,38.6,70.6,121.2,285.8,436.5,537.2,112.2,147.0,112.9,19.8,1899.2,17.4,230.4,1371.7,279.7,56.1,80.0,31.0,1
Konkan & Goa,2016,14.8,30.8,37.7,93.5,227.8,658.1,1149.8,820.3,347.2,207.3,80.1,22.2,3689.6,45.6,359.0,2975.5,309.5,12.0,80.0,34.3,1
Sub-Himalayan West Bengal,1984,7.5,22.4,21.9,52.0,122.3,374.7,287.4,382.4,226.6,136.4,64.3,4.7,1702.6,29.9,196.2,1271.1,205.5,54.1,500.0,33.9,1
Tamil Nadu,2004,11.6,23.6,50.3,96.2,236.6,393.7,303.5,465.6,185.8,57.7,28.3,5.8,1858.7,35.2,383.0,1348.6,91.8,53.5,80.0,28.3,1
Rayalseema,2009,11.2,16.2,0.8,46.2,172.8,388.0,477.3,499.1,158.3,87.3,111.6,27.5,1996.2,27.4,219.8,1522.7,226.4,46.6,15.0,23.8,1
Coastal Karnataka,1986,15.5,38.9,68.0,62.3,255.8,517.0,777.5,533.2,338.2,314.7,110.7,23.4,3054.9,54.4,386.0,2165.8,448.7,20.7,250.0,33.3,1
Tamil Nadu,1997,5.3,10.2,28.3,79.8,199.7,364.1,643.4,618.6,249.0,221.6,72.0,21.1,2512.9,15.5,307.8,1875.0,314.6,24.9,15.0,25.5,1
Gangetic West Bengal,2009,22.1,24.2,42.5,19.0,145.8,382.8,580.6,272.4,189.8,166.6,107.2,23.1,1976.2,46.3,207.3,1425.6,296.9,43.6,30.0,25.1,1
Kerala,1999,21.7,29.3,33.2,99.0,310.4,540.9,836.3,636.9,347.3,224.1,40.7,39.9,3159.6,51.0,442.6,2361.4,304.7,16.3,15.0,33.7,1
East Uttar Pradesh,2007,5.2,9.6,23.6,64.2,3.9,392.7,695.5,93.3,102.8,117.6,72.0,4.7,1585.2,14.8,91.7,1284.3,194.3,38.4,80.0,29.0,1
Odisha,2013,21.0,25.5,45.1,81.3,172.7,346.7,827.4,462.8,190.2,140.3,93.1,15.1,2421.3,46.5,299.1,1827.2,248.5,23.3,850.0,29.2,1
East Uttar Pradesh,2022,19.5,12.0,2.8,72.0,159.2,364.0,380.7,577.1,403.6,282.1,83.6,38.3,2394.8,31.5,234.0,1725.4,404.0,45.4,30.0,23.4,1
Sub-Himalayan West Bengal,1986,16.4,4.5,0.3,66.8,143.3,235.5,325.9,362.1,322.5,307.1,65.5,14.9,1864.6,20.9,210.3,1245.9,387.5,53.9,500.0,31.7,0
Kerala,1985,30.1,30.5,55.8,158.1,218.8,429.7,869.1,724.1,424.0,213.3,108.5,43.9,3306.1,60.7,432.7,2447.0,365.7,21.1,30.0,33.9,1
Tamil Nadu,2013,10.6,23.0,14.5,35.2,108.8,167.2,499.0,401.1,96.8,186.9,51.1,22.0,1616.3,33.6,158.5,1164.1,260.1,47.5,30.0,29.1,1
Coastal Karnataka,2017,17.6,16.2,40.8,69.7,309.3,622.8,693.5,652.8,644.6,171.6,118.8,33.9,3391.6,33.8,419.8,2613.7,324.3,12.6,30.0,24.7,1
Bihar,2007,6.0,27.3,33.3,25.6,176.2,364.8,330.4,528.7,307.7,130.9,55.8,12.6,1999.2,33.3,235.0,1531.6,199.3,63.0,15.0,27.8,0
Odisha,2008,18.0,3.0,38.9,53.9,159.7,573.3,723.1,697.0,307.5,95.5,116.9,14.0,2800.8,21.0,252.5,2300.8,226.4,15.8,15.0,26.0,1
Rayalseema,2004,6.5,9.7,22.2,87.6,150.4,247.5,218.1,344.6,269.6,141.6,16.0,0.0,1513.9,16.2,260.2,1079.8,157.6,69.1,15.0,36.6,1
Gujarat Region,2017,9.5,22.9,55.9,63.8,233.4,339.6,554.2,293.6,260.7,133.0,31.7,22.5,2020.9,32.4,353.1,1448.1,187.3,49.0,500.0,27.0,0
Tamil Nadu,2005,10.8,11.7,29.9,71.8,194.2,258.9,604.5,412.6,313.2,139.0,77.6,3.9,2128.3,22.6,296.0,1589.1,220.6,37.3,15.0,26.5,1
Coastal Karnataka,2024,23.6,24.8,92.3,129.8,228.1,555.1,944.8,643.5,601.2,241.6,122.8,22.9,3630.5,48.5,450.1,2744.6,387.3,12.0,250.0,35.7,1
Bihar,2003,1.6,20.8,25.2,67.6,223.3,402.4,542.7,620.6,273.6,55.8,57.9,24.0,2315.6,22.5,316.2,1839.2,137.7,31.2,30.0,29.9,1
Tamil Nadu,2007,4.6,6.3,49.5,67.0,217.1,256.8,395.5,503.1,345.8,132.0,98.6,2.4,2078.7,10.9,333.6,1501.2,233.0,50.7,15.0,26.1,1
Tamil Nadu,2017,0.0,10.7,12.0,60.1,178.9,444.1,729.7,506.1,222.3,183.7,17.2,21.7,2386.5,10.7,251.0,1902.2,222.6,36.3,15.0,34.9,1
Gangetic West Bengal,2004,5.2,19.1,21.0,63.2,184.6,264.0,242.8,357.3,112.2,136.3,0.0,10.6,1416.3,24.3,268.9,976.3,146.8,71.0,850.0,33.2,1
Konkan & Goa,2017,16.1,34.1,60.8,127.2,323.3,355.5,989.7,765.7,370.1,195.3,91.4,32.3,3361.4,50.2,511.3,2481.0,319.0,12.0,850.0,23.3,1
Konkan & Goa,1992,11.6,26.4,63.3,100.3,160.7,434.2,954.3,488.0,439.6,175.8,152.0,37.6,3043.7,38.0,324.3,2316.0,365.4,12.0,250.0,31.3,1
Odisha,2007,9.3,11.2,32.7,33.2,159.6,84.2,350.6,56.8,270.9,329.2,90.4,21.3,1449.5,20.5,225.5,762.6,440.9,66.9,80.0,23.6,0
Kerala,2014,24.9,21.7,21.9,119.8,202.4,667.3,1040.9,652.6,413.1,307.6,119.6,29.4,3621.2,46.6,344.1,2773.9,456.6,12.0,850.0,32.6,1
Bihar,1982,7.1,0.0,23.6,47.6,109.7,599.3,272.3,623.4,199.2,131.7,117.9,0.0,2131.9,7.1,181.0,1694.3,249.6,56.0,15.0,23.0,1
Bihar,2022,9.4,15.9,20.8,50.8,168.6,164.5,379.2,406.0,263.3,120.6,76.6,16.9,1692.5,25.3,240.2,1212.9,214.2,60.5,80.0,26.7,1
Kerala,2007,24.9,14.4,46.6,69.7,337.7,816.3,1036.2,515.6,449.1,279.5,121.2,19.3,3730.4,39.2,454.0,2817.2,420.0,12.0,250.0,26.2,1
Coastal Karnataka,2008,2.2,22.8,71.5,67.0,247.9,472.0,773.3,793.6,282.8,286.6,94.7,22.6,3136.9,25.0,386.4,2321.7,403.8,14.9,15.0,36.4,1
Odisha,2006,17.3,21.9,45.2,72.5,134.3,545.3,746.1,661.7,223.6,169.2,33.9,7.5,2678.7,39.3,252.0,2176.7,210.7,26.6,500.0,31.2,1
Konkan & Goa,2013,12.2,26.1,47.9,123.8,262.3,559.6,778.0,891.7,248.6,328.5,144.1,11.2,3433.9,38.2,434.0,2478.0,483.8,12.0,850.0,34.7,1
Coastal Karnataka,1981,15.3,21.6,74.0,115.1,178.0,737.9,1106.4,684.7,481.4,255.7,92.1,20.7,3783.0,36.9,367.2,3010.4,368.5,12.0,80.0,25.0,1
Tamil Nadu,1996,7.7,7.6,11.7,33.6,73.0,298.5,595.8,373.6,244.7,108.1,59.9,17.6,1831.8,15.3,118.3,1512.6,185.6,44.3,80.0,37.0,1
Bihar,1993,13.1,19.0,37.3,22.4,188.1,130.3,201.1,348.9,260.9,181.0,111.3,5.8,1519.3,32.1,247.8,941.3,298.1,68.2,15.0,25.0,0
Assam & Meghalaya,2017,16.0,36.7,44.5,86.3,238.6,571.4,613.5,602.9,485.4,232.9,61.4,17.5,3007.1,52.7,369.3,2273.3,311.8,23.8,15.0,31.5,1
Kerala,2023,15.7,26.0,36.6,97.1,230.1,553.1,832.4,782.3,475.5,54.0,107.4,28.3,3238.4,41.7,363.8,2643.2,189.7,12.0,500.0,26.6,1
Rayalseema,1990,20.2,4.0,14.0,25.6,151.4,233.8,809.6,338.0,183.8,246.2,58.2,33.3,2118.2,24.2,191.0,1565.2,337.7,32.6,15.0,33.5,1
Gangetic West Bengal,1990,2.9,12.7,24.1,106.3,131.4,189.5,392.6,513.5,234.9,199.1,57.0,16.8,1880.7,15.6,261.8,1330.5,272.9,52.9,30.0,34.2,1
Konkan & Goa,1997,12.8,9.8,52.6,105.0,232.8,555.1,826.1,734.9,309.8,142.1,121.7,30.9,3133.6,22.7,390.3,2425.8,294.7,20.2,30.0,30.3,1
Bihar,2007,12.9,10.4,37.0,46.9,96.7,281.3,669.1,379.1,322.4,171.2,68.7,7.0,2102.8,23.3,180.6,1651.9,247.0,40.7,30.0,28.2,1
Kerala,2019,18.1,20.3,59.1,110.5,224.8,758.8,719.1,750.3,444.9,201.4,155.0,31.3,3493.6,38.4,394.4,2673.0,387.8,12.0,250.0,27.1,0
Rayalseema,2024,15.6,14.9,23.8,50.1,156.4,456.3,719.3,626.3,167.0,139.0,35.0,11.0,2414.6,30.5,230.3,1968.9,184.9,31.7,80.0,32.4,1
Sub-Himalayan West Bengal,2022,20.3,18.0,33.2,70.2,156.6,307.5,614.7,536.8,252.4,226.3,95.5,24.5,2356.0,38.3,260.0,1711.5,346.2,40.7,80.0,23.1,1
Rayalseema,1983,18.8,13.0,44.7,45.1,163.4,352.1,475.2,275.8,239.0,187.9,46.8,3.2,1865.0,31.9,253.2,1342.1,237.8,54.9,30.0,31.2,1
Tamil Nadu,1998,11.1,21.6,38.3,80.1,123.6,217.7,551.2,384.1,281.2,182.6,97.8,6.3,1995.5,32.7,242.0,1434.2,286.6,42.7,250.0,31.5,1
Coastal Karnataka,2005,9.8,20.5,29.9,107.0,214.6,932.7,959.3,515.7,361.5,323.8,113.4,37.0,3625.3,30.3,351.5,2769.2,474.3,12.0,15.0,34.3,0
Rayalseema,2017,1.2,16.5,22.4,118.4,99.9,262.8,641.8,628.4,374.7,80.8,32.4,17.4,2296.7,17.7,240.7,1907.6,130.6,32.1,500.0,34.2,1
Gujarat Region,1983,8.0,9.3,28.3,26.9,199.0,470.7,500.5,308.9,98.2,194.9,17.1,30.7,1892.6,17.4,254.3,1378.3,242.7,43.1,80.0,23.0,1
Kerala,2002,15.7,27.3,53.1,67.1,196.9,822.3,792.1,450.1,537.4,339.4,85.4,25.2,3412.0,43.0,317.1,2601.8,450.1,12.0,15.0,29.3,1
Assam & Meghalaya,2003,15.7,23.8,61.0,88.5,210.4,505.2,693.4,742.0,523.0,287.9,173.4,25.6,3350.1,39.5,359.9,2463.7,487.0,17.1,15.0,34.9,1
Kerala,2005,24.2,16.0,48.1,172.1,199.5,783.7,820.3,517.3,328.7,245.2,94.5,29.2,3278.7,40.2,419.7,2450.0,368.8,12.0,500.0,24.2,1
Konkan & Goa,1984,17.7,30.6,70.1,105.3,254.4,566.8,740.0,717.8,385.0,260.3,51.1,38.7,3237.8,48.3,429.8,2409.5,350.1,12.0,850.0,26.4,1
Rayalseema,2022,8.3,24.6,50.7,73.2,149.4,404.5,732.8,380.4,374.0,106.9,22.5,36.2,2363.4,32.9,273.3,1891.6,165.6,35.6,15.0,36.7,1
East Uttar Pradesh,2008,0.8,13.3,15.0,77.5,187.9,10.0,524.9,398.7,182.6,214.1,46.5,19.7,1691.1,14.1,280.5,1116.2,280.3,52.4,850.0,35.4,0
Odisha,1992,10.0,15.2,30.5,75.3,148.4,252.5,695.3,294.3,389.9,48.0,112.1,14.0,2085.5,25.2,254.1,1632.0,174.2,43.2,500.0,31.2,1
Gujarat Region,2000,5.1,15.3,33.2,83.6,195.3,432.4,454.3,522.6,282.9,145.2,68.0,8.2,2246.2,20.4,312.1,1692.3,221.4,40.1,250.0,27.3,1
Assam & Meghalaya,1996,9.8,32.0,37.9,113.2,261.2,649.6,677.3,933.9,370.7,258.5,135.1,28.8,3507.9,41.9,412.3,2631.5,422.3,12.0,250.0,26.9,1
Bihar,2012,5.3,17.8,12.6,75.6,164.7,498.8,388.0,407.0,189.0,95.9,94.2,18.5,1967.4,23.1,252.9,1482.8,208.6,47.4,80.0,24.1,1
Bihar,2014,0.0,21.5,33.5,68.6,156.6,617.6,521.3,570.2,244.6,92.9,53.0,18.3,2398.2,21.5,258.8,1953.7,164.2,25.8,15.0,29.9,1
Tamil Nadu,2006,12.1,11.0,25.4,29.1,136.4,389.6,342.6,319.2,169.4,214.6,91.9,25.2,1766.5,23.1,190.9,1220.9,331.6,52.5,30.0,29.4,1
Kerala,1996,5.3,27.8,51.0,113.1,288.3,309.1,956.6,655.7,378.0,303.6,141.2,27.0,3256.7,33.1,452.4,2299.4,471.8,14.8,30.0,24.7,1
East Uttar Pradesh,1980,9.8,5.4,48.6,14.0,97.9,365.4,530.5,264.7,337.5,170.0,10.8,21.9,1876.6,15.2,160.5,1498.2,202.7,45.2,850.0,29.6,0
Gangetic West Bengal,1993,21.8,22.1,0.0,101.1,129.9,259.8,426.0,385.0,38.6,145.0,125.3,12.8,1667.4,44.0,231.0,1109.4,283.1,48.6,250.0,29.1,1
Gujarat Region,2016,11.9,31.7,24.7,87.3,57.5,133.4,555.7,432.6,324.1,134.6,74.1,22.0,1889.7,43.7,169.5,1445.8,230.8,41.3,850.0,29.9,0
Gujarat Region,2024,6.0,23.3,26.5,65.2,176.3,339.0,425.9,257.7,263.2,213.8,23.4,9.1,1829.5,29.3,268.0,1285.9,246.3,57.6,30.0,26.4,1
Coastal Karnataka,2020,20.0,20.8,28.1,107.2,311.1,324.6,952.2,538.4,353.6,248.4,93.5,36.4,3034.3,40.8,446.4,2168.9,378.3,12.0,15.0,30.7,1
Bihar,1996,14.9,8.3,15.7,77.9,185.3,302.0,582.0,508.6,302.6,208.9,44.0,20.8,2271.0,23.3,278.9,1695.2,273.6,37.5,15.0,32.2,1
East Uttar Pradesh,1991,13.5,13.3,26.4,96.9,189.4,537.5,540.5,551.6,312.2,122.0,74.0,26.5,2503.9,26.9,312.7,1941.8,222.5,33.4,15.0,30.3,1
Kerala,1984,17.7,0.2,50.2,81.3,219.5,573.1,1013.2,641.2,428.7,184.5,94.2,42.6,3346.4,17.9,351.0,2656.2,321.4,12.0,250.0,24.2,1
Bihar,1982,16.5,28.2,54.5,85.1,96.0,280.9,668.7,355.4,181.1,90.2,123.2,21.1,2001.0,44.7,235.6,1486.1,234.5,38.4,500.0,23.8,1
East Uttar Pradesh,2018,6.0,6.3,23.0,41.0,142.4,259.7,566.3,217.1,254.0,246.8,91.6,14.1,1868.5,12.3,206.5,1297.2,352.5,39.9,250.0,27.4,1
Konkan & Goa,2005,14.9,27.6,24.9,79.3,205.6,679.9,984.0,741.3,456.4,290.6,126.5,12.0,3643.0,42.6,309.8,2861.5,429.1,12.0,15.0,30.5,1
Sub-Himalayan West Bengal,1999,7.5,11.1,38.4,17.5,228.0,300.2,655.0,383.6,181.6,225.2,28.5,7.7,2084.2,18.5,283.9,1520.4,261.4,36.2,500.0,25.8,1
Konkan & Goa,2019,16.2,44.1,39.3,66.7,322.8,761.8,759.9,613.5,392.4,259.4,102.8,22.8,3401.9,60.3,428.9,2527.6,385.1,12.7,30.0,35.4,1
Kerala,1985,15.8,15.3,60.5,77.8,240.7,672.6,734.8,401.0,422.8,256.4,69.4,14.4,2981.4,31.1,379.0,2231.1,340.2,18.7,30.0,23.8,1
Gangetic West Bengal,2007,5.6,19.7,13.9,64.2,136.5,303.4,566.8,249.6,217.0,175.7,45.2,14.2,1811.8,25.3,214.6,1336.7,235.2,52.7,30.0,29.4,1
Kerala,1994,22.1,36.2,25.8,131.8,267.2,683.6,646.1,643.4,411.1,247.9,62.4,17.4,3194.8,58.3,424.8,2384.1,327.7,19.3,15.0,34.2,1
Gangetic West Bengal,1989,19.0,19.1,38.2,11.3,154.2,464.4,349.8,614.5,159.6,140.0,96.9,11.3,2078.2,38.1,203.7,1588.2,248.2,43.9,80.0,31.5,1
Bihar,1981,3.4,16.6,30.9,57.9,103.8,391.0,426.8,498.0,348.3,193.1,43.1,17.9,2130.8,20.0,192.6,1664.2,254.1,50.4,80.0,36.4,1
Gujarat Region,2021,9.6,21.8,28.3,81.1,154.5,462.8,580.0,282.2,295.9,189.3,104.1,22.0,2231.7,31.4,263.9,1620.9,315.4,46.1,30.0,28.2,1
Assam & Meghalaya,1981,28.9,18.3,14.3,76.7,246.7,559.0,567.4,808.5,286.3,243.6,108.1,34.4,2992.2,47.2,337.8,2221.2,386.1,24.2,250.0,29.1,1
Sub-Himalayan West Bengal,2024,5.0,21.8,25.6,75.8,72.2,447.6,623.1,561.1,107.5,202.6,70.5,9.5,2222.2,26.8,173.6,1739.3,282.6,28.5,250.0,26.4,1
Konkan & Goa,2008,16.2,17.0,78.7,81.9,212.4,635.4,829.8,727.5,355.7,298.6,150.5,23.1,3426.8,33.2,373.0,2548.4,472.2,12.0,850.0,29.6,1
Gangetic West Bengal,2011,3.2,16.0,24.2,48.1,106.6,270.6,504.5,379.8,355.6,71.2,131.9,28.5,1940.2,19.2,178.9,1510.5,231.6,41.2,30.0,28.1,1
Assam & Meghalaya,2022,20.9,27.1,52.6,86.8,225.5,701.9,773.7,571.5,448.3,370.1,67.6,35.4,3381.4,48.1,364.9,2495.3,473.1,12.8,30.0,34.7,1
Gujarat Region,1985,8.0,17.6,27.3,62.1,198.6,249.7,471.7,324.5,225.5,155.0,69.8,7.4,1817.2,25.6,288.1,1271.4,232.2,64.3,80.0,27.8,1
Rayalseema,2009,15.2,13.2,40.2,43.0,65.5,337.6,529.4,264.6,366.7,137.1,41.8,23.0,1877.1,28.4,148.6,1498.2,201.8,49.2,80.0,24.9,1
Konkan & Goa,2007,18.9,37.3,52.7,124.6,229.4,415.6,643.1,719.2,469.9,155.1,116.1,30.5,3012.5,56.3,406.7,2247.8,301.7,14.9,850.0,28.5,1
Bihar,2022,11.0,35.3,10.2,105.8,81.5,461.5,361.0,366.4,202.4,79.6,40.8,30.1,1785.6,46.3,197.5,1391.3,150.4,59.1,15.0,31.0,1
Coastal Karnataka,2019,10.9,24.2,50.0,134.9,231.6,567.4,969.3,687.8,368.2,255.4,131.6,38.4,3469.6,35.1,416.4,2592.6,425.4,12.0,850.0,36.8,1
Gangetic West Bengal,1981,15.7,14.4,18.2,56.2,184.7,307.8,538.0,421.2,300.0,198.0,92.0,8.5,2154.7,30.2,259.1,1567.0,298.5,45.1,30.0,30.1,1
Rayalseema,2018,10.8,2.5,43.1,73.6,155.0,350.0,727.9,273.0,245.2,76.4,35.8,12.6,2005.9,13.2,271.8,1596.1,124.7,32.3,250.0,25.2,1
Rayalseema,2021,8.8,33.5,32.1,36.0,120.6,557.3,656.9,474.4,263.5,138.6,105.0,16.5,2443.3,42.3,188.6,1952.2,260.2,35.1,30.0,23.8,1
East Uttar Pradesh,1984,13.8,19.6,35.5,77.2,195.0,445.7,808.5,494.0,366.2,236.8,68.3,10.6,2771.1,33.4,307.7,2114.4,315.7,12.2,500.0,32.3,1
Gujarat Region,1996,17.5,6.4,27.7,68.4,213.5,91.0,396.5,274.5,141.8,121.3,70.4,12.2,1441.3,24.0,309.6,903.7,204.0,55.9,500.0,25.4,1
East Uttar Pradesh,2017,5.7,0.0,6.5,10.1,82.4,153.7,490.3,636.3,408.2,228.8,59.8,0.0,2081.7,5.7,99.0,1688.5,288.6,42.1,500.0,30.0,1
Kerala,2022,18.0,37.2,55.4,78.1,283.4,708.1,774.4,789.8,490.7,205.3,120.8,7.7,3568.8,55.2,416.9,2763.0,333.7,12.0,15.0,32.6,1
Odisha,2016,9.7,17.7,17.9,76.2,96.9,308.3,394.9,488.3,348.5,178.2,45.0,24.5,2006.1,27.3,191.0,1540.0,247.7,42.6,30.0,25.1,1
Assam & Meghalaya,1999,27.3,22.9,71.8,110.5,149.9,555.0,883.1,576.2,257.4,202.6,125.1,20.6,3002.4,50.2,332.2,2271.6,348.3,22.0,250.0,34.2,1
Odisha,1989,2.9,9.6,44.0,91.7,179.7,400.4,512.8,350.6,199.9,150.0,10.6,19.8,1972.0,12.5,315.4,1463.7,180.4,44.7,500.0,28.5,1
Sub-Himalayan West Bengal,1989,20.4,19.3,12.1,80.0,202.1,518.1,401.3,606.4,164.2,134.0,109.8,36.4,2304.2,39.8,294.2,1690.0,280.2,39.8,850.0,25.9,0
Gujarat Region,1992,6.1,29.7,45.5,92.1,158.4,222.6,340.7,79.6,393.2,118.8,51.7,26.4,1564.7,35.8,296.0,1036.1,197.0,65.6,250.0,36.8,0
Tamil Nadu,1993,7.2,13.4,54.7,24.4,103.9,154.3,271.8,414.5,254.3,100.2,22.6,21.6,1442.8,20.6,183.0,1094.9,144.4,59.6,80.0,26.7,1
Rayalseema,2006,3.5,16.9,21.0,33.1,144.7,349.2,790.6,320.7,135.2,135.6,43.2,18.6,2012.2,20.5,198.8,1595.6,197.4,32.2,30.0,28.7,1
Tamil Nadu,1984,14.5,6.9,37.1,43.7,194.7,494.4,585.0,707.5,313.8,158.2,108.3,17.8,2681.9,21.4,275.6,2100.6,284.3,26.5,15.0,30.3,1
East Uttar Pradesh,1997,2.5,21.5,17.4,46.6,195.3,329.8,474.4,314.8,337.5,77.3,65.8,18.4,1901.3,24.0,259.3,1456.5,161.4,52.4,80.0,25.2,1
Odisha,1996,15.5,0.0,32.9,14.8,208.0,365.3,432.8,591.9,314.6,110.0,52.8,9.3,2148.0,15.5,255.8,1704.7,172.1,47.0,500.0,34.7,1
East Uttar Pradesh,2005,13.5,4.0,26.9,99.1,139.4,284.7,597.5,518.4,378.0,183.0,64.9,13.2,2322.7,17.5,265.4,1778.7,261.1,33.7,15.0,29.1,1
Bihar,1999,14.1,33.4,47.6,85.8,134.4,289.5,541.7,588.8,173.6,243.5,34.5,27.9,2214.7,47.4,267.7,1593.6,306.0,40.5,850.0,33.2,0
Bihar,1995,7.4,10.5,15.3,67.0,158.1,548.4,673.1,341.1,308.8,150.4,78.0,3.1,2361.1,17.9,240.3,1871.3,231.5,29.5,850.0,24.9,0
Tamil Nadu,1992,14.3,8.8,33.7,13.7,211.1,286.6,476.1,357.1,285.6,76.7,83.2,8.6,1855.5,23.1,258.4,1405.4,168.5,52.0,500.0,23.4,0
Gangetic West Bengal,2022,12.7,0.0,26.1,42.4,167.7,388.8,458.2,260.8,228.6,96.0,62.8,18.0,1762.1,12.7,236.2,1336.4,176.8,52.3,80.0,34.4,1
Sub-Himalayan West Bengal,1987,2.8,8.5,28.5,76.0,248.4,216.6,718.0,544.8,174.0,70.6,89.0,22.2,2199.6,11.3,353.0,1653.4,181.9,38.3,250.0,28.4,1
Coastal Karnataka,1987,14.2,18.8,49.1,99.0,293.7,476.7,527.2,670.8,466.6,108.7,119.6,36.3,2880.7,33.0,441.8,2141.3,264.6,37.2,80.0,24.8,1
Odisha,2008,5.1,21.6,16.8,65.6,195.3,531.1,767.1,479.8,106.0,104.0,44.3,58.6,2395.3,26.7,277.7,1884.0,206.9,23.4,850.0,24.1,1
Sub-Himalayan West Bengal,1990,17.9,10.6,36.4,73.7,67.9,508.1,635.8,166.3,155.8,127.9,76.9,21.1,1898.5,28.6,178.0,1466.0,225.9,38.2,850.0,26.3,0
Rayalseema,2016,23.6,16.1,30.7,39.8,105.7,198.9,512.5,526.0,236.4,134.5,22.5,33.6,1880.3,39.7,176.2,1473.8,190.6,53.8,850.0,24.7,0
Kerala,2004,25.0,9.3,23.1,49.7,252.2,714.5,836.4,725.3,339.0,201.2,83.7,11.5,3271.2,34.4,325.1,2615.2,296.4,12.0,850.0,28.1,1
Kerala,1997,15.8,21.2,22.5,95.3,257.4,389.3,651.3,926.7,518.7,240.3,69.3,24.2,3232.1,37.1,375.2,2485.9,333.8,12.0,80.0,32.0,1
Tamil Nadu,2010,8.6,16.8,47.7,68.6,191.2,277.9,479.1,213.8,198.1,136.0,71.2,5.1,1714.1,25.4,307.5,1168.8,212.3,46.7,500.0,31.2,0
Gujarat Region,2015,11.9,26.3,26.0,30.9,75.8,477.1,654.6,489.9,133.8,141.2,73.0,9.3,2149.9,38.3,132.6,1755.4,223.5,31.4,250.0,28.0,1
Bihar,1991,9.0,20.3,60.6,52.9,152.3,378.6,616.3,642.0,365.3,243.1,101.5,10.8,2652.7,29.3,265.8,2002.2,355.4,33.7,250.0,28.8,1
Gujarat Region,2020,12.8,4.1,52.5,113.1,196.1,214.5,512.4,321.0,280.5,166.8,104.7,18.2,1996.7,16.9,361.7,1328.4,289.8,44.5,15.0,30.8,1
Rayalseema,2004,11.0,11.9,45.0,60.7,93.8,400.3,478.3,505.5,248.9,118.5,75.8,33.7,2083.6,22.9,199.6,1633.0,228.1,37.4,850.0,33.3,0
Kerala,2001,12.8,24.2,43.1,61.3,162.5,560.4,692.0,717.3,350.5,254.0,150.4,21.7,3050.3,36.9,266.9,2320.3,426.1,15.8,250.0,29.9,1
Sub-Himalayan West Bengal,1987,0.0,24.6,23.9,114.1,215.8,271.2,673.6,449.3,219.6,247.4,58.5,12.9,2310.8,24.6,353.8,1613.6,318.8,31.8,500.0,33.3,1
Konkan & Goa,1992,15.5,31.9,48.7,68.9,70.7,476.3,902.6,498.7,302.4,121.0,91.6,15.6,2644.0,47.4,188.3,2180.0,228.3,22.7,15.0,27.7,1
Rayalseema,2018,19.3,31.9,45.7,57.5,187.1,207.2,541.8,476.4,351.2,113.4,91.5,21.7,2144.8,51.2,290.4,1576.6,226.7,46.0,500.0,28.0,0
Coastal Karnataka,1990,20.3,27.1,70.5,74.3,249.6,503.8,726.3,547.5,207.0,332.4,139.3,24.1,2922.4,47.5,394.4,1984.7,495.8,30.9,850.0,33.2,1
Odisha,2008,11.4,16.4,53.3,102.6,121.2,324.2,302.4,505.2,281.5,209.0,30.5,0.3,1958.0,27.8,277.1,1413.3,239.8,50.4,15.0,31.8,1
Konkan & Goa,2003,11.0,27.0,19.0,110.8,300.6,580.8,729.1,487.9,330.4,193.5,82.6,26.6,2899.3,37.9,430.5,2128.2,302.7,16.7,15.0,31.2,1
Gangetic West Bengal,2024,11.5,21.6,33.5,36.0,50.6,390.0,604.9,371.7,218.5,181.2,114.3,25.1,2058.9,33.1,120.1,1585.0,320.6,41.3,250.0,25.3,1
Rayalseema,1980,9.4,14.0,41.3,48.5,132.6,469.3,347.3,527.2,283.7,222.2,42.0,24.4,2162.0,23.4,222.4,1627.6,288.7,53.3,15.0,23.7,1
Sub-Himalayan West Bengal,1991,10.2,21.0,32.4,42.7,179.0,525.4,352.7,601.1,269.8,255.5,44.7,1.4,2336.0,31.2,254.1,1749.0,301.6,51.5,30.0,30.6,1
Kerala,2022,17.5,32.0,20.9,116.5,292.0,668.8,799.1,1015.1,434.5,210.3,113.3,26.2,3746.2,49.5,429.4,2917.5,349.8,12.0,500.0,30.3,1
Kerala,1988,14.3,30.5,39.0,101.6,286.5,495.6,856.5,894.3,562.4,289.8,118.5,43.6,3732.7,44.8,427.1,2808.9,451.9,12.0,250.0,23.5,1
Gujarat Region,2012,14.8,6.0,22.0,87.2,220.6,324.8,529.8,195.8,270.3,180.0,144.6,27.7,2023.6,20.8,329.7,1320.7,352.3,39.7,500.0,34.1,0
Bihar,2000,12.4,6.1,18.3,50.8,158.6,111.6,197.7,426.6,173.0,42.5,37.0,14.1,1248.8,18.5,227.8,908.9,93.6,69.6,500.0,27.3,0
Sub-Himalayan West Bengal,2020,8.9,10.0,11.8,23.6,247.8,287.8,592.8,594.8,229.3,159.9,72.2,28.1,2267.0,18.9,283.2,1704.7,260.3,39.1,500.0,31.1,1
East Uttar Pradesh,2019,13.7,24.0,51.1,52.5,102.7,165.5,185.5,177.1,361.2,197.1,72.4,12.3,1415.0,37.6,206.3,889.4,281.8,75.5,15.0,24.6,0
East Uttar Pradesh,1984,10.4,7.3,38.5,64.1,53.7,435.7,442.2,655.3,295.3,210.6,71.0,35.4,2319.4,17.6,156.3,1828.4,317.0,37.4,500.0,33.0,1
Sub-Himalayan West Bengal,1997,12.9,18.6,4.0,62.7,142.3,295.0,644.9,400.8,464.9,195.0,141.8,6.3,2389.3,31.5,209.0,1805.6,343.2,31.7,80.0,36.5,1
Konkan & Goa,1989,17.4,27.3,34.7,65.5,168.0,579.6,857.0,770.9,439.6,229.9,120.4,36.8,3347.0,44.7,268.2,2647.1,387.1,12.0,80.0,24.2,1
Coastal Karnataka,1984,12.4,27.2,66.4,50.3,272.4,661.2,942.7,818.7,513.4,205.3,110.0,21.8,3701.8,39.6,389.1,2936.0,337.1,12.0,80.0,33.2,1
Gujarat Region,1982,18.4,22.6,37.8,64.0,190.8,406.8,668.8,445.9,274.7,236.7,33.3,11.8,2411.5,40.9,292.5,1796.2,281.8,32.6,80.0,28.1,1
Gujarat Region,2004,2.3,11.8,36.5,57.4,154.6,277.6,556.2,520.9,104.3,0.0,52.1,11.0,1784.9,14.1,248.5,1459.1,63.1,44.6,850.0,36.6,0
Bihar,2014,8.6,1.8,35.1,53.1,142.1,247.3,454.9,354.5,234.9,127.5,83.0,18.3,1761.1,10.4,230.3,1291.6,228.8,48.9,850.0,29.0,0
Coastal Karnataka,2006,15.0,17.0,42.6,67.2,171.0,597.9,733.7,574.6,550.7,219.0,61.1,20.9,3070.6,31.9,280.8,2456.9,301.0,21.9,15.0,28.5,1
Assam & Meghalaya,2021,29.0,25.4,67.7,82.6,320.6,580.3,847.1,664.7,455.9,253.1,90.0,15.0,3431.4,54.4,470.9,2548.0,358.1,12.0,15.0,35.6,1
Assam & Meghalaya,1990,9.2,11.1,36.7,74.1,187.5,409.1,885.7,642.0,282.7,251.9,82.6,39.9,2912.5,20.3,298.3,2219.5,374.4,18.4,80.0,34.7,1
Bihar,2021,11.7,18.6,38.6,29.2,51.8,298.0,379.6,413.9,204.4,258.9,44.5,25.3,1774.3,30.2,119.7,1295.8,328.6,55.8,15.0,30.8,1
Rayalseema,1987,8.3,13.1,7.3,46.5,110.8,256.1,459.6,497.6,242.5,157.7,55.8,0.0,1855.1,21.3,164.6,1455.7,213.5,47.2,15.0,24.0,1
Odisha,1984,9.7,29.2,39.1,31.4,143.7,235.7,846.7,243.7,342.5,184.3,57.0,13.6,2176.6,38.9,214.2,1668.7,254.8,32.7,15.0,35.6,1
Sub-Himalayan West Bengal,1998,8.5,20.4,39.7,31.8,227.5,420.8,462.9,380.7,219.5,98.4,65.1,22.5,1997.9,28.9,299.0,1483.9,186.0,52.9,30.0,31.3,1
Coastal Karnataka,2002,18.6,29.9,38.4,112.3,133.4,676.2,692.1,573.5,483.3,237.0,110.3,39.5,3144.5,48.5,284.2,2425.1,386.7,15.7,80.0,25.1,1
Rayalseema,2024,12.9,7.7,4.9,8.7,124.9,444.6,507.1,546.1,92.6,184.2,90.5,20.1,2044.3,20.6,138.5,1590.4,294.8,49.0,850.0,29.2,0
Bihar,1986,5.2,9.5,30.0,57.6,93.5,184.2,438.0,353.5,246.3,169.3,45.1,34.4,1666.6,14.8,181.1,1222.0,248.8,43.0,500.0,31.9,0
East Uttar Pradesh,2017,8.6,18.3,17.6,54.2,113.9,270.0,353.0,475.4,318.9,51.7,2.8,23.4,1707.8,26.9,185.7,1417.3,77.8,59.2,30.0,26.2,1
Gangetic West Bengal,2011,5.0,23.3,12.9,105.9,110.3,259.7,514.5,436.2,224.9,131.8,54.9,4.4,1883.7,28.3,229.1,1435.2,191.1,44.0,15.0,25.2,1
Sub-Himalayan West Bengal,1988,18.5,10.1,31.2,75.7,129.5,158.3,653.7,528.6,134.5,206.0,54.9,29.3,2030.2,28.6,236.4,1475.1,290.1,42.6,500.0,24.6,1
Assam & Meghalaya,1997,9.0,10.7,45.8,88.2,290.5,390.7,810.4,712.1,505.0,337.7,129.6,26.6,3356.3,19.7,424.5,2418.2,493.9,12.0,30.0,24.8,1
Kerala,2008,29.0,29.1,62.0,64.2,266.7,696.6,990.5,747.4,366.3,213.2,126.4,30.6,3621.9,58.0,392.9,2800.8,370.2,12.0,80.0,33.4,1
Coastal Karnataka,1992,15.8,36.5,45.5,137.5,291.4,448.6,901.6,546.6,412.7,230.7,83.9,39.7,3190.6,52.4,474.3,2309.5,354.3,12.0,80.0,23.5,1
Kerala,1999,16.0,25.0,58.7,111.1,243.0,649.9,776.2,577.2,351.2,349.6,86.3,35.3,3279.6,41.1,412.8,2354.5,471.2,12.0,80.0,35.7,1
Bihar,1995,9.3,24.0,13.2,41.9,160.5,420.4,400.9,496.7,307.3,140.7,74.9,11.9,2101.6,33.3,215.6,1625.3,227.5,50.3,80.0,29.7,1
Assam & Meghalaya,2014,12.3,30.9,57.3,65.1,243.8,635.7,950.7,790.9,445.7,217.2,124.2,22.2,3596.0,43.2,366.2,2823.0,363.7,12.0,500.0,27.7,1
Assam & Meghalaya,1984,18.7,23.1,44.0,129.9,304.8,436.9,913.8,987.2,460.8,262.2,90.7,14.2,3686.4,41.8,478.7,2798.8,367.1,12.0,80.0,35.8,1
East Uttar Pradesh,1980,13.1,10.7,36.2,85.4,159.4,449.2,643.9,318.3,250.2,81.4,35.3,9.1,2092.0,23.8,280.9,1661.6,125.8,31.2,80.0,25.7,1
Kerala,2016,24.9,26.2,70.3,87.3,229.6,807.1,746.4,748.3,494.5,259.9,49.7,31.9,3576.1,51.1,387.2,2796.4,341.5,12.0,850.0,26.3,1
Tamil Nadu,2003,18.4,21.8,25.2,56.3,62.3,390.5,565.8,353.2,317.7,67.6,98.1,31.2,2008.2,40.3,143.8,1627.1,196.9,36.2,850.0,34.6,0
Rayalseema,1997,8.4,16.8,37.3,58.1,195.2,240.9,676.4,407.5,147.0,259.0,89.8,26.6,2163.2,25.2,290.7,1471.9,375.5,53.3,30.0,32.6,1
Bihar,2008,17.5,17.2,16.6,40.9,106.1,356.2,690.2,474.3,264.4,109.8,32.3,28.4,2154.0,34.8,163.6,1785.1,170.5,25.8,250.0,26.0,1
Gangetic West Bengal,2015,0.0,16.9,18.3,36.8,178.0,193.5,385.0,544.5,304.5,171.3,64.3,37.1,1950.1,16.9,233.0,1427.5,272.7,49.4,850.0,27.0,0
Gangetic West Bengal,1999,4.9,26.3,18.7,73.6,149.8,436.3,608.5,609.0,382.1,212.8,50.2,16.4,2588.7,31.2,242.1,2035.9,279.3,28.1,80.0,25.2,1
Assam & Meghalaya,2012,21.2,43.1,77.2,53.5,286.3,633.5,852.6,855.7,452.4,278.3,129.0,3.3,3686.1,64.3,417.0,2794.1,410.7,12.0,850.0,25.7,1
Gangetic West Bengal,1988,18.0,8.3,16.7,88.8,166.0,234.9,408.4,376.5,273.0,286.3,116.1,5.9,1998.9,26.4,271.4,1292.7,408.3,45.6,15.0,24.9,1
Konkan & Goa,1984,20.5,9.6,44.5,111.1,139.9,636.8,622.1,629.8,415.2,229.1,114.9,35.5,3009.1,30.1,295.5,2303.9,379.6,28.6,15.0,37.0,1
Bihar,1992,5.0,29.2,32.0,95.1,176.3,380.7,848.8,123.6,231.0,78.7,78.3,7.4,2086.2,34.3,303.3,1584.1,164.4,34.6,500.0,24.0,1
Bihar,1984,10.9,15.1,34.5,43.2,139.8,331.5,244.8,336.3,305.1,218.1,56.7,18.9,1755.0,26.0,217.5,1217.8,293.7,52.4,500.0,27.9,0
Konkan & Goa,1988,10.9,21.7,23.2,83.1,200.4,565.7,582.2,635.9,530.3,242.1,102.3,19.8,3017.5,32.6,306.8,2314.1,364.2,22.4,850.0,33.7,1
Bihar,1986,13.1,18.4,52.4,92.1,45.9,438.3,518.5,446.9,155.1,129.8,86.5,19.4,2016.4,31.5,190.4,1558.9,235.6,41.4,500.0,35.3,1
Bihar,1990,8.4,16.5,0.1,57.3,138.5,321.0,368.1,415.1,202.7,235.2,69.0,27.0,1859.0,24.9,195.9,1307.0,331.2,58.6,850.0,31.1,0
Tamil Nadu,2024,6.0,1.7,0.3,54.7,155.2,77.2,619.3,401.1,394.6,88.4,71.6,21.2,1891.1,7.7,210.1,1492.2,181.2,43.0,80.0,29.6,1
Gujarat Region,1992,5.0,23.8,30.0,26.4,145.7,632.1,709.7,403.1,287.6,63.7,33.3,9.3,2369.6,28.7,202.1,2032.5,106.3,29.7,80.0,28.5,1
Odisha,2012,17.1,25.6,4.7,54.1,88.1,389.9,291.4,478.6,206.4,154.1,36.3,10.9,1757.2,42.7,146.9,1366.3,201.3,63.3,15.0,35.8,1
Odisha,2018,14.6,4.0,31.3,63.2,134.5,515.9,638.5,384.9,305.9,260.4,37.5,31.7,2422.4,18.7,229.0,1845.2,329.5,29.0,15.0,36.4,1
Gujarat Region,2019,1.3,10.2,13.8,49.8,177.9,428.2,666.3,368.0,152.7,212.0,129.6,51.7,2261.5,11.5,241.5,1615.2,393.2,31.1,15.0,24.1,1
Konkan & Goa,1995,16.7,18.5,43.5,104.9,194.2,732.4,863.1,748.2,450.6,312.0,100.3,3.8,3588.3,35.2,342.7,2794.4,416.1,12.0,500.0,23.9,1
Assam & Meghalaya,1981,18.6,28.1,58.0,53.2,199.7,457.5,727.2,965.0,487.7,242.2,63.4,31.2,3331.9,46.7,311.0,2637.5,336.8,12.0,15.0,31.9,1
Kerala,2014,18.0,11.3,58.9,84.6,233.9,630.9,671.6,499.4,370.6,279.0,140.2,23.3,3021.5,29.3,377.3,2172.4,442.5,16.0,30.0,23.1,1
Odisha,2016,19.8,24.7,30.2,94.1,24.2,490.8,569.7,368.2,204.4,240.9,18.1,5.3,2090.3,44.5,148.5,1633.1,264.3,33.3,15.0,26.7,1
Rayalseema,2005,5.5,28.7,31.3,18.5,147.9,354.4,523.3,638.4,254.0,157.6,29.0,0.0,2188.7,34.2,197.7,1770.0,186.6,30.3,500.0,35.5,1
Assam & Meghalaya,2001,29.1,32.1,48.1,110.0,163.0,660.6,744.2,519.9,383.8,305.4,153.2,41.4,3190.8,61.2,321.1,2308.5,500.0,16.3,250.0,24.9,0
Assam & Meghalaya,2016,22.8,21.1,63.6,135.6,240.0,520.7,873.7,714.7,402.8,208.9,97.5,19.0,3320.3,43.9,439.2,2511.9,325.4,12.0,850.0,33.7,1
Konkan & Goa,1981,22.5,16.6,48.2,130.5,283.8,582.4,624.1,613.9,343.4,307.5,115.3,17.4,3105.6,39.1,462.5,2163.8,440.2,22.8,80.0,34.8,1
Rayalseema,2006,8.8,14.5,19.1,71.2,199.4,331.4,468.4,508.2,254.4,163.5,91.2,18.4,2148.6,23.3,289.6,1562.5,273.2,40.3,80.0,27.1,1
Gujarat Region,2008,4.8,0.0,25.7,10.1,235.3,188.2,477.1,418.1,407.2,63.1,34.7,14.2,1878.5,4.8,271.2,1490.6,111.9,51.4,15.0,30.8,1
Kerala,2023,15.0,26.4,65.6,75.4,309.5,676.2,928.0,737.3,363.0,175.5,81.5,42.0,3495.4,41.4,450.5,2704.4,299.0,12.0,80.0,31.6,1
Gangetic West Bengal,1996,11.7,11.7,34.9,89.5,146.0,330.1,570.0,281.4,293.9,147.6,81.9,25.5,2024.4,23.4,270.5,1475.4,255.1,37.4,500.0,31.1,0
Assam & Meghalaya,1990,11.5,28.9,62.1,131.6,246.7,440.2,784.2,387.4,445.4,248.6,107.3,36.1,2930.1,40.4,440.4,2057.3,392.0,27.4,80.0,24.6,1
Gangetic West Bengal,2022,12.0,10.0,10.2,19.3,197.8,389.5,626.8,462.9,155.2,63.9,87.1,22.5,2057.0,21.9,227.2,1634.3,173.5,42.5,80.0,35.9,1
Kerala,1992,20.9,27.9,86.1,119.3,305.2,515.5,952.3,844.0,349.0,178.7,133.3,22.4,3554.5,48.8,510.6,2660.7,334.4,12.0,30.0,28.4,1
East Uttar Pradesh,2006,16.9,2.8,34.5,28.8,117.6,330.0,420.4,260.0,441.5,199.2,49.6,11.9,1913.2,19.7,180.9,1451.9,260.7,53.2,850.0,36.3,0
Sub-Himalayan West Bengal,2015,8.1,23.2,15.0,49.5,108.5,339.8,493.8,382.9,236.9,273.8,57.9,21.6,2010.8,31.3,173.0,1453.3,353.2,44.3,80.0,24.0,1
Bihar,2018,11.1,26.6,19.9,44.3,131.0,330.1,501.1,351.1,292.1,144.1,111.5,0.0,1962.8,37.7,195.2,1474.4,255.6,49.9,850.0,27.6,0
Coastal Karnataka,2017,17.3,20.6,59.6,59.8,270.4,458.7,894.0,544.0,411.4,308.9,95.2,21.6,3161.3,37.9,389.7,2308.0,425.7,17.5,850.0,28.6,1
Gujarat Region,1980,10.1,13.6,7.6,43.8,200.8,413.7,455.5,321.3,380.0,62.0,78.8,22.9,2010.2,23.7,252.2,1570.5,163.7,49.6,250.0,27.7,1
Tamil Nadu,2009,6.5,2.0,37.8,86.8,125.9,325.3,606.0,462.7,138.1,96.8,43.3,5.9,1937.2,8.5,250.6,1532.1,145.9,42.7,850.0,27.6,0
East Uttar Pradesh,1992,6.8,9.5,24.6,61.9,161.6,357.2,593.4,376.7,270.7,1.6,60.4,5.9,1930.2,16.3,248.1,1597.9,67.9,39.9,850.0,30.9,0
Odisha,2022,14.3,21.6,19.3,49.4,76.5,204.1,719.4,286.2,277.5,116.6,39.3,15.6,1839.7,35.9,145.1,1487.2,171.4,42.5,30.0,26.2,1
East Uttar Pradesh,1982,3.9,11.3,28.4,79.4,114.9,232.3,628.2,485.1,287.4,100.0,115.3,5.9,2092.2,15.3,222.8,1633.0,221.1,35.5,80.0,28.2,1
Rayalseema,2014,21.9,13.0,42.9,67.6,78.9,483.1,600.3,359.2,359.6,193.7,90.6,15.2,2326.2,35.0,189.4,1802.2,299.5,37.2,15.0,32.9,1
Assam & Meghalaya,1982,17.8,34.3,38.1,120.7,160.9,883.7,1163.7,466.4,361.9,248.8,124.4,31.4,3652.1,52.1,319.6,2875.7,404.7,12.0,30.0,31.6,1
Assam & Meghalaya,1995,10.2,22.2,17.6,138.0,254.9,593.6,1075.0,664.6,578.1,276.4,109.7,41.4,3781.8,32.4,410.6,2911.4,427.4,12.0,250.0,30.6,1
Rayalseema,2017,3.7,17.8,43.1,43.3,80.1,315.3,320.5,562.4,189.6,158.8,29.1,27.1,1790.8,21.6,166.4,1387.8,215.0,52.3,80.0,25.6,1
Konkan & Goa,1988,16.2,6.7,30.8,120.1,255.5,572.3,676.6,874.7,496.4,198.8,90.6,35.7,3374.4,22.9,406.4,2620.1,325.0,12.0,500.0,36.2,1
Coastal Karnataka,1996,21.2,22.7,18.9,97.0,284.6,470.7,745.2,593.5,356.7,230.9,134.5,36.4,3012.4,43.9,400.6,2166.1,401.8,18.5,250.0,33.2,1
Tamil Nadu,1998,12.7,6.6,27.5,69.6,99.4,343.2,376.8,429.9,203.6,110.2,65.6,26.2,1771.3,19.3,196.5,1353.6,202.0,48.4,250.0,23.5,1
Gujarat Region,2011,16.9,13.7,22.6,86.0,211.1,398.0,437.8,236.8,114.9,260.3,38.6,23.3,1860.0,30.6,319.7,1187.5,322.2,56.2,250.0,32.6,1
Coastal Karnataka,2020,19.7,18.9,47.0,96.7,337.5,249.7,699.6,686.4,326.3,251.8,87.1,19.8,2840.5,38.6,481.2,1962.0,358.7,31.1,500.0,34.3,1
East Uttar Pradesh,2013,5.9,11.9,23.8,30.1,187.1,439.9,376.4,291.0,91.7,233.4,74.6,18.3,1784.0,17.8,241.0,1198.9,326.3,51.2,30.0,26.7,1
East Uttar Pradesh,2004,3.3,9.4,78.0,83.6,113.6,225.9,614.9,219.1,261.5,144.2,87.5,12.3,1853.2,12.7,275.1,1321.4,244.0,48.2,850.0,29.4,0
Coastal Karnataka,1997,2.8,12.5,27.3,85.1,316.4,504.4,818.2,482.0,325.4,251.2,111.5,21.3,2958.1,15.3,428.8,2130.0,384.0,24.5,30.0,29.8,1
Bihar,2014,24.8,15.1,41.2,19.8,193.5,413.3,418.0,350.4,303.0,76.5,32.3,17.9,1905.8,39.9,254.5,1484.6,126.8,44.0,30.0,36.3,1
Bihar,1983,8.9,24.5,43.6,30.1,131.4,411.9,449.0,553.5,313.1,123.2,42.5,28.5,2160.3,33.4,205.1,1727.6,194.2,33.5,250.0,31.6,1
Tamil Nadu,1995,6.3,33.2,34.4,85.1,90.6,206.3,559.9,435.6,239.4,190.3,96.0,32.0,2009.3,39.5,210.2,1441.2,318.4,43.9,30.0,28.1,1
Odisha,2001,15.0,4.6,19.1,58.1,160.5,412.8,278.6,535.1,331.1,203.3,50.3,31.2,2099.7,19.6,237.8,1557.5,284.9,43.4,850.0,29.3,0
Tamil Nadu,1993,23.2,15.3,14.5,35.6,102.0,10.0,443.8,499.5,188.4,123.5,75.1,22.5,1553.7,38.6,152.2,1141.8,221.1,59.8,500.0,32.1,0
Konkan & Goa,2003,25.4,13.4,33.9,107.8,207.2,554.3,810.8,791.1,405.3,253.3,107.6,34.0,3344.0,38.8,348.8,2561.5,394.9,16.5,500.0,28.0,1
Sub-Himalayan West Bengal,2017,17.6,0.0,41.0,45.1,170.9,276.7,520.9,656.2,199.8,191.7,48.4,19.9,2188.2,17.6,256.9,1653.6,260.1,40.7,250.0,30.7,1
Tamil Nadu,1983,11.1,14.9,53.8,2.8,159.1,279.4,372.8,590.2,411.0,115.5,83.0,11.6,2105.1,26.0,215.7,1653.5,210.0,32.8,30.0,33.8,1
Konkan & Goa,1981,6.6,16.9,39.0,81.4,200.4,635.1,615.8,558.4,544.9,266.1,102.3,42.9,3109.9,23.6,320.9,2354.1,411.3,22.4,850.0,34.9,1
Tamil Nadu,1992,2.8,3.2,62.2,30.8,183.5,364.3,617.7,276.7,365.3,132.0,101.7,17.4,2157.6,6.0,276.4,1624.1,251.1,30.5,15.0,23.2,1
Odisha,2008,6.9,39.0,37.0,31.1,144.0,501.2,570.2,593.1,391.1,150.6,21.1,21.5,2506.7,45.9,212.1,2055.5,193.2,24.3,15.0,27.4,1
Gangetic West Bengal,2013,7.7,16.9,6.6,83.2,119.4,231.8,517.7,314.3,57.4,146.8,67.6,5.4,1574.8,24.6,209.1,1121.3,219.8,57.1,250.0,25.2,1
Sub-Himalayan West Bengal,1992,6.6,15.1,27.3,47.9,124.8,123.1,377.9,254.5,285.8,140.3,84.0,20.5,1508.0,21.7,200.1,1041.4,244.8,63.3,250.0,34.7,0
Odisha,2020,10.7,14.4,14.8,85.7,129.2,492.1,421.4,471.3,10.0,259.1,84.0,8.3,2001.0,25.1,229.7,1394.8,351.4,49.2,15.0,29.9,1
Rayalseema,2012,11.1,11.2,27.7,62.5,162.3,288.7,706.2,338.7,93.6,96.0,108.7,9.9,1916.5,22.2,252.5,1427.1,214.6,37.3,15.0,27.6,1
Coastal Karnataka,2012,14.8,22.1,58.9,132.8,265.6,634.4,854.0,732.1,630.0,251.7,108.3,32.6,3737.2,36.9,457.3,2850.5,392.6,12.0,30.0,24.0,1
Coastal Karnataka,2003,13.9,22.8,76.0,156.2,291.3,504.0,1042.5,586.9,431.9,277.2,97.4,25.1,3525.2,36.7,523.5,2565.3,399.7,12.0,250.0,35.7,1
Tamil Nadu,2014,5.7,1.6,16.5,4.3,140.8,149.2,386.7,324.6,422.4,142.9,27.6,36.0,1658.5,7.3,161.7,1283.1,206.5,52.9,30.0,30.4,1
Assam & Meghalaya,2021,16.6,10.3,74.8,56.4,276.9,587.6,916.2,715.2,420.1,234.3,130.8,25.7,3465.0,26.9,408.1,2639.2,390.8,12.0,80.0,25.5,1
Odisha,1994,6.3,9.7,26.8,73.1,130.3,236.1,255.6,365.8,290.7,152.9,52.5,16.0,1615.7,16.0,230.2,1148.1,221.3,57.9,250.0,33.5,0
Tamil Nadu,1994,15.3,15.5,27.4,95.5,180.1,269.7,464.4,304.6,82.0,188.5,58.0,7.3,1708.3,30.8,303.0,1120.7,253.9,55.6,850.0,31.9,0
Coastal Karnataka,1987,16.4,20.5,32.3,64.3,279.3,546.5,813.8,610.7,349.9,164.4,153.6,37.6,3089.4,36.9,375.8,2321.0,355.6,21.6,250.0,26.1,1
Bihar,1999,2.9,8.3,36.3,80.7,127.9,456.7,500.7,299.5,295.7,128.8,117.8,22.3,2077.5,11.1,245.0,1552.6,268.9,39.5,30.0,25.0,1
Tamil Nadu,1995,10.7,23.0,15.0,54.8,159.0,208.9,577.4,570.2,471.4,179.6,41.6,18.2,2330.0,33.8,228.8,1828.0,239.5,38.4,30.0,29.5,1
Kerala,1998,24.9,10.1,43.4,107.7,248.3,520.5,543.2,756.6,296.1,288.8,90.6,34.2,2964.5,35.0,399.5,2116.4,413.6,24.3,850.0,35.5,1
Rayalseema,1981,18.6,14.1,46.2,35.8,139.6,131.6,295.8,558.5,298.8,198.0,58.9,10.9,1806.7,32.7,221.5,1284.7,267.8,61.3,80.0,32.7,1
Assam & Meghalaya,1989,33.5,23.6,72.3,74.2,253.0,432.7,665.5,846.6,385.9,307.3,126.2,24.8,3245.6,57.1,399.5,2330.8,458.3,23.1,250.0,30.6,1
Kerala,1996,8.4,20.8,48.8,118.6,240.7,833.8,844.7,625.8,407.6,208.6,90.4,14.3,3462.4,29.2,408.0,2711.9,313.3,12.0,15.0,24.4,1
Gujarat Region,1983,3.0,21.5,60.0,115.2,183.6,481.9,564.4,178.1,103.1,54.4,84.8,27.4,1877.3,24.5,358.8,1327.5,166.6,45.9,80.0,24.7,1
Odisha,1999,10.4,3.0,3.1,46.2,82.3,325.9,788.9,589.9,493.2,185.5,83.2,17.8,2629.2,13.4,131.6,2197.8,286.4,13.8,250.0,34.7,1
Kerala,2009,6.6,26.5,62.8,76.0,235.4,315.4,1225.6,632.0,585.8,311.2,102.7,33.4,3613.3,33.0,374.2,2758.8,447.2,12.0,850.0,31.8,1
Tamil Nadu,2005,12.5,22.9,15.6,62.9,138.7,226.2,494.2,478.9,374.6,197.4,36.4,0.7,2061.1,35.4,217.3,1573.8,234.6,42.9,850.0,28.6,0
Gangetic West Bengal,2008,7.4,25.1,27.3,62.7,188.3,464.5,716.1,413.1,340.5,92.2,101.0,27.1,2465.4,32.5,278.3,1934.2,220.3,38.6,80.0,33.9,0
Bihar,1999,9.0,29.9,11.3,94.1,73.9,498.5,633.6,504.1,349.2,145.0,63.0,7.8,2419.4,38.9,179.3,1985.4,215.8,31.4,80.0,30.7,1
East Uttar Pradesh,2020,12.7,22.4,27.5,67.3,230.2,354.4,524.0,399.2,327.1,117.4,89.6,13.4,2185.4,35.1,325.0,1604.8,220.4,45.8,850.0,27.7,0
Konkan & Goa,1990,10.1,31.5,56.3,110.9,204.9,531.5,875.8,862.9,267.8,252.8,123.7,35.6,3363.9,41.6,372.1,2538.1,412.2,12.0,30.0,33.0,1
Gangetic West Bengal,2011,3.5,21.4,26.0,30.0,83.5,313.8,415.4,405.5,300.1,110.3,40.2,31.6,1781.5,24.9,139.5,1434.8,182.2,44.2,15.0,29.3,1
Assam & Meghalaya,1986,19.5,28.9,78.2,89.8,278.2,365.1,858.6,516.7,505.1,331.8,126.8,16.2,3214.8,48.3,446.1,2245.6,474.8,12.0,500.0,33.9,1
Kerala,1997,20.5,26.8,35.5,94.4,273.7,579.6,756.7,473.5,381.9,256.8,164.7,25.8,3090.0,47.4,403.7,2191.6,447.3,17.0,80.0,27.8,1
Sub-Himalayan West Bengal,2009,10.1,27.0,31.5,70.1,185.4,238.8,742.4,436.1,243.7,237.9,43.8,9.2,2276.0,37.1,286.9,1661.1,290.9,32.1,250.0,34.4,1
Gujarat Region,1995,12.6,17.3,26.9,51.8,203.8,413.2,501.1,530.6,309.7,112.3,36.0,29.1,2244.5,29.9,282.5,1754.6,177.5,35.0,80.0,23.6,1
Assam & Meghalaya,2000,14.9,5.0,32.4,55.7,209.6,699.7,851.9,802.0,376.6,156.2,83.7,14.7,3302.4,19.9,297.7,2730.2,254.6,12.0,850.0,29.6,1
East Uttar Pradesh,1998,7.3,7.8,36.7,108.1,105.1,403.7,508.3,430.8,409.0,159.4,17.9,29.9,2223.9,15.1,249.9,1751.8,207.1,36.3,850.0,36.8,0
Kerala,2007,25.5,20.3,24.2,72.1,271.5,337.8,903.0,529.0,452.1,166.1,89.6,25.0,2916.2,45.8,367.8,2221.9,280.7,14.6,500.0,29.5,1
Konkan & Goa,1981,15.2,31.9,55.7,113.4,244.7,643.1,659.4,619.3,325.2,256.0,122.3,16.2,3102.4,47.1,413.8,2247.0,394.5,17.9,250.0,34.9,0
Gujarat Region,2014,7.7,28.0,20.1,49.6,153.4,258.9,543.4,616.0,167.2,172.4,66.2,12.8,2095.6,35.7,223.0,1585.5,251.3,41.9,30.0,26.5,0
Bihar,2009,11.5,7.4,26.1,70.4,79.2,369.0,602.3,504.4,349.7,79.7,39.3,31.4,2170.5,18.9,175.7,1825.5,150.4,36.5,850.0,34.2,0
East Uttar Pradesh,1980,10.3,15.8,32.1,68.8,135.2,505.4,645.0,388.1,243.3,152.4,93.8,20.0,2310.3,26.1,236.1,1781.8,266.3,33.3,80.0,24.8,1
Konkan & Goa,1993,19.4,26.4,50.8,117.8,357.7,485.7,780.2,652.6,319.0,292.3,116.1,17.5,3235.7,45.8,526.4,2237.6,426.0,26.3,80.0,27.2,1
Kerala,1980,18.6,20.2,60.1,95.4,277.9,540.3,972.5,828.3,384.6,229.3,114.2,28.0,3569.4,38.8,433.4,2725.6,371.5,12.0,15.0,28.8,1
Gangetic West Bengal,2017,1.1,30.1,37.6,25.8,165.3,245.0,796.5,571.0,118.7,268.4,112.3,7.8,2379.7,31.2,228.7,1731.2,388.6,21.1,30.0,36.2,1
Sub-Himalayan West Bengal,2009,6.3,18.9,9.4,48.3,132.5,229.8,768.9,402.0,203.5,198.7,110.4,14.5,2143.4,25.2,190.3,1604.2,323.7,30.8,15.0,35.5,1
Gujarat Region,2020,15.4,20.0,22.9,38.6,79.7,320.9,700.3,251.5,305.3,107.4,42.2,6.1,1910.4,35.4,141.2,1578.1,155.7,37.1,250.0,25.5,1
Tamil Nadu,1986,7.4,7.9,41.1,63.1,78.5,434.5,814.6,514.9,350.0,164.3,57.5,11.4,2545.4,15.4,182.7,2114.0,233.3,12.0,850.0,28.1,1
Odisha,2000,9.6,11.7,28.6,45.9,152.7,475.2,194.1,366.0,191.1,229.3,98.1,9.9,1812.1,21.3,227.2,1226.3,337.3,55.8,850.0,27.7,0
Bihar,2024,9.2,17.2,34.3,53.5,195.5,433.0,317.0,406.6,242.0,214.7,88.3,13.6,2024.8,26.4,283.3,1398.5,316.6,41.7,500.0,23.3,0
Bihar,1982,24.9,5.8,46.3,33.5,87.1,461.3,388.6,390.1,285.9,199.8,101.8,12.1,2037.2,30.7,166.9,1525.9,313.7,47.7,250.0,24.3,1
Konkan & Goa,1982,26.3,43.1,59.6,102.6,267.3,537.4,925.2,1030.4,348.1,177.1,111.9,30.1,3659.1,69.3,429.5,2841.1,319.2,12.0,250.0,27.4,1
Kerala,1992,15.7,31.8,56.0,73.5,244.3,586.7,832.7,795.8,326.4,231.0,101.7,34.1,3329.8,47.4,373.7,2541.7,366.9,12.0,15.0,26.7,1
Assam & Meghalaya,1982,20.2,27.7,41.6,109.0,317.1,457.1,678.4,600.3,549.3,272.8,126.5,25.1,3224.9,47.8,467.7,2285.0,424.3,12.5,850.0,34.1,1
Gangetic West Bengal,2006,8.1,0.0,29.1,33.1,196.7,435.6,486.2,430.0,210.2,166.5,107.9,28.2,2131.7,8.1,258.9,1562.1,302.6,40.8,500.0,23.6,1
Odisha,2022,9.9,27.3,5.1,74.4,73.0,193.4,631.6,534.2,287.5,208.2,114.5,29.2,2188.3,37.2,152.5,1646.7,352.0,37.0,15.0,27.2,1
Gujarat Region,2009,9.3,20.1,4.6,48.3,71.4,382.5,742.4,307.9,256.9,150.0,92.4,13.5,2099.3,29.4,124.3,1689.7,256.0,38.8,850.0,32.9,0
Kerala,2023,24.5,22.1,40.8,82.9,315.0,602.5,824.2,480.0,352.5,239.8,147.8,18.4,3150.4,46.6,438.7,2259.2,406.0,12.6,500.0,29.0,1
Bihar,1985,2.3,14.3,14.3,63.6,194.6,468.4,640.9,477.6,263.6,158.5,74.2,28.7,2401.1,16.6,272.5,1850.5,261.4,40.0,850.0,31.4,0
Bihar,2002,11.8,8.9,4.9,28.6,117.5,376.6,451.6,486.6,259.6,195.8,114.2,26.1,2082.2,20.7,151.0,1574.4,336.1,48.1,15.0,31.4,1
Bihar,2023,20.7,8.7,32.7,57.5,177.3,194.3,797.7,302.9,256.8,354.0,113.3,17.1,2333.2,29.5,267.5,1551.7,484.5,32.3,15.0,32.6,1
Gangetic West Bengal,2020,11.7,11.2,34.0,56.4,185.5,157.8,614.6,184.1,280.3,100.3,111.3,14.9,1762.0,22.9,275.8,1236.7,226.5,49.5,80.0,24.0,1
Bihar,2023,9.5,4.9,28.4,38.0,191.6,243.6,725.0,371.3,178.3,82.0,82.5,25.1,1980.3,14.4,258.0,1518.3,189.6,33.7,850.0,29.9,0
Coastal Karnataka,2002,22.4,34.7,66.2,61.2,240.9,676.8,967.5,534.5,307.2,263.9,109.6,49.6,3334.5,57.1,368.4,2485.9,423.0,12.0,250.0,28.1,1
Kerala,2002,5.9,10.0,37.3,88.1,231.5,819.9,801.7,754.1,395.2,269.0,88.6,19.6,3521.0,16.0,356.9,2770.9,377.2,12.0,500.0,31.5,1
Gujarat Region,1980,7.1,15.1,24.6,82.6,104.1,345.2,654.0,725.8,267.8,167.5,105.8,25.5,2525.2,22.3,211.3,1992.8,298.8,25.6,30.0,36.8,1
East Uttar Pradesh,2008,11.4,26.2,27.8,58.7,152.5,215.0,671.1,407.5,541.0,151.6,91.7,4.7,2359.3,37.6,239.1,1834.6,248.0,31.0,250.0,36.1,1
Sub-Himalayan West Bengal,2006,4.3,15.7,26.3,13.0,152.2,462.7,341.3,358.2,211.1,160.5,69.9,10.3,1825.4,20.0,191.5,1373.3,240.7,54.6,15.0,33.7,1
Coastal Karnataka,2013,17.2,19.4,54.8,101.5,188.0,489.8,709.6,878.8,475.8,249.5,20.4,18.9,3223.7,36.6,344.3,2554.0,288.8,12.0,500.0,28.1,1
East Uttar Pradesh,2018,10.3,17.2,59.0,44.5,157.8,381.1,343.4,383.6,358.7,194.7,86.7,1.2,2038.2,27.4,261.2,1466.8,282.7,47.9,850.0,35.6,0
Tamil Nadu,1997,3.1,20.4,50.0,3.9,132.9,83.0,395.9,430.9,229.7,205.9,58.8,22.5,1637.0,23.5,186.8,1139.5,287.2,56.6,80.0,32.4,1
Gangetic West Bengal,1992,7.3,6.5,3.4,100.3,243.0,187.8,214.5,325.8,337.5,110.5,96.8,17.4,1650.8,13.8,346.7,1065.7,224.7,64.6,500.0,31.4,0
Coastal Karnataka,2019,11.4,37.1,37.8,141.2,313.5,626.2,984.8,394.8,311.7,139.7,45.5,24.8,3068.7,48.5,492.6,2317.5,210.1,14.0,250.0,24.0,1
Konkan & Goa,1981,22.7,16.2,48.2,110.9,244.6,543.2,1095.3,822.8,238.1,270.1,92.8,33.4,3538.2,38.9,403.7,2699.4,396.3,12.0,80.0,27.0,1
Odisha,2023,6.4,20.1,7.2,59.8,128.3,267.3,264.7,138.7,149.7,167.6,7.6,0.0,1217.6,26.6,195.3,820.4,175.2,70.6,30.0,33.1,0
Gujarat Region,2002,6.4,15.8,40.4,82.7,164.9,267.1,285.1,535.1,212.3,0.0,116.8,22.2,1748.8,22.2,288.0,1299.7,139.0,57.2,30.0,34.4,1
Tamil Nadu,2020,7.8,17.3,20.2,28.9,172.0,209.3,728.0,272.3,285.2,113.7,80.6,37.1,1972.6,25.1,221.2,1494.8,231.5,46.6,850.0,36.3,0
Assam & Meghalaya,1991,23.5,23.3,57.4,105.1,303.1,557.6,727.0,719.8,464.2,198.7,112.0,43.4,3335.0,46.8,465.6,2468.5,354.1,18.4,850.0,32.8,1
Odisha,1995,2.6,8.1,18.0,33.7,118.9,360.1,659.8,216.1,387.3,180.3,41.0,2.9,2028.8,10.7,170.7,1623.3,224.2,33.2,80.0,32.6,1
Odisha,2015,16.9,13.8,23.8,59.4,106.2,275.0,703.5,391.6,222.8,118.7,74.1,3.9,2009.8,30.7,189.4,1592.9,196.8,31.9,850.0,35.7,0
Gujarat Region,2019,5.2,10.9,17.9,43.5,54.9,453.6,595.7,561.0,70.9,104.3,61.2,30.7,2009.7,16.2,116.2,1681.2,196.1,29.3,15.0,36.4,1
Gujarat Region,2016,8.9,15.8,43.7,112.3,238.9,400.3,689.8,438.5,133.7,167.2,101.9,17.2,2368.2,24.8,394.8,1662.3,286.3,29.9,850.0,32.4,0
East Uttar Pradesh,2006,16.1,11.6,9.3,52.7,188.7,432.6,336.8,428.0,105.4,111.2,101.9,15.5,1809.9,27.7,250.7,1302.9,228.6,57.3,850.0,25.4,0
Bihar,2007,14.7,10.1,13.8,52.8,208.9,510.3,665.4,210.2,216.0,182.7,69.0,26.3,2180.2,24.8,275.5,1601.9,278.0,38.6,15.0,31.1,1
Gangetic West Bengal,1990,4.9,3.5,18.9,27.3,88.4,276.2,638.9,500.6,215.8,207.3,54.1,9.4,2045.3,8.4,134.6,1631.5,270.7,36.4,850.0,34.7,0
Tamil Nadu,2016,0.0,17.3,23.2,73.2,135.9,390.5,445.6,338.2,208.4,133.0,42.6,22.0,1830.0,17.3,232.3,1382.7,197.7,51.7,15.0,32.3,1
Tamil Nadu,1987,5.7,12.6,49.0,26.6,183.1,293.5,483.9,435.9,290.0,213.1,60.9,45.4,2099.7,18.3,258.7,1503.4,319.3,55.5,850.0,28.7,0
Gujarat Region,2022,13.1,19.2,44.0,98.1,131.2,255.5,185.5,497.4,252.0,79.8,6.3,17.3,1599.4,32.3,273.3,1190.4,103.3,65.0,850.0,36.7,0
Gangetic West Bengal,1998,0.0,9.4,11.5,64.5,157.6,476.7,545.0,239.2,100.9,150.1,44.1,14.8,1813.8,9.4,233.6,1361.8,209.0,41.3,80.0,29.4,1
Konkan & Goa,1983,35.8,21.1,33.4,146.9,220.3,610.2,751.5,668.8,556.9,274.7,76.2,31.3,3427.1,56.9,400.6,2587.4,382.2,16.1,80.0,26.7,1
Kerala,1990,18.4,7.7,19.8,49.9,255.0,615.7,586.0,684.8,372.5,271.2,56.5,41.1,2978.7,26.1,324.7,2259.0,368.8,19.5,80.0,32.5,1
Assam & Meghalaya,1996,14.3,26.3,33.6,93.9,303.8,202.5,966.3,673.3,517.8,367.7,101.8,24.4,3325.7,40.6,431.3,2359.9,493.9,12.0,80.0,30.7,1
Odisha,1996,19.4,9.9,39.9,59.7,181.4,257.2,529.4,466.2,263.8,54.8,58.0,21.4,1961.1,29.3,281.0,1516.7,134.1,40.4,80.0,29.1,1
Rayalseema,1995,22.0,31.6,17.9,60.7,215.5,97.5,759.3,371.1,454.3,196.1,38.2,25.8,2290.0,53.6,294.1,1682.2,260.2,25.5,850.0,28.3,0
Tamil Nadu,1994,16.9,6.7,21.3,26.8,85.4,385.3,708.6,433.9,232.3,212.8,24.9,24.0,2179.0,23.6,133.6,1760.2,261.6,30.5,15.0,30.3,1
Assam & Meghalaya,2009,24.9,12.6,66.7,64.4,277.2,494.5,889.5,619.1,449.3,142.6,93.0,38.8,3172.6,37.5,408.3,2452.4,274.4,20.8,250.0,29.0,1
Gangetic West Bengal,2018,0.0,13.0,45.6,79.3,227.6,320.1,617.0,403.5,173.2,115.8,79.0,26.9,2101.0,13.0,352.4,1513.7,221.7,39.8,80.0,30.0,1
Odisha,2009,0.0,31.7,45.9,53.6,201.7,512.6,539.0,205.3,364.9,212.4,107.1,15.1,2289.4,31.7,301.3,1621.8,334.6,42.4,80.0,34.3,1
Coastal Karnataka,1997,8.2,27.4,54.9,83.9,320.1,671.4,670.6,740.8,358.6,233.6,57.6,25.7,3252.9,35.6,458.9,2441.5,316.9,12.0,850.0,30.0,1
Coastal Karnataka,2018,14.5,17.1,50.6,87.0,106.7,710.0,767.2,860.2,348.3,192.9,113.8,27.6,3296.1,31.6,244.3,2685.8,334.4,17.2,15.0,35.5,1
Kerala,2003,13.5,16.6,36.5,122.6,208.7,500.7,693.3,554.6,440.3,288.1,135.4,32.9,3043.3,30.0,367.8,2189.0,456.5,21.6,850.0,31.4,1
Rayalseema,2014,16.4,21.3,19.7,82.9,163.0,488.4,411.4,603.0,367.1,153.3,82.6,1.8,2410.9,37.7,265.6,1870.0,237.6,40.4,250.0,26.7,1
Sub-Himalayan West Bengal,2015,6.5,18.4,17.7,17.9,159.2,274.4,436.1,584.9,96.6,147.0,51.5,16.5,1826.8,24.9,194.9,1392.0,215.0,48.8,80.0,33.3,1
Gujarat Region,2017,6.4,23.9,13.3,67.7,150.7,441.7,286.3,229.3,210.7,165.2,41.8,23.7,1660.6,30.2,231.6,1168.1,230.7,62.5,250.0,26.9,0
Gujarat Region,2021,12.2,6.1,28.0,80.8,142.8,535.8,613.4,468.8,204.9,145.7,65.9,22.7,2327.1,18.2,251.6,1822.9,234.3,28.0,80.0,28.5,1
Sub-Himalayan West Bengal,2018,16.0,18.3,9.3,49.9,184.7,388.0,436.3,379.5,337.2,98.7,40.9,39.1,1997.6,34.2,243.9,1540.9,178.6,51.4,250.0,32.3,1
East Uttar Pradesh,1981,13.0,10.9,4.1,72.2,180.1,395.1,694.4,415.1,215.3,84.9,81.7,22.8,2189.5,23.9,256.5,1719.9,189.3,28.5,850.0,29.5,0
Odisha,1989,10.7,18.5,23.8,45.5,151.1,310.0,505.9,442.4,251.4,208.2,82.6,11.4,2061.5,29.2,220.3,1509.7,302.3,49.5,30.0,33.2,1
Sub-Himalayan West Bengal,2019,25.7,9.5,10.3,49.3,204.4,242.6,494.5,329.5,331.0,256.4,85.9,23.5,2062.7,35.2,263.9,1397.7,365.8,45.8,15.0,32.6,1
Tamil Nadu,2012,11.8,6.3,20.1,59.4,250.8,182.8,566.5,319.7,446.0,128.2,84.2,18.7,2094.5,18.1,330.3,1515.0,231.1,43.1,80.0,35.8,1
Konkan & Goa,2024,22.2,19.1,60.2,51.0,298.2,503.4,686.9,665.8,397.5,56.3,89.8,24.6,2875.0,41.3,409.5,2253.6,170.7,22.3,250.0,26.2,0
Gangetic West Bengal,1997,14.2,21.8,38.6,67.2,104.1,299.1,515.3,374.6,173.8,15.5,107.7,30.9,1762.8,36.0,209.8,1362.9,154.1,53.1,850.0,32.6,0
Bihar,1991,14.7,14.1,16.3,42.7,94.1,407.1,383.3,399.3,294.7,80.7,86.2,15.6,1848.8,28.8,153.0,1484.4,182.6,49.6,500.0,36.7,0
Sub-Himalayan West Bengal,1999,7.6,7.8,45.5,78.0,170.8,417.5,566.4,276.6,298.2,38.7,86.9,9.4,2003.4,15.3,294.4,1558.6,135.0,45.1,30.0,36.1,1
Sub-Himalayan West Bengal,1989,4.4,21.4,42.4,66.0,260.1,340.9,388.9,456.6,230.8,134.5,69.1,20.4,2035.4,25.8,368.4,1417.2,224.0,45.3,250.0,23.1,1
Odisha,2001,11.6,20.8,40.6,65.1,107.8,389.4,357.5,441.8,135.8,224.0,118.9,8.8,1922.2,32.4,213.6,1324.5,351.7,52.6,500.0,34.9,0
Bihar,1983,13.2,17.0,19.2,51.8,228.6,424.8,549.8,525.2,179.5,196.0,78.9,29.8,2313.9,30.3,299.6,1679.3,304.7,32.4,850.0,31.3,0
East Uttar Pradesh,1990,10.0,7.8,4.4,99.3,80.5,456.3,453.9,401.3,140.4,83.2,78.4,5.3,1820.9,17.8,184.3,1451.9,166.9,45.6,30.0,33.2,1
Rayalseema,1997,8.5,7.2,41.0,62.8,216.5,395.3,688.0,553.0,282.2,216.9,128.6,0.0,2600.1,15.6,320.3,1918.5,345.5,26.7,850.0,30.9,1
Kerala,1981,0.1,25.4,60.5,118.4,149.9,636.4,1075.7,569.4,445.6,199.0,96.4,24.9,3401.7,25.5,328.9,2727.1,320.3,12.0,15.0,35.7,1
Konkan & Goa,2022,24.4,30.0,54.5,80.4,193.5,751.0,893.7,611.2,514.9,207.2,139.7,12.2,3512.8,54.4,328.4,2770.9,359.2,12.0,30.0,23.2,1
Gujarat Region,2002,7.7,18.5,33.4,117.8,188.5,273.5,660.6,210.8,192.2,162.6,144.3,15.5,2025.3,26.2,339.6,1337.1,322.3,38.3,850.0,31.0,0
Gujarat Region,2012,4.1,12.9,27.2,80.1,192.3,231.3,461.2,558.6,40.3,142.6,16.9,14.5,1782.2,17.0,299.7,1291.4,174.0,53.8,30.0,34.4,1
Gangetic West Bengal,1983,4.9,14.5,6.0,72.5,199.2,371.0,595.2,416.5,76.9,171.3,44.1,29.4,2001.3,19.3,277.7,1459.5,244.9,43.3,15.0,26.3,1
Bihar,2024,0.0,25.8,9.2,83.1,137.5,37.3,692.3,524.4,352.3,146.5,99.3,19.8,2127.4,25.8,229.8,1606.3,265.6,39.3,15.0,24.3,1
Tamil Nadu,2006,3.7,18.2,22.3,55.6,170.3,300.1,471.4,258.2,161.5,138.0,41.2,16.9,1657.4,21.9,248.2,1191.2,196.0,54.0,500.0,33.1,0
Konkan & Goa,2007,12.3,29.4,35.7,142.7,227.4,738.1,744.1,677.1,377.9,163.2,114.6,34.8,3297.3,41.6,405.8,2537.3,312.6,12.0,30.0,33.0,1
Sub-Himalayan West Bengal,2020,6.0,24.2,16.0,77.7,177.8,160.9,422.6,264.5,250.8,91.2,56.8,22.6,1571.1,30.3,271.5,1098.8,170.6,54.7,500.0,29.1,0
Gujarat Region,2022,17.9,14.9,24.1,0.0,183.5,420.5,319.4,420.4,248.0,214.3,47.2,16.2,1926.4,32.8,207.6,1408.3,277.7,51.9,850.0,25.8,0
Assam & Meghalaya,1984,23.6,12.3,28.9,87.2,296.5,493.8,1024.3,780.0,448.9,282.1,44.9,31.3,3553.8,35.9,412.6,2747.0,358.4,12.0,80.0,26.8,1
Sub-Himalayan West Bengal,1985,4.8,16.2,29.8,50.2,172.2,351.7,541.1,314.3,309.4,196.8,75.1,21.3,2082.8,21.0,252.2,1516.5,293.2,41.2,850.0,35.8,0
Rayalseema,2008,12.4,15.7,38.1,6.1,183.6,229.4,733.0,565.7,198.8,135.0,99.6,13.7,2231.2,28.1,227.8,1727.0,248.3,36.8,850.0,33.1,0
Gangetic West Bengal,2006,6.9,21.3,28.3,35.1,211.9,323.8,754.4,389.4,170.3,162.0,46.7,17.6,2167.6,28.2,275.2,1637.9,226.3,28.7,15.0,28.2,1
East Uttar Pradesh,1986,12.0,15.6,38.4,54.6,97.3,151.2,669.8,461.5,136.2,164.4,106.2,10.3,1917.5,27.7,190.3,1418.7,280.9,41.1,850.0,24.6,0
East Uttar Pradesh,2001,14.8,29.7,44.6,54.6,101.7,215.9,675.7,336.2,210.7,166.3,103.3,22.9,1976.4,44.5,200.8,1438.5,292.5,42.6,80.0,33.7,1
East Uttar Pradesh,2014,11.5,17.5,30.0,79.9,194.6,268.6,608.5,407.6,286.8,39.0,80.2,13.8,2038.0,28.9,304.5,1571.5,133.1,37.7,850.0,24.9,0
Assam & Meghalaya,2001,35.2,31.8,41.5,71.4,168.9,496.0,691.7,527.7,346.5,331.4,104.4,33.5,2879.9,66.9,281.8,2061.9,469.2,26.2,15.0,31.1,1
Kerala,2019,12.9,17.5,68.1,81.1,233.4,740.8,1032.1,601.5,315.2,234.9,129.7,21.4,3488.7,30.4,382.6,2689.6,386.1,12.0,850.0,31.2,1
Gujarat Region,2008,7.6,30.8,28.2,101.8,131.6,321.0,518.7,306.6,319.7,151.3,46.6,23.1,1987.2,38.4,261.6,1466.0,221.1,42.7,850.0,36.9,0
East Uttar Pradesh,2004,9.1,19.5,12.2,76.4,101.7,468.8,644.9,337.9,326.6,71.4,96.5,10.5,2175.7,28.6,190.4,1778.2,178.4,34.7,250.0,28.7,1
Bihar,1991,7.7,13.2,50.8,70.6,63.1,374.2,593.2,331.8,118.9,234.2,53.8,11.1,1922.6,20.9,184.4,1418.2,299.1,42.6,500.0,32.1,1
Gangetic West Bengal,1984,3.2,11.2,1.2,108.7,175.2,290.1,378.5,422.5,291.5,101.5,105.5,11.6,1900.5,14.5,285.0,1382.5,218.5,56.1,30.0,33.7,1
Assam & Meghalaya,2007,20.4,16.8,60.6,86.4,286.8,467.7,1012.7,559.6,231.2,255.2,137.1,29.9,3164.3,37.2,433.7,2271.2,422.2,12.0,30.0,28.4,1
Odisha,2007,2.8,14.2,13.1,74.9,214.0,547.4,436.4,560.4,386.0,257.8,86.8,12.8,2606.7,17.0,302.0,1930.3,357.4,35.4,250.0,28.3,1
Gujarat Region,2006,11.9,2.5,46.2,45.6,143.4,140.4,581.7,467.0,408.7,204.2,9.6,20.8,2081.9,14.4,235.1,1597.7,234.7,31.9,850.0,30.5,0
Konkan & Goa,1986,22.4,24.6,51.4,113.8,262.1,451.1,937.6,510.0,372.8,196.8,66.2,29.2,3038.1,47.0,427.3,2271.5,292.2,19.5,30.0,28.0,1
Kerala,1993,9.3,21.6,28.3,121.5,293.6,709.2,1062.3,881.4,475.8,302.7,80.3,21.7,4007.7,30.9,443.4,3128.7,404.7,12.0,500.0,32.3,1
Gujarat Region,1982,10.9,18.6,18.0,72.0,167.8,759.5,275.4,469.4,188.9,157.7,5.8,20.4,2164.3,29.6,257.7,1693.2,183.8,47.7,850.0,25.5,0
Coastal Karnataka,2001,12.3,11.7,35.8,54.3,204.7,766.0,1063.1,554.3,515.0,311.1,157.5,28.3,3714.1,24.0,294.8,2898.4,496.9,12.0,30.0,36.2,1
Odisha,2016,9.8,25.6,37.3,73.8,186.2,401.4,525.2,381.3,339.5,84.8,75.0,24.3,2164.2,35.4,297.3,1647.4,184.1,44.0,850.0,32.5,0
Coastal Karnataka,2003,18.9,7.8,44.7,152.3,238.3,642.0,405.8,762.7,368.2,254.0,92.0,29.4,3016.2,26.7,435.3,2178.8,375.4,32.1,250.0,26.6,1
Kerala,2021,13.9,23.0,43.7,84.9,269.6,755.7,910.8,623.7,377.2,230.9,141.8,39.1,3514.2,36.9,398.2,2667.4,411.8,12.0,30.0,27.8,1
Kerala,2016,20.1,37.3,53.1,80.3,223.4,352.8,879.3,473.3,402.8,215.7,149.7,12.4,2900.4,57.4,356.8,2108.3,377.8,15.3,850.0,28.5,1
Bihar,2020,17.5,14.5,0.0,56.8,298.6,329.5,487.8,400.3,229.4,99.2,96.3,6.4,2036.2,31.9,355.4,1447.0,201.9,48.2,850.0,32.2,0
Konkan & Goa,1981,25.4,24.6,49.8,88.6,209.1,632.3,947.2,744.7,297.9,306.5,76.6,25.3,3428.0,50.0,347.4,2622.1,408.5,12.0,250.0,24.8,1
Sub-Himalayan West Bengal,1989,2.2,13.6,15.1,68.4,211.4,439.8,297.7,432.2,265.8,252.2,50.5,4.5,2053.4,15.8,294.9,1435.5,307.2,51.8,850.0,37.0,0
Rayalseema,1990,4.9,18.5,49.8,53.9,158.8,404.0,306.5,485.3,29.7,177.8,48.0,26.9,1764.0,23.4,262.5,1225.4,252.7,62.6,30.0,32.0,1
Konkan & Goa,2016,20.3,33.8,65.4,100.2,165.4,508.1,999.8,527.4,349.5,234.9,106.8,27.1,3138.7,54.1,331.0,2384.8,368.8,12.0,250.0,35.7,1
Odisha,1990,0.0,0.0,5.4,66.3,121.5,290.5,438.7,348.5,178.3,46.3,79.5,31.7,1606.6,0.0,193.1,1256.0,157.4,59.7,30.0,35.2,1
Assam & Meghalaya,1994,17.9,23.9,54.2,123.2,267.8,646.4,885.3,424.8,347.9,325.8,127.3,33.8,3278.2,41.7,445.1,2304.4,486.9,17.5,15.0,24.9,1
Gujarat Region,2007,7.3,22.8,24.4,35.7,114.1,502.4,741.2,760.6,362.2,174.0,58.2,12.9,2815.6,30.0,174.2,2366.3,245.1,13.6,850.0,36.5,1
Gangetic West Bengal,2017,5.8,14.9,36.8,69.3,97.0,574.5,528.8,617.4,167.6,125.3,0.2,8.3,2246.1,20.8,203.2,1888.4,133.8,35.5,15.0,26.7,1
Bihar,2003,7.3,4.7,45.6,46.0,89.2,108.4,730.3,454.1,199.5,202.7,82.6,28.5,1998.9,12.0,180.8,1492.4,313.8,30.9,850.0,32.3,0
Rayalseema,1982,11.8,22.8,9.9,43.5,117.1,284.4,791.3,488.8,299.2,44.8,67.3,25.8,2206.9,34.6,170.5,1863.8,138.0,19.4,500.0,33.1,1
Gujarat Region,1994,12.5,7.2,16.9,107.2,194.4,317.8,389.6,547.3,281.3,156.1,51.4,12.9,2094.6,19.7,318.5,1536.0,220.4,45.7,15.0,28.2,1
Tamil Nadu,2012,6.2,12.1,35.9,65.6,143.1,345.9,390.4,672.5,157.0,142.8,76.7,11.3,2059.7,18.3,244.7,1565.9,230.8,45.3,500.0,35.9,0
Tamil Nadu,1993,16.4,5.5,9.7,141.7,254.0,596.7,346.1,318.0,202.3,182.6,118.1,9.0,2200.1,22.0,405.4,1463.1,309.6,43.1,80.0,35.6,1
Assam & Meghalaya,2010,13.2,27.1,72.5,66.9,276.1,562.6,1113.0,675.3,672.0,325.9,87.9,37.1,3929.6,40.3,415.5,3022.9,450.9,12.0,250.0,32.6,0
Gujarat Region,1996,9.0,15.3,33.4,70.0,157.9,495.6,339.0,340.4,223.6,158.3,64.5,29.0,1936.0,24.4,261.3,1398.5,251.8,56.6,80.0,30.3,1
Gujarat Region,1999,14.8,23.7,18.2,92.7,199.3,341.5,462.9,490.4,182.3,134.1,104.6,11.6,2076.1,38.5,310.3,1477.0,250.2,55.2,30.0,28.8,1
Bihar,1995,1.2,28.6,37.9,37.9,155.4,304.9,584.3,423.7,68.3,239.5,132.9,1.3,2016.0,29.8,231.3,1381.2,373.7,39.6,15.0,30.5,1
Konkan & Goa,2003,8.4,19.1,71.1,111.8,227.4,755.2,737.7,599.0,429.1,160.6,72.6,27.5,3219.6,27.5,410.4,2521.0,260.8,16.9,80.0,36.6,1
Sub-Himalayan West Bengal,2007,7.8,10.4,39.0,49.8,143.6,383.0,589.8,248.4,361.1,127.4,93.7,0.1,2054.3,18.3,232.4,1582.4,221.2,45.9,250.0,34.2,1
Assam & Meghalaya,2002,26.9,19.8,15.5,79.2,240.5,562.1,898.1,810.1,386.6,322.2,59.6,0.0,3420.5,46.7,335.2,2656.8,381.8,12.0,250.0,31.6,1
Bihar,2007,13.5,9.5,46.9,32.8,198.5,422.6,216.6,408.6,105.3,160.3,36.2,36.5,1687.1,23.0,278.1,1153.0,233.0,58.2,80.0,36.4,1
Tamil Nadu,1992,14.7,19.1,28.9,109.8,120.3,528.4,344.7,810.2,214.9,183.4,41.6,7.7,2423.8,33.8,259.0,1898.2,232.8,33.7,500.0,26.2,1
Rayalseema,1993,12.6,22.2,11.3,70.5,160.8,410.8,531.0,466.9,293.3,40.6,78.7,23.9,2122.6,34.8,242.5,1702.1,143.3,43.1,15.0,26.6,1
Kerala,1980,14.7,24.9,33.6,113.6,169.8,477.1,885.5,616.3,182.7,231.0,77.5,56.6,2883.4,39.6,317.0,2161.6,365.1,24.9,850.0,35.1,1
Gujarat Region,1993,20.4,18.0,56.5,43.0,217.5,176.1,562.4,366.1,313.7,191.2,90.6,20.8,2076.3,38.4,317.0,1418.3,302.6,45.5,15.0,32.1,1
Odisha,1984,13.4,14.4,27.2,47.2,145.7,205.8,458.7,495.1,266.9,189.1,73.7,35.1,1972.3,27.8,220.1,1426.4,298.0,50.0,850.0,26.9,0
Coastal Karnataka,1998,22.0,28.6,39.0,102.1,295.5,645.9,725.5,791.4,349.8,206.0,113.1,23.4,3342.5,50.6,436.7,2512.6,342.6,17.1,500.0,27.4,1
Kerala,2009,14.8,19.5,48.3,66.3,284.0,349.7,820.9,658.8,494.8,208.7,151.0,23.2,3140.0,34.3,398.6,2324.1,382.9,12.1,80.0,28.6,1
Odisha,1986,3.2,2.6,36.6,98.6,200.4,203.1,583.4,370.7,184.5,237.3,70.7,4.3,1995.5,5.8,335.6,1341.8,312.3,48.7,850.0,27.2,0
Kerala,2018,18.6,26.8,52.8,134.6,304.8,544.7,886.4,838.4,462.8,290.2,111.3,27.6,3699.0,45.4,492.2,2732.3,429.1,12.0,15.0,30.2,1
Tamil Nadu,1994,16.3,7.8,26.1,55.3,108.2,520.2,541.7,397.9,238.6,185.6,40.1,10.9,2148.6,24.1,189.5,1698.4,236.6,37.2,850.0,31.4,0
Rayalseema,2000,8.2,16.3,66.8,49.2,251.9,316.5,735.1,827.6,231.7,163.2,81.9,10.0,2758.6,24.6,367.9,2110.9,255.2,22.3,80.0,36.0,1
Coastal Karnataka,2014,21.8,26.9,40.0,92.2,252.0,606.1,940.9,681.0,445.5,152.8,128.6,41.6,3429.4,48.7,384.1,2673.5,323.0,12.0,250.0,33.4,1
East Uttar Pradesh,2015,16.1,30.4,0.0,20.1,135.2,89.5,340.0,460.9,218.7,181.7,35.6,15.5,1543.7,46.5,155.3,1109.1,232.7,56.9,250.0,23.2,0
Assam & Meghalaya,1983,16.5,33.4,55.6,99.0,200.0,580.7,876.5,644.9,437.0,289.5,144.1,37.5,3414.7,50.0,354.6,2539.1,471.1,12.0,500.0,33.4,1
Sub-Himalayan West Bengal,1980,3.9,0.0,29.4,70.1,169.8,362.0,612.5,487.1,236.0,217.5,72.6,5.5,2266.4,3.9,269.3,1697.6,295.6,35.7,500.0,25.5,1
Odisha,2016,14.5,12.5,26.5,25.8,189.6,212.0,675.4,296.7,330.2,71.7,46.4,10.2,1911.5,27.0,241.9,1514.3,128.2,23.4,250.0,23.4,1
Gangetic West Bengal,2010,6.5,10.5,26.3,44.7,161.1,160.0,412.1,381.8,122.3,118.7,45.5,17.1,1506.7,17.0,232.2,1076.2,181.3,64.5,500.0,28.7,0
East Uttar Pradesh,2011,5.9,7.3,39.0,74.1,141.2,323.7,644.8,456.2,319.9,178.5,83.8,18.0,2292.4,13.2,254.3,1744.5,280.4,31.8,250.0,26.8,1
Odisha,2015,9.8,15.7,22.1,56.1,213.3,168.4,571.6,203.7,94.2,61.0,76.2,30.7,1522.7,25.4,291.5,1037.9,167.9,56.6,30.0,24.0,1
Konkan & Goa,1982,20.3,28.2,71.1,83.6,207.7,549.9,836.8,745.0,479.4,212.8,89.8,28.9,3353.7,48.5,362.5,2611.2,331.5,12.0,30.0,28.2,1
Gujarat Region,2005,9.5,23.4,6.3,73.9,149.0,488.1,639.3,338.1,425.5,166.7,13.1,15.4,2348.4,32.9,229.2,1891.1,195.2,33.8,250.0,31.6,1
Rayalseema,1993,9.2,15.6,31.6,84.1,184.5,213.1,356.1,249.9,203.9,233.2,92.3,11.5,1684.9,24.8,300.2,1023.0,337.0,49.1,30.0,24.9,1
Gangetic West Bengal,1991,11.2,35.4,0.0,86.1,176.4,410.6,625.4,563.1,210.3,92.4,69.1,21.4,2301.4,46.5,262.4,1809.5,182.9,36.0,250.0,30.7,0
Gangetic West Bengal,1984,4.5,17.4,11.7,59.0,76.7,458.2,179.9,294.4,286.8,138.9,77.6,10.4,1615.5,21.9,147.3,1219.3,226.9,66.8,30.0,29.0,1
Sub-Himalayan West Bengal,1990,1.9,21.1,34.5,79.2,139.9,296.8,500.3,468.6,301.4,119.3,83.0,7.5,2053.5,23.0,253.6,1567.1,209.8,42.7,80.0,25.7,1
East Uttar Pradesh,1990,9.6,14.3,2.1,85.3,117.5,344.0,336.5,425.0,292.5,184.8,33.7,7.2,1852.7,23.9,204.9,1398.1,225.7,61.4,15.0,28.1,1
Bihar,1997,11.1,13.8,38.5,37.9,237.1,328.3,445.8,565.6,208.6,134.7,78.3,42.6,2142.3,25.0,313.5,1548.2,255.6,48.8,15.0,25.5,1
Gujarat Region,2005,15.3,12.6,38.8,79.1,52.6,328.1,584.3,429.9,400.4,144.1,62.4,9.4,2157.1,27.8,170.5,1742.8,215.9,35.5,80.0,32.2,1
Gangetic West Bengal,2002,18.0,34.7,36.3,67.7,155.0,374.9,503.0,614.1,273.4,166.8,86.8,18.7,2349.4,52.8,258.9,1765.4,272.2,38.1,30.0,35.5,1
Rayalseema,1980,15.9,18.3,27.2,79.0,173.8,305.5,426.2,294.5,52.6,160.8,120.4,13.7,1687.9,34.2,279.9,1078.8,295.0,60.9,250.0,34.4,0
Odisha,2024,7.0,9.9,15.4,67.7,141.2,302.7,657.1,601.8,174.6,240.0,43.3,24.8,2285.3,16.9,224.3,1736.2,308.1,31.2,500.0,31.5,1
Tamil Nadu,2003,12.4,18.9,27.5,94.7,152.1,336.1,489.2,446.8,57.6,188.4,47.5,23.0,1894.4,31.3,274.4,1329.7,259.0,52.5,850.0,26.5,0
Odisha,1985,5.8,0.0,0.0,31.1,197.9,441.0,647.7,414.0,224.7,134.1,42.6,19.0,2157.8,5.8,229.0,1727.3,195.7,41.7,250.0,25.6,1
Sub-Himalayan West Bengal,2013,0.1,26.8,43.7,31.1,207.6,272.0,430.7,273.2,228.9,76.0,53.8,0.0,1643.8,26.9,282.3,1204.7,129.8,51.1,500.0,33.0,0
Kerala,2014,16.2,32.4,46.8,117.5,329.5,599.4,858.7,536.5,505.6,245.2,100.6,25.6,3414.0,48.6,493.8,2500.2,371.4,12.0,15.0,33.2,1
Odisha,1994,7.2,27.1,22.5,7.3,150.7,180.1,557.9,491.8,315.5,203.3,93.7,24.0,2081.2,34.4,180.5,1545.2,321.1,43.7,850.0,26.8,0
Konkan & Goa,1997,14.0,30.0,60.5,111.1,216.1,516.0,912.0,549.2,479.0,278.6,94.2,22.9,3283.7,44.0,387.8,2456.3,395.6,12.0,850.0,25.0,1
Konkan & Goa,2001,17.6,25.3,30.4,105.4,290.7,367.9,994.5,765.5,398.8,258.5,95.3,14.6,3364.5,42.9,426.5,2526.7,368.3,12.0,15.0,29.7,1
Konkan & Goa,2021,15.1,39.2,49.2,126.8,298.1,579.0,1077.3,818.1,554.5,247.5,107.6,41.7,3954.4,54.4,474.2,3029.0,396.9,12.0,500.0,29.8,1
Rayalseema,2002,13.7,8.9,16.6,49.5,108.8,231.3,524.4,411.9,185.0,198.1,60.4,27.0,1835.6,22.6,174.9,1352.6,285.5,50.0,15.0,37.0,1
Sub-Himalayan West Bengal,2021,6.9,6.4,46.2,44.7,124.6,481.4,766.5,340.7,227.6,147.4,63.3,25.4,2281.0,13.3,215.5,1816.1,236.1,30.7,80.0,30.5,1
Coastal Karnataka,2014,27.3,29.7,45.7,73.6,213.0,625.2,540.9,730.5,520.0,269.2,71.1,23.4,3169.8,57.1,332.3,2416.7,363.7,13.8,30.0,33.1,1
Bihar,1985,11.8,20.6,22.9,91.1,125.6,309.7,548.9,294.0,310.9,92.9,62.1,5.2,1895.7,32.4,239.5,1463.5,160.3,35.4,500.0,27.2,1
Konkan & Goa,1993,12.5,21.6,60.1,88.6,328.9,624.6,662.2,944.0,371.4,186.7,129.3,26.2,3456.1,34.2,477.5,2602.3,342.1,12.0,80.0,35.4,1
Coastal Karnataka,2018,10.3,17.5,31.7,114.8,269.4,699.2,774.6,514.1,375.3,229.2,89.3,30.3,3155.6,27.8,415.9,2363.2,348.8,12.0,80.0,30.3,1
East Uttar Pradesh,2003,4.1,5.9,27.2,90.5,39.9,411.6,811.9,334.8,300.5,69.3,47.5,5.8,2149.0,10.0,157.6,1858.8,122.6,27.8,850.0,34.4,1
Gangetic West Bengal,1996,5.3,8.5,19.0,66.8,223.5,379.0,510.8,412.6,257.8,236.4,78.7,6.6,2205.0,13.8,309.3,1560.2,321.6,43.2,15.0,24.1,1
Bihar,2023,12.7,10.0,37.9,52.9,75.5,370.5,776.9,502.3,290.7,79.8,78.8,6.7,2294.6,22.7,166.3,1940.4,165.3,23.3,850.0,23.3,1
Rayalseema,2002,12.3,11.2,7.1,43.9,66.6,459.3,480.9,476.7,253.1,158.4,48.4,12.1,2030.0,23.6,117.6,1670.0,218.9,46.8,850.0,28.8,0
Gangetic West Bengal,1981,12.2,15.4,39.0,86.6,168.0,362.9,819.4,429.5,246.3,238.9,61.2,22.9,2502.3,27.6,293.6,1858.1,323.0,26.0,30.0,33.2,1
Tamil Nadu,2020,8.3,31.0,10.2,23.6,232.5,230.6,702.2,309.7,130.0,152.2,77.6,19.7,1927.5,39.3,266.3,1372.5,249.5,37.7,500.0,35.7,1
Odisha,1996,3.4,23.4,11.7,24.1,134.3,452.6,770.2,547.3,229.7,186.5,69.0,9.1,2461.3,26.8,170.1,1999.9,264.5,22.4,500.0,29.2,1
Odisha,2015,16.8,6.1,12.4,63.7,151.3,337.3,566.1,360.5,222.8,43.6,68.8,21.8,1871.2,22.9,227.4,1486.7,134.2,34.9,80.0,32.1,1
Bihar,1991,11.0,23.6,17.2,16.5,79.0,363.0,725.1,606.2,323.9,168.3,57.9,19.7,2411.2,34.6,112.7,2018.2,245.8,21.3,80.0,24.3,1
Gujarat Region,2021,1.0,4.6,21.9,16.7,107.7,380.5,256.4,568.6,327.9,112.6,21.8,15.6,1835.2,5.5,146.3,1533.3,150.1,53.2,500.0,30.1,0
Odisha,2001,13.9,19.3,15.3,74.7,94.8,305.6,356.7,392.5,295.2,194.6,99.2,21.1,1883.0,33.2,184.8,1350.0,315.0,64.1,850.0,36.6,0
Rayalseema,2009,11.1,6.0,36.4,47.3,192.3,154.6,601.2,245.3,247.8,175.2,105.9,13.7,1836.8,17.1,276.0,1248.9,294.9,40.9,500.0,26.7,0
Gangetic West Bengal,2010,10.1,30.0,38.3,46.5,128.3,227.7,292.4,620.3,250.1,119.5,94.7,12.0,1869.9,40.2,213.1,1390.4,226.2,53.3,500.0,34.7,0
Gujarat Region,2016,16.9,12.8,45.9,54.5,103.6,369.3,375.6,371.0,329.8,84.4,135.0,23.4,1922.1,29.7,204.0,1445.6,242.8,54.0,80.0,28.0,1
Sub-Himalayan West Bengal,2000,9.1,4.2,45.6,56.7,124.3,262.8,516.2,466.5,262.7,72.9,60.4,25.9,1907.5,13.4,226.7,1508.2,159.2,41.9,15.0,24.7,1
Rayalseema,2002,22.8,9.3,46.4,60.3,221.5,566.6,607.9,303.9,23.7,193.7,75.4,5.7,2137.2,32.1,328.2,1502.2,274.8,42.5,30.0,33.2,1
Konkan & Goa,2005,14.5,26.1,53.4,61.8,162.5,576.4,1058.1,649.7,401.6,202.0,117.1,22.5,3345.6,40.6,277.6,2685.7,341.6,12.0,80.0,29.2,1
East Uttar Pradesh,1986,17.7,19.8,10.1,52.8,214.0,474.6,456.1,402.6,235.2,191.3,130.3,9.3,2213.7,37.5,276.9,1568.5,330.8,47.1,850.0,26.0,0
Bihar,2004,13.9,18.4,14.5,64.6,139.0,307.3,476.1,328.4,244.6,198.9,67.8,19.9,1893.5,32.3,218.0,1356.5,286.7,49.1,15.0,34.0,1
Kerala,2007,8.9,26.4,39.2,100.2,190.4,552.9,825.6,642.7,493.1,268.3,104.5,21.0,3273.2,35.3,329.8,2514.3,393.8,22.5,30.0,29.4,1
East Uttar Pradesh,1989,19.0,9.2,72.6,54.4,245.7,358.0,864.6,523.6,403.4,174.2,37.8,0.0,2762.4,28.2,372.7,2149.5,212.0,20.1,500.0,26.6,1
Gangetic West Bengal,2020,15.9,5.0,27.2,21.8,137.8,555.8,235.9,491.9,294.9,204.9,102.9,20.8,2114.8,20.9,186.7,1578.5,328.7,46.5,80.0,36.6,1
Coastal Karnataka,2004,13.8,23.4,54.9,110.9,238.6,791.8,999.6,831.7,434.7,287.3,71.2,12.1,3870.0,37.3,404.4,3057.8,370.6,12.0,500.0,33.2,1
East Uttar Pradesh,2004,17.0,18.4,18.9,78.1,164.0,266.8,530.9,579.5,256.6,237.7,73.9,6.0,2247.8,35.5,260.9,1633.8,317.6,49.5,30.0,27.2,1
Gangetic West Bengal,1999,0.0,5.9,45.4,44.3,95.0,608.6,423.5,438.8,227.7,113.3,91.8,8.4,2102.7,5.9,184.8,1698.6,213.5,47.2,30.0,27.7,1
Kerala,1994,17.2,30.5,63.4,75.0,305.5,625.5,708.2,560.2,162.1,239.4,106.2,30.7,2923.9,47.7,444.0,2056.0,376.2,24.0,30.0,33.2,1
Assam & Meghalaya,1981,11.2,17.6,69.0,102.9,276.1,614.1,718.8,708.4,420.0,220.6,123.4,35.9,3318.2,28.9,448.1,2461.4,379.9,18.3,850.0,32.9,1
Odisha,2001,12.4,6.5,15.5,48.3,160.7,234.3,770.7,412.3,287.5,156.0,88.3,30.8,2223.3,18.9,224.6,1704.7,275.1,29.8,850.0,30.5,0
Kerala,2020,14.6,27.0,49.9,109.1,338.5,532.5,806.0,750.2,259.1,242.7,117.7,33.1,3280.4,41.6,497.5,2347.7,393.5,14.2,250.0,30.8,1
Kerala,1985,22.0,29.2,30.7,73.3,250.6,689.6,685.5,673.7,153.9,219.9,104.0,23.6,2956.2,51.2,354.7,2202.7,347.5,15.4,15.0,24.0,1
Odisha,2004,11.2,0.0,42.2,89.9,124.2,313.3,740.2,265.4,258.0,66.7,37.6,6.8,1955.5,11.2,256.3,1576.9,111.1,34.0,80.0,32.1,1
Assam & Meghalaya,1986,24.9,42.7,38.4,91.2,228.4,670.3,667.3,600.0,274.5,322.5,172.2,21.6,3154.1,67.6,358.0,2212.1,516.3,26.7,80.0,28.9,1
Bihar,1999,7.6,12.3,35.6,61.9,113.8,438.5,467.2,499.5,330.3,235.2,117.8,17.6,2337.3,20.0,211.3,1735.4,370.6,41.9,500.0,30.0,1
Bihar,2001,15.0,18.3,23.5,64.7,116.4,278.7,175.4,504.2,88.4,221.6,4.8,21.8,1532.6,33.3,204.5,1046.7,248.1,66.3,15.0,25.8,1
Bihar,2019,10.0,23.9,22.9,22.2,237.2,444.9,549.9,681.2,328.4,110.6,88.1,3.4,2522.7,33.8,282.3,2004.5,202.1,22.3,30.0,29.9,1
Odisha,2000,7.2,24.5,56.2,43.0,164.1,397.2,629.1,346.0,202.4,100.9,77.7,12.6,2060.9,31.7,263.3,1574.8,191.2,39.5,850.0,32.4,0
Odisha,2013,12.0,23.9,29.3,56.5,45.2,406.4,658.2,432.8,249.2,209.4,106.2,4.1,2233.2,35.9,130.9,1746.7,319.7,27.9,850.0,32.6,0
Assam & Meghalaya,1997,14.4,27.6,49.1,47.8,265.4,375.5,928.2,890.5,366.9,295.2,108.7,7.1,3376.5,42.1,362.3,2561.1,411.0,12.0,15.0,24.4,1
Gujarat Region,2020,13.6,17.2,16.1,92.4,157.2,473.3,387.2,385.4,347.4,130.4,67.4,14.0,2101.6,30.7,265.7,1593.4,211.7,40.9,80.0,23.9,1
Gangetic West Bengal,1988,2.7,22.7,0.0,53.8,220.7,469.5,486.3,407.4,430.0,145.8,108.8,20.2,2368.0,25.5,274.6,1793.2,274.8,28.3,30.0,26.1,1
Kerala,1992,9.8,10.9,33.5,92.6,283.5,646.5,680.3,714.2,481.4,277.0,137.0,19.1,3385.8,20.7,409.6,2522.4,433.2,19.3,80.0,27.2,1
Konkan & Goa,1998,15.9,26.2,75.6,96.0,283.8,587.1,851.5,488.3,548.8,207.9,150.5,23.8,3355.5,42.2,455.4,2475.6,382.3,12.0,850.0,32.5,1
Tamil Nadu,1982,4.9,18.9,32.3,45.5,202.3,226.7,310.7,189.3,359.2,199.9,85.3,26.1,1701.1,23.8,280.2,1085.9,311.2,53.0,500.0,28.5,0
Gujarat Region,2016,7.2,29.6,44.5,53.8,82.0,367.1,625.0,547.0,297.8,83.9,30.3,24.0,2192.3,36.8,180.3,1836.8,138.2,30.0,850.0,35.5,0
Rayalseema,2002,6.6,0.0,40.5,60.1,17.0,171.8,265.4,475.1,331.6,111.4,107.2,9.1,1595.8,6.6,117.7,1243.9,227.7,69.1,500.0,31.0,0
Coastal Karnataka,2017,15.6,23.9,40.9,135.7,197.3,630.0,902.8,627.2,282.0,205.4,59.8,29.7,3150.4,39.5,374.0,2441.9,295.0,12.0,80.0,35.8,1
Coastal Karnataka,2018,19.8,19.8,40.5,107.9,293.4,524.1,900.4,732.2,342.9,269.0,144.7,25.2,3419.8,39.6,441.7,2499.5,438.9,12.0,250.0,35.5,1
Gujarat Region,2019,10.0,14.7,26.3,46.1,83.9,318.7,635.5,324.5,282.0,211.9,80.4,17.1,2051.1,24.6,156.3,1560.7,309.4,35.8,500.0,27.5,1
Gangetic West Bengal,1990,13.6,23.9,40.1,59.2,141.9,356.9,580.3,407.5,308.3,49.9,36.0,11.4,2029.0,37.5,241.2,1653.0,97.3,44.4,30.0,35.2,1
Coastal Karnataka,2011,12.2,25.7,57.8,95.8,221.9,470.7,1042.1,655.7,435.8,275.2,103.1,4.3,3400.2,37.9,375.4,2604.4,382.5,12.0,850.0,24.4,1
Assam & Meghalaya,1987,9.6,22.8,40.2,92.3,246.0,395.1,629.8,555.7,418.4,191.3,140.8,15.9,2757.8,32.4,378.4,1999.0,348.0,25.5,250.0,28.3,1
Odisha,2006,6.2,13.8,27.3,55.7,87.9,350.0,672.9,499.9,329.7,144.8,68.4,19.2,2275.8,20.0,170.8,1852.6,232.5,33.6,500.0,30.6,1
Coastal Karnataka,2004,12.0,28.2,67.9,122.2,299.0,737.0,753.3,692.0,239.0,173.6,79.9,30.3,3234.3,40.2,489.0,2421.3,283.8,12.0,250.0,33.7,1
Kerala,1993,5.4,6.4,48.7,126.7,227.3,625.5,722.8,763.6,324.2,276.4,122.6,15.8,3265.3,11.8,402.7,2436.1,414.8,12.0,30.0,36.2,1
Gujarat Region,2016,14.4,17.6,14.2,75.8,182.2,197.0,525.3,375.4,313.5,4.2,92.3,9.1,1821.1,32.0,272.2,1411.1,105.7,47.0,850.0,34.9,0
Tamil Nadu,2013,9.8,11.1,23.1,80.9,191.1,350.1,525.0,228.0,264.6,192.9,79.2,6.2,1962.0,20.8,295.1,1367.7,278.3,42.6,30.0,23.5,1
Konkan & Goa,1983,21.9,32.3,45.5,58.9,308.2,580.4,1007.1,740.1,523.0,209.0,185.0,24.8,3736.3,54.3,412.6,2850.6,418.7,12.0,250.0,32.2,1
Gujarat Region,1994,3.2,0.6,36.7,45.5,209.5,103.6,255.3,630.1,429.5,163.5,101.7,32.0,2011.2,3.9,291.7,1418.5,297.2,53.1,30.0,31.2,1
Sub-Himalayan West Bengal,1983,12.0,12.8,50.1,52.7,108.8,380.2,285.4,380.9,396.7,40.9,136.9,18.6,1875.8,24.8,211.6,1443.1,196.3,57.1,850.0,27.0,0
Odisha,2001,20.0,7.2,35.3,37.8,231.3,182.6,718.2,471.3,255.5,202.6,58.2,27.2,2247.3,27.2,304.4,1627.7,287.9,28.8,500.0,26.3,1
Bihar,2007,12.5,10.5,9.8,25.4,64.2,308.1,280.5,428.0,391.1,198.3,63.8,28.3,1820.6,23.0,99.4,1407.7,290.4,54.7,30.0,31.5,1
Kerala,1982,24.4,20.3,26.3,97.9,260.9,414.5,514.0,581.5,394.2,171.7,76.9,31.5,2614.2,44.7,385.1,1904.3,280.1,33.0,500.0,25.1,1
East Uttar Pradesh,1989,13.2,14.0,18.0,76.4,185.1,296.5,450.6,528.7,209.0,198.0,39.8,23.3,2052.8,27.3,279.5,1484.9,261.2,46.4,80.0,31.4,1
Rayalseema,2004,8.7,19.3,51.0,68.3,116.4,342.4,442.5,252.3,92.5,82.0,29.5,12.0,1516.8,28.0,235.6,1129.7,123.4,57.8,500.0,24.7,0
Coastal Karnataka,2008,9.9,24.5,43.4,113.5,271.5,683.2,1177.2,722.9,420.4,263.7,116.1,29.9,3876.4,34.5,428.5,3003.8,409.7,12.0,30.0,32.0,1
Assam & Meghalaya,2000,21.4,31.8,53.2,96.5,316.1,562.0,828.9,633.3,504.9,358.5,142.2,21.3,3570.2,53.2,465.8,2529.2,522.0,12.0,850.0,26.7,1
East Uttar Pradesh,2002,15.7,23.4,40.1,47.4,127.8,286.9,585.5,643.1,310.6,234.8,55.9,15.1,2386.1,39.2,215.2,1826.0,305.7,33.6,250.0,31.7,1
Gujarat Region,2016,12.2,27.5,20.1,13.3,146.1,503.8,688.5,184.7,314.2,229.1,59.2,11.0,2209.5,39.7,179.5,1691.1,299.3,36.1,250.0,26.7,1
Tamil Nadu,2015,5.3,12.8,29.2,65.3,56.9,376.4,602.6,404.7,264.7,95.8,109.1,10.9,2033.9,18.0,151.5,1648.5,215.9,38.3,15.0,27.7,1
Assam & Meghalaya,2012,21.6,34.2,45.5,55.7,230.6,404.3,914.2,851.5,447.4,247.1,37.7,27.6,3317.4,55.7,331.8,2617.5,312.4,12.0,850.0,23.8,1
Coastal Karnataka,1990,16.1,36.8,36.7,78.4,244.6,477.5,1069.3,989.6,427.1,256.9,61.7,25.4,3720.2,52.9,359.7,2963.6,344.0,12.0,30.0,35.7,1
Odisha,2003,17.7,18.5,1.1,70.4,150.9,423.9,455.3,571.3,256.1,261.9,65.3,15.4,2307.8,36.2,222.4,1706.7,342.6,42.1,30.0,31.0,1
Sub-Himalayan West Bengal,1998,9.4,15.0,4.5,79.9,139.4,366.1,841.0,400.8,337.3,237.6,70.8,17.4,2519.2,24.4,223.8,1945.2,325.8,21.1,15.0,36.7,1
Rayalseema,2010,15.3,26.0,33.3,38.4,201.8,464.5,745.0,219.9,308.1,158.8,44.3,19.2,2274.5,41.4,273.5,1737.5,222.2,35.6,850.0,34.4,0
Coastal Karnataka,2016,6.7,35.1,44.3,49.3,206.5,518.4,678.9,514.6,427.4,264.1,121.6,28.0,2894.9,41.8,300.1,2139.3,413.7,19.6,850.0,27.5,1
Odisha,1982,14.1,8.4,38.5,55.3,113.2,389.9,499.9,606.5,240.3,127.3,90.0,23.7,2207.3,22.5,207.1,1736.7,241.0,44.9,850.0,33.8,0
Kerala,2005,17.5,16.3,67.8,90.9,261.0,750.2,815.6,660.7,347.5,278.5,141.2,24.0,3471.1,33.7,419.7,2574.0,443.6,12.0,30.0,32.3,1
Assam & Meghalaya,2016,23.7,26.8,33.9,60.2,272.6,560.7,701.7,557.0,329.8,306.9,98.3,33.0,3004.8,50.5,366.8,2149.2,438.2,23.1,250.0,31.4,1
East Uttar Pradesh,2002,10.5,23.2,25.1,50.7,163.9,365.9,541.5,186.5,259.9,148.4,25.2,17.0,1817.9,33.7,239.7,1353.9,190.6,44.3,500.0,26.9,0
Kerala,1994,14.0,34.2,33.4,123.1,342.4,681.3,740.2,686.8,355.7,311.4,100.6,23.8,3446.8,48.1,498.9,2463.9,435.8,16.9,15.0,25.4,1
Assam & Meghalaya,2015,22.8,32.2,58.8,95.9,259.3,621.9,681.7,897.2,383.1,339.7,118.3,19.2,3530.2,55.0,414.0,2583.9,477.2,22.3,250.0,27.4,0
Coastal Karnataka,1991,11.6,27.6,52.3,138.4,298.1,410.2,599.8,734.3,281.4,194.4,115.2,35.3,2898.5,39.2,488.8,2025.6,345.0,28.4,250.0,25.7,1
Tamil Nadu,1994,17.3,16.4,18.3,2.3,105.2,432.3,351.8,173.0,298.1,273.8,52.7,13.0,1754.1,33.6,125.8,1255.2,339.5,58.1,500.0,26.3,0
Coastal Karnataka,1996,4.2,30.0,31.7,66.9,304.8,630.3,908.4,876.7,335.7,266.7,94.7,25.1,3575.1,34.1,403.4,2751.2,386.4,12.0,30.0,30.8,1
Konkan & Goa,2011,8.7,24.7,49.7,92.9,331.3,484.2,730.7,523.0,418.5,227.0,91.8,42.2,3024.8,33.4,473.9,2156.5,361.1,26.5,80.0,24.9,1
Assam & Meghalaya,1993,15.9,25.1,62.4,110.8,234.2,575.1,534.2,765.5,280.2,241.8,123.8,37.8,3006.9,41.0,407.5,2155.0,403.4,31.2,30.0,31.7,1
Bihar,1984,20.3,11.0,17.0,42.4,118.0,228.5,714.8,516.0,277.6,112.4,48.4,3.2,2109.6,31.3,177.4,1736.9,164.0,29.8,500.0,23.2,1
Tamil Nadu,1996,7.1,12.1,45.7,75.4,147.7,433.4,588.6,362.4,263.1,237.4,14.6,3.9,2191.4,19.2,268.8,1647.6,255.9,41.2,850.0,32.8,0
Konkan & Goa,1983,21.5,18.3,38.2,82.2,253.7,524.2,602.9,564.6,470.7,328.6,42.8,27.4,2975.1,39.8,374.1,2162.3,398.8,32.9,15.0,35.6,1
Sub-Himalayan West Bengal,2004,13.9,5.0,10.2,66.9,124.0,471.9,376.3,393.6,268.2,190.7,53.4,13.2,1987.3,18.9,201.1,1510.0,257.3,45.2,80.0,36.9,1
Kerala,2010,16.1,26.7,49.3,83.6,280.4,418.4,923.6,835.7,399.4,277.0,112.5,34.4,3457.2,42.8,413.3,2577.1,423.9,12.0,850.0,28.7,1
Bihar,1993,6.5,17.3,30.2,68.4,158.3,480.0,472.5,540.9,206.7,200.7,70.5,13.9,2266.0,23.8,256.9,1700.1,285.2,48.9,250.0,29.1,1
Gangetic West Bengal,1981,13.7,17.4,25.4,48.6,136.9,389.9,420.9,642.0,259.8,186.4,83.5,19.9,2244.3,31.1,210.9,1712.5,289.7,36.1,30.0,36.1,1
Gangetic West Bengal,1993,17.3,11.1,30.4,39.4,140.1,320.0,134.0,380.7,381.0,139.1,73.3,0.0,1666.5,28.4,209.9,1215.7,212.4,63.0,30.0,35.4,1
Odisha,2024,2.0,12.2,55.9,84.5,115.3,506.8,575.9,261.8,325.2,157.5,95.9,21.5,2214.6,14.2,255.7,1669.8,274.9,43.7,250.0,36.6,1
Gujarat Region,1992,5.2,15.6,23.9,55.0,98.8,457.7,585.0,580.7,347.4,147.6,30.3,22.4,2369.6,20.8,177.7,1970.8,200.4,35.6,250.0,33.6,1
Rayalseema,2020,4.5,14.0,45.0,48.1,128.3,644.5,654.9,446.7,295.2,174.7,158.2,18.8,2633.1,18.5,221.4,2041.4,351.7,23.8,80.0,35.9,1
Assam & Meghalaya,2006,18.0,39.7,27.2,107.5,183.6,447.8,853.3,757.5,387.9,287.6,122.3,37.8,3270.1,57.7,318.2,2446.6,447.7,12.0,15.0,31.1,1
Coastal Karnataka,1997,17.2,19.8,64.7,100.5,283.0,464.3,1080.0,474.5,342.7,250.3,85.0,31.2,3213.4,37.1,448.2,2361.6,366.5,12.0,250.0,29.7,1
East Uttar Pradesh,2004,2.7,18.7,24.8,4.8,82.8,645.5,542.7,311.5,334.8,217.1,72.0,19.2,2276.5,21.4,112.4,1834.4,308.3,32.9,850.0,25.4,0
Gangetic West Bengal,2010,15.1,10.2,50.2,47.7,91.0,548.8,676.5,464.3,209.6,81.8,30.5,9.8,2235.4,25.3,188.9,1899.1,122.1,34.5,500.0,29.9,1
Coastal Karnataka,2016,18.8,22.3,54.6,51.4,223.0,320.5,600.1,824.3,366.0,274.7,144.8,30.5,2931.1,41.1,329.0,2111.0,450.0,24.0,500.0,27.4,1
Gujarat Region,2000,16.0,12.4,38.7,54.5,143.3,386.7,379.4,410.6,271.2,113.9,37.9,0.4,1864.8,28.4,236.4,1447.8,152.2,49.9,15.0,33.8,1
Kerala,1988,13.6,31.4,45.0,48.5,199.9,599.1,1029.9,613.1,464.2,171.0,127.5,26.1,3369.3,45.0,293.4,2706.3,324.6,12.0,30.0,28.8,1
Gangetic West Bengal,1992,10.1,14.5,37.1,75.4,132.5,444.0,510.0,730.2,364.6,81.0,76.4,15.2,2490.9,24.5,245.0,2048.8,172.5,33.1,850.0,28.1,0
Kerala,2001,19.4,13.1,61.2,99.0,270.7,560.7,874.6,702.4,291.3,257.1,121.8,35.4,3306.7,32.5,430.8,2429.0,414.3,12.0,250.0,23.3,1
Konkan & Goa,2020,19.7,21.5,79.2,119.3,282.7,534.6,584.6,563.3,503.2,192.3,106.0,16.6,3022.9,41.2,481.2,2185.6,314.9,18.5,500.0,35.3,1
Rayalseema,1980,11.1,16.2,28.6,71.9,92.8,258.2,529.5,558.8,256.6,126.1,64.3,13.6,2027.8,27.3,193.3,1603.2,204.0,43.6,80.0,25.7,1
Assam & Meghalaya,2006,9.5,31.2,50.2,102.8,275.2,503.6,865.1,709.2,525.9,246.5,93.0,1.6,3413.9,40.7,428.3,2603.8,341.1,12.0,500.0,24.2,1
Gujarat Region,2003,5.3,19.1,18.3,37.3,191.3,528.7,124.4,480.6,118.9,167.5,70.1,0.0,1761.5,24.5,246.9,1252.6,237.6,69.1,15.0,27.2,1
Bihar,2002,11.7,5.3,52.6,6.8,144.6,10.0,595.8,436.0,242.5,176.1,78.5,15.6,1775.5,17.0,203.9,1284.3,270.3,48.0,500.0,28.9,1
Sub-Himalayan West Bengal,2023,18.3,16.5,31.8,59.6,139.5,444.9,427.8,419.9,171.7,168.5,114.6,23.4,2036.4,34.7,230.9,1464.3,306.4,48.3,15.0,33.3,1
Sub-Himalayan West Bengal,2008,12.8,5.5,60.5,91.9,248.4,329.8,500.9,363.7,252.0,177.4,89.9,5.6,2138.4,18.3,400.8,1446.4,272.9,46.1,850.0,25.3,0
Tamil Nadu,2009,12.0,11.2,14.1,97.7,165.9,357.3,835.6,405.1,351.1,103.8,53.4,20.8,2428.0,23.2,277.6,1949.1,178.1,32.4,850.0,34.9,1
Tamil Nadu,2000,16.8,19.3,5.2,72.3,134.4,382.8,552.1,389.6,328.0,214.2,50.3,6.0,2171.0,36.2,211.9,1652.4,270.5,40.8,80.0,25.1,1
Odisha,2013,5.3,12.7,40.2,60.4,135.0,266.3,474.7,239.1,181.7,209.7,95.3,27.7,1748.4,18.1,235.7,1161.9,332.7,60.6,80.0,25.8,1
Gangetic West Bengal,2012,4.1,17.1,5.0,65.4,133.0,379.6,743.2,280.4,246.1,138.1,117.7,14.7,2144.2,21.2,203.3,1649.3,270.4,34.5,500.0,33.9,1
Assam & Meghalaya,2003,19.1,30.8,44.6,84.2,279.0,771.7,1200.6,775.1,472.5,281.2,52.9,16.6,4028.5,50.0,407.9,3220.0,350.7,12.0,500.0,32.3,1
Konkan & Goa,1995,22.0,18.7,47.9,54.9,284.9,547.5,863.2,751.9,416.5,288.7,151.8,33.5,3481.6,40.7,387.7,2579.2,474.0,12.0,250.0,34.9,1
Gujarat Region,1993,11.0,13.4,19.3,14.5,165.5,314.0,680.8,480.2,267.8,128.4,65.0,28.4,2188.2,24.4,199.3,1742.7,221.8,35.2,500.0,26.7,1
East Uttar Pradesh,2021,13.3,13.5,6.2,35.6,121.2,430.0,691.3,670.7,345.1,189.1,102.8,14.4,2633.1,26.8,163.0,2137.0,306.3,32.0,80.0,36.5,1
Gangetic West Bengal,2019,13.0,26.6,22.8,48.8,115.0,450.2,384.9,373.2,227.6,88.6,30.7,26.8,1808.4,39.6,186.7,1436.0,146.1,45.9,15.0,25.6,1
Sub-Himalayan West Bengal,2020,20.2,2.4,0.0,52.3,209.3,374.0,676.5,554.9,338.9,0.0,61.5,28.9,2318.9,22.6,261.6,1944.3,90.4,29.9,30.0,30.7,1
Assam & Meghalaya,2007,21.5,31.2,50.8,24.9,219.7,543.9,540.2,672.8,391.6,244.5,82.4,48.1,2871.6,52.7,295.3,2148.5,375.1,24.5,80.0,36.4,1
Coastal Karnataka,2015,10.9,26.2,70.2,95.9,207.4,570.9,942.8,729.8,466.4,325.1,117.5,21.3,3584.7,37.1,373.6,2710.0,464.0,12.0,500.0,34.2,1
Gujarat Region,2019,3.5,13.7,26.6,51.3,185.8,433.4,479.3,346.7,225.2,219.4,71.0,0.9,2056.7,17.2,263.6,1484.6,291.2,44.6,80.0,26.8,1
Gujarat Region,2004,4.1,31.9,15.9,49.4,160.1,175.3,862.7,321.5,170.3,146.0,44.8,9.7,1991.7,36.0,225.4,1529.7,200.5,31.9,850.0,30.0,0
Tamil Nadu,2007,6.8,3.0,4.6,83.4,107.1,27.5,446.4,453.3,305.8,94.4,36.3,14.9,1583.4,9.7,195.1,1232.9,145.6,58.3,850.0,34.8,0
Rayalseema,1987,13.4,12.1,50.1,46.4,115.8,513.7,608.5,613.3,257.3,247.3,96.5,13.9,2588.4,25.4,212.3,1992.9,357.7,28.4,15.0,26.1,1
Sub-Himalayan West Bengal,1988,12.4,23.8,33.6,43.2,216.9,251.5,687.0,561.6,56.6,212.8,89.7,8.9,2198.2,36.3,293.7,1556.8,311.4,32.1,500.0,34.2,1
Odisha,2007,7.8,17.3,44.5,42.6,148.7,204.4,335.1,536.3,262.3,100.2,91.6,14.8,1805.4,25.1,235.8,1338.0,206.5,52.8,30.0,29.2,1
Gangetic West Bengal,1994,4.9,8.0,35.6,13.9,125.8,381.3,61.9,396.8,147.7,110.8,46.4,12.2,1345.2,12.9,175.3,987.6,169.4,70.8,30.0,26.8,0
Gujarat Region,1989,8.5,18.9,37.7,67.9,214.6,379.9,556.5,659.9,305.3,278.1,92.1,14.4,2633.9,27.4,320.2,1901.7,384.6,35.6,850.0,26.2,0
Rayalseema,1986,11.5,23.2,30.2,103.4,152.1,468.6,254.6,334.2,216.3,86.8,59.9,11.6,1752.5,34.7,285.8,1273.7,158.3,54.0,80.0,33.1,1
Coastal Karnataka,1990,21.8,37.2,55.2,72.3,227.8,773.5,591.2,624.9,280.0,182.3,53.5,11.5,2931.1,58.9,355.3,2269.6,247.3,16.0,30.0,26.0,1
Rayalseema,2022,0.0,0.0,23.5,38.1,157.5,473.6,375.2,365.7,297.6,162.1,106.6,13.6,2013.5,0.0,219.1,1512.1,282.3,48.5,850.0,31.2,0
Coastal Karnataka,2000,27.2,29.4,36.2,99.8,292.5,485.1,644.0,651.7,374.2,209.9,43.4,32.5,2925.9,56.6,428.5,2155.1,285.8,26.6,250.0,35.6,1
Assam & Meghalaya,2006,17.5,24.6,42.5,50.7,203.0,549.8,1021.1,419.2,327.6,266.7,113.2,23.2,3059.1,42.1,296.3,2317.6,403.1,14.3,500.0,36.6,1
Gujarat Region,1994,0.0,12.1,30.5,49.1,50.5,483.7,621.8,281.3,173.2,137.5,113.7,34.8,1988.2,12.1,130.1,1560.0,286.0,34.0,500.0,24.1,1
Rayalseema,2009,5.6,16.2,27.0,62.3,103.1,501.3,418.6,298.1,309.7,212.5,37.2,9.4,2000.9,21.7,192.4,1527.7,259.1,45.3,30.0,33.6,1
Bihar,2017,4.0,19.7,36.3,35.4,178.6,282.8,337.5,335.6,135.4,146.4,88.2,25.2,1625.1,23.7,250.3,1091.3,259.8,55.0,850.0,32.7,0
Sub-Himalayan West Bengal,1999,13.6,15.0,29.3,29.8,191.6,481.9,817.1,357.7,173.7,129.3,41.7,4.1,2284.7,28.5,250.7,1830.4,175.1,29.8,80.0,25.1,1
Bihar,2006,12.7,26.2,33.3,108.6,152.8,238.2,638.6,193.4,135.6,68.6,96.0,20.8,1724.8,38.9,294.7,1205.8,185.4,38.7,15.0,27.7,1
Assam & Meghalaya,1990,20.9,31.2,62.3,124.1,349.6,621.2,818.0,560.3,545.2,203.7,90.1,31.1,3457.6,52.0,535.9,2544.8,324.8,12.0,80.0,34.2,1
Coastal Karnataka,1982,17.3,41.1,71.6,69.1,238.4,647.4,734.5,881.5,489.7,305.1,133.7,24.3,3653.7,58.4,379.1,2753.1,463.1,12.0,30.0,31.5,1
Sub-Himalayan West Bengal,1991,16.8,8.4,40.8,39.1,141.6,591.2,527.0,582.2,93.3,156.4,124.3,20.6,2341.6,25.2,221.5,1793.7,301.2,35.3,850.0,24.4,0
Gujarat Region,1998,7.2,11.6,20.8,65.7,201.5,274.3,327.5,765.3,200.4,290.7,26.5,20.7,2212.1,18.8,288.0,1567.4,337.9,54.4,80.0,25.4,1
Gangetic West Bengal,2011,11.1,7.7,0.0,61.7,240.1,339.5,613.7,280.9,228.5,113.5,82.7,15.6,1995.3,18.9,301.8,1462.7,211.9,43.4,500.0,24.5,1
Tamil Nadu,1989,9.8,12.8,40.3,49.8,141.1,117.3,511.2,487.4,299.8,159.3,92.0,13.6,1934.3,22.6,231.2,1415.6,264.9,41.2,80.0,31.8,1
Gangetic West Bengal,2006,3.9,0.0,10.5,17.4,138.1,274.8,604.2,743.1,299.2,159.3,67.4,22.6,2340.5,3.9,166.0,1921.4,249.3,27.5,15.0,36.1,1
Tamil Nadu,1993,0.0,2.9,23.3,70.4,205.0,261.6,373.7,466.8,221.8,199.0,44.3,18.0,1886.7,2.9,298.7,1323.9,261.3,54.6,15.0,36.6,1
East Uttar Pradesh,1980,11.3,15.6,18.4,32.7,149.0,365.1,439.4,533.4,199.8,82.0,78.1,33.4,1958.2,27.0,200.1,1537.6,193.5,47.5,500.0,32.2,0
Konkan & Goa,2009,16.7,10.1,17.5,49.1,264.5,425.5,1036.3,683.4,465.9,133.6,114.4,30.9,3248.1,26.9,331.2,2611.1,278.9,12.0,30.0,32.6,1
Odisha,2018,8.7,20.2,27.2,82.7,131.2,424.9,554.8,459.7,182.4,144.4,48.1,5.3,2089.6,28.9,241.1,1621.8,197.9,45.9,80.0,23.1,1
East Uttar Pradesh,2024,18.2,9.7,17.6,22.8,158.6,212.5,580.6,446.0,191.0,178.3,117.3,25.1,1977.7,28.0,199.0,1430.0,320.7,45.9,500.0,27.8,1
East Uttar Pradesh,1998,6.0,5.5,6.5,9.7,129.6,268.7,375.8,435.5,183.1,226.4,79.3,24.6,1750.6,11.5,145.8,1263.1,330.2,57.3,15.0,35.3,1
Konkan & Goa,1995,26.6,22.8,52.9,93.2,257.5,538.2,808.2,495.1,480.8,305.0,79.0,23.2,3182.7,49.5,403.7,2322.3,407.2,12.0,500.0,31.7,1
East Uttar Pradesh,2006,20.9,21.9,33.8,33.0,156.1,120.6,330.2,396.0,391.7,128.9,85.2,18.4,1736.7,42.8,222.9,1238.5,232.6,58.7,250.0,24.9,0
Coastal Karnataka,1997,18.3,2.4,26.3,95.0,252.3,606.5,735.1,518.8,622.1,278.6,159.4,23.7,3338.5,20.7,373.6,2482.5,461.7,12.0,850.0,23.0,1
Rayalseema,1985,16.3,21.3,29.8,33.0,115.6,315.5,577.2,275.0,248.8,117.9,60.5,13.3,1824.2,37.6,178.4,1416.6,191.7,48.5,15.0,25.4,1
Sub-Himalayan West Bengal,2021,11.5,14.4,50.7,42.6,159.2,438.2,478.8,512.5,207.5,144.5,72.7,20.9,2153.6,25.9,252.6,1637.0,238.1,51.9,500.0,25.0,1
Gujarat Region,2022,20.2,21.3,0.0,65.2,184.6,439.2,473.8,376.4,249.6,87.4,51.5,8.9,1978.0,41.5,249.8,1538.9,147.8,46.5,850.0,28.5,0
East Uttar Pradesh,2006,15.5,7.9,46.3,29.3,60.4,198.8,409.5,326.7,221.9,96.7,34.8,8.0,1455.7,23.4,135.9,1156.9,139.5,58.4,250.0,36.6,0
Gangetic West Bengal,1985,10.6,16.2,33.4,61.1,142.1,309.0,518.6,378.1,216.8,145.0,95.7,20.2,1946.7,26.8,236.5,1422.5,260.9,48.8,850.0,29.3,0
Assam & Meghalaya,2023,11.8,15.8,32.5,72.6,219.1,419.7,732.5,707.1,431.5,226.2,61.8,24.4,2955.1,27.6,324.2,2290.8,312.4,14.5,250.0,33.8,1
Gangetic West Bengal,2018,14.5,32.5,52.3,55.0,105.1,323.2,603.4,517.0,254.7,134.7,0.0,14.4,2106.9,47.0,212.5,1698.4,149.1,27.0,850.0,26.3,0
Kerala,1994,15.1,15.1,33.4,55.1,262.8,593.2,725.3,720.5,388.1,211.2,124.8,36.6,3181.1,30.3,351.3,2427.0,372.5,14.3,850.0,31.6,1
East Uttar Pradesh,1989,22.8,19.6,38.4,105.2,181.2,213.0,411.0,574.6,317.2,182.0,80.4,9.1,2154.5,42.4,324.8,1515.7,271.5,52.3,30.0,27.2,1
Gujarat Region,2015,13.3,28.3,24.0,57.4,176.3,289.5,684.1,215.0,316.7,142.4,38.8,22.3,2008.0,41.6,257.6,1505.3,203.5,37.4,850.0,23.4,0
Gangetic West Bengal,1981,0.0,35.0,39.6,68.0,185.3,453.9,861.4,401.1,259.5,120.9,72.9,28.7,2526.5,35.0,293.0,1975.9,222.5,24.0,15.0,35.6,1
East Uttar Pradesh,1982,17.6,14.1,49.3,59.7,105.1,261.3,395.5,333.6,254.7,137.5,89.3,17.9,1735.6,31.8,214.1,1245.1,244.7,57.0,15.0,30.0,1
Kerala,1993,29.6,12.7,31.5,81.8,273.0,414.9,618.5,576.4,371.5,271.3,96.1,22.5,2799.8,42.3,386.3,1981.3,389.9,24.7,80.0,27.0,1
Tamil Nadu,2014,19.1,12.7,47.9,48.1,154.8,372.0,663.7,467.5,337.1,11.6,32.7,4.4,2171.6,31.8,250.8,1840.3,48.7,33.1,850.0,26.9,0
Gujarat Region,2022,14.7,16.5,47.6,72.1,215.1,274.1,434.1,406.0,156.8,160.6,63.6,17.9,1879.0,31.2,334.7,1271.0,242.1,53.7,30.0,30.2,1
Odisha,1981,15.5,15.4,23.5,76.4,110.7,357.1,346.2,493.5,478.8,159.7,91.2,19.3,2187.3,30.9,210.6,1675.7,270.1,39.7,850.0,27.3,0
Tamil Nadu,2001,6.6,15.6,13.6,81.5,191.3,360.8,563.5,348.4,222.8,97.9,37.5,6.3,1945.8,22.2,286.4,1495.5,141.7,44.6,15.0,25.2,1
Kerala,1985,24.1,33.8,58.7,76.0,260.1,491.3,884.6,951.1,293.5,183.6,105.6,29.3,3391.9,57.9,394.9,2620.5,318.5,12.0,500.0,24.0,1
East Uttar Pradesh,2018,10.6,22.0,27.4,57.5,155.0,342.8,46.1,295.7,227.8,128.2,94.1,12.1,1419.2,32.6,239.8,912.4,234.4,70.0,250.0,34.8,0
Tamil Nadu,2012,14.0,13.2,10.1,49.6,87.3,239.8,512.6,448.0,205.0,105.9,35.0,4.7,1725.1,27.2,146.9,1405.4,145.6,50.0,80.0,30.0,1
Konkan & Goa,2011,8.2,10.3,51.4,111.6,295.0,458.2,889.6,675.8,383.9,225.6,120.3,42.7,3272.8,18.5,458.1,2407.6,388.6,12.0,250.0,23.2,1
Tamil Nadu,1997,13.3,5.8,50.4,31.2,149.6,297.5,507.8,419.2,195.0,232.7,68.5,21.1,1992.1,19.1,231.2,1419.4,322.3,43.6,15.0,36.9,1
Coastal Karnataka,2005,11.7,15.1,48.3,111.0,262.5,792.2,616.7,570.5,318.5,206.3,32.1,29.2,3014.0,26.8,421.8,2297.8,267.6,19.0,500.0,31.6,1
Gujarat Region,1993,15.6,3.2,13.1,47.7,235.9,333.0,440.4,359.6,261.2,126.1,58.8,44.4,1939.0,18.8,296.7,1394.2,229.3,46.4,500.0,29.2,0
Tamil Nadu,1982,11.1,7.5,37.1,21.7,142.1,475.8,501.5,562.4,325.7,133.5,73.5,17.3,2309.2,18.6,200.9,1865.4,224.4,31.6,850.0,26.1,0
Gujarat Region,1983,10.2,14.3,21.8,32.7,171.2,481.8,597.4,247.1,200.7,207.3,97.8,18.3,2100.5,24.4,225.7,1527.1,323.3,40.2,850.0,28.6,0
Odisha,2024,3.1,12.6,30.2,55.9,152.3,368.2,493.5,668.9,292.3,129.5,0.0,29.9,2236.4,15.7,238.4,1822.9,159.4,35.5,500.0,32.9,1
Tamil Nadu,1988,9.4,7.8,55.2,71.0,81.2,268.0,355.5,507.8,344.3,214.7,63.3,15.6,1993.8,17.2,207.3,1475.7,293.6,45.9,250.0,29.4,1
Rayalseema,1982,1.0,8.9,35.8,74.7,142.0,293.7,428.2,432.5,173.6,95.7,35.0,2.4,1723.6,10.0,252.5,1328.0,133.2,51.4,80.0,27.8,1
Gangetic West Bengal,1998,12.2,15.5,35.4,90.2,129.3,502.1,700.3,521.3,280.8,158.3,34.6,19.8,2499.8,27.7,254.9,2004.6,212.7,23.5,30.0,34.4,1
Konkan & Goa,1986,15.7,23.8,55.8,82.9,287.5,355.4,850.6,648.5,566.0,189.2,67.1,24.9,3167.4,39.5,426.2,2420.6,281.1,12.0,500.0,25.5,1
Kerala,1995,18.9,14.0,56.7,92.7,289.8,677.4,785.2,767.0,387.8,122.7,103.9,9.6,3325.9,32.9,439.3,2617.5,236.1,12.0,30.0,30.3,1
Bihar,1989,5.0,15.1,36.0,59.2,200.5,251.8,557.5,278.2,320.9,95.3,71.9,18.6,1910.0,20.1,295.7,1408.5,185.8,36.6,500.0,32.5,1
East Uttar Pradesh,1987,7.0,7.9,26.2,57.9,43.4,395.1,738.8,398.7,197.6,178.6,42.4,3.7,2097.3,14.8,127.5,1730.2,224.7,30.4,850.0,27.9,0
Gangetic West Bengal,1995,25.6,2.4,29.0,50.8,159.6,394.2,617.4,529.0,157.9,210.0,8.8,13.3,2197.9,28.0,239.3,1698.5,232.1,39.0,250.0,35.1,1
Sub-Himalayan West Bengal,1992,21.3,0.0,39.0,64.8,128.4,169.5,593.6,376.0,288.9,269.5,31.6,9.2,1991.8,21.3,232.2,1428.0,310.2,46.2,15.0,35.5,1
Sub-Himalayan West Bengal,2022,6.4,0.0,36.5,42.9,94.2,354.0,328.3,727.1,103.3,72.0,53.9,0.0,1818.5,6.4,173.6,1512.7,125.9,45.9,30.0,24.1,1
Odisha,1993,20.1,23.5,35.8,63.6,121.9,500.1,318.1,442.5,225.2,153.1,113.8,17.2,2034.7,43.6,221.3,1485.9,284.0,44.6,15.0,28.6,1
Tamil Nadu,1995,14.3,0.0,25.1,114.3,175.5,330.8,752.3,473.5,296.5,183.5,73.5,32.3,2471.6,14.3,314.9,1853.2,289.3,26.7,500.0,26.7,1
Konkan & Goa,2015,13.8,24.0,31.9,76.4,191.1,687.7,1009.9,854.6,322.6,300.5,120.2,17.6,3650.3,37.9,299.3,2874.8,438.4,12.0,250.0,30.0,1
Bihar,2002,2.5,19.6,2.2,56.9,272.5,345.1,508.0,448.3,285.3,99.4,37.0,22.2,2098.9,22.1,331.6,1586.7,158.6,41.7,30.0,33.8,1
East Uttar Pradesh,2009,5.1,25.9,23.0,69.9,124.3,198.1,392.4,116.9,354.5,101.3,72.8,13.2,1497.6,31.1,217.3,1061.9,187.4,61.7,850.0,24.0,0
Tamil Nadu,1981,13.3,24.0,4.4,86.6,155.0,376.4,665.9,471.7,404.0,174.3,24.7,31.2,2431.5,37.3,246.0,1918.0,230.2,18.1,500.0,31.1,0
Gujarat Region,1980,8.1,9.0,43.0,76.0,200.0,310.3,666.4,567.8,255.8,197.8,41.6,23.5,2399.3,17.1,319.0,1800.4,262.8,24.1,500.0,31.2,1
Konkan & Goa,2021,23.2,33.1,36.3,92.1,239.7,637.4,813.8,729.1,367.7,97.1,82.3,10.4,3162.2,56.4,368.1,2548.0,189.7,12.0,850.0,35.6,1
East Uttar Pradesh,1991,7.0,7.1,46.4,72.0,243.8,510.9,160.1,486.9,186.6,149.2,153.9,19.1,2043.2,14.1,362.3,1344.5,322.3,53.6,30.0,23.1,1
Odisha,2002,9.8,9.3,12.7,56.1,91.2,536.2,254.4,273.8,289.0,182.2,79.3,0.0,1794.1,19.1,160.0,1353.5,261.5,55.4,30.0,23.9,1
Coastal Karnataka,2013,5.1,15.3,8.7,58.1,219.2,562.4,886.3,989.0,539.9,260.3,58.2,40.5,3643.0,20.4,286.1,2977.6,359.0,12.0,15.0,23.4,1
Kerala,1992,20.2,33.1,61.7,121.0,285.8,393.9,654.7,430.7,286.3,223.0,72.0,25.0,2607.5,53.3,468.5,1765.7,320.1,38.5,500.0,28.4,1
Gujarat Region,2021,11.8,22.7,57.3,95.9,100.6,384.3,658.3,476.6,123.9,103.8,31.5,15.9,2082.7,34.5,253.9,1643.1,151.3,37.1,15.0,31.0,1
Rayalseema,1986,9.1,19.1,25.8,86.0,174.4,368.2,653.3,293.0,268.2,130.5,41.5,6.2,2075.5,28.2,286.2,1582.8,178.3,31.4,80.0,25.5,1
Konkan & Goa,1986,11.5,13.6,67.7,86.9,283.4,366.9,944.9,712.9,317.1,192.4,92.1,25.3,3114.6,25.1,438.0,2341.7,309.8,12.0,15.0,29.1,1
Konkan & Goa,2005,13.9,34.7,66.5,74.5,236.2,560.4,677.3,720.3,380.1,323.0,108.2,12.2,3207.3,48.6,377.2,2338.1,443.4,12.0,15.0,31.7,1
Bihar,2000,9.4,14.3,24.7,61.5,150.0,589.2,620.0,457.5,70.8,217.4,87.0,2.4,2304.0,23.6,236.2,1737.5,306.8,34.6,15.0,26.5,0
Bihar,1982,9.7,23.6,38.2,104.0,196.8,358.7,572.6,291.4,371.3,116.9,72.1,24.3,2179.6,33.3,339.0,1594.0,213.3,40.5,500.0,26.9,1
Tamil Nadu,1986,10.3,15.3,6.2,75.2,210.8,279.4,74.7,474.3,287.6,191.5,69.1,25.2,1719.6,25.6,292.2,1116.0,285.8,81.9,850.0,33.4,0
Rayalseema,1999,12.1,0.0,26.4,60.3,149.6,369.8,660.9,321.3,268.5,78.0,10.1,40.0,1997.1,12.1,236.3,1620.5,128.1,37.3,15.0,27.7,1
Odisha,1999,11.7,0.0,38.1,33.4,204.6,308.3,317.5,610.9,200.2,212.7,86.9,2.4,2026.8,11.7,276.1,1437.0,302.0,53.8,15.0,27.2,1
Bihar,1999,24.5,18.9,39.0,61.5,184.7,479.1,590.2,615.0,165.4,93.6,63.9,20.4,2356.3,43.5,285.2,1849.7,177.9,37.0,30.0,37.0,1
Konkan & Goa,2022,18.0,9.5,61.9,74.2,275.2,539.5,1008.5,596.8,297.9,227.2,89.5,9.6,3208.0,27.5,411.4,2442.8,326.3,12.0,80.0,36.0,1
Coastal Karnataka,2001,22.1,24.0,68.0,105.4,306.8,641.9,920.8,769.5,412.3,175.5,124.2,17.1,3587.7,46.1,480.2,2744.5,316.9,12.0,15.0,31.4,1
Assam & Meghalaya,1997,15.1,19.8,19.1,86.3,322.5,511.6,850.2,685.1,542.4,170.9,86.0,30.2,3339.3,34.9,427.9,2589.3,287.2,12.0,80.0,31.0,1
Bihar,2001,14.0,22.3,26.0,78.1,53.3,256.7,440.0,349.8,277.0,72.1,76.1,19.6,1685.1,36.3,157.4,1323.5,167.8,48.4,80.0,35.5,1
Rayalseema,1988,5.4,28.3,27.1,58.1,68.7,274.0,391.7,338.4,285.5,187.1,87.7,5.5,1757.5,33.7,153.9,1289.6,280.3,51.7,250.0,27.2,1
Gujarat Region,2018,27.2,18.0,39.3,71.8,140.9,485.7,625.0,322.4,230.3,79.1,60.5,5.5,2105.7,45.3,252.0,1663.4,145.0,38.4,80.0,30.9,1
Coastal Karnataka,1999,18.0,19.9,58.1,80.7,220.2,339.2,660.9,533.1,445.4,198.6,100.8,21.1,2696.1,37.9,359.1,1978.6,320.5,27.0,30.0,32.9,1
Gujarat Region,1997,15.1,16.7,26.9,89.2,184.3,265.3,468.7,562.7,376.5,139.1,89.3,25.3,2259.1,31.8,300.4,1673.2,253.7,30.1,15.0,29.9,1
East Uttar Pradesh,1980,10.4,7.4,32.4,68.3,215.4,404.6,463.1,630.3,366.2,235.8,47.3,18.9,2500.0,17.8,316.0,1864.3,301.9,39.0,500.0,27.1,1
Gangetic West Bengal,1991,13.7,16.4,33.3,97.1,115.7,243.3,592.8,293.9,282.2,191.8,56.0,0.0,1936.3,30.1,246.1,1412.2,247.8,41.2,80.0,35.8,1
Rayalseema,2024,5.7,18.2,30.0,68.2,157.4,278.1,307.6,261.3,32.3,142.8,80.2,33.4,1415.3,24.0,255.6,879.3,256.4,61.3,850.0,35.7,0
Rayalseema,1987,19.7,18.4,49.0,29.0,202.8,372.3,520.0,729.1,134.2,183.7,33.6,23.4,2315.4,38.1,280.9,1755.7,240.7,31.8,250.0,32.8,1
Konkan & Goa,1990,11.4,26.3,71.7,102.8,298.9,477.2,633.2,409.8,249.9,218.8,75.2,20.8,2596.0,37.7,473.4,1770.0,314.9,34.3,30.0,34.2,1
Konkan & Goa,2013,15.0,35.3,25.2,56.2,187.4,665.4,801.2,834.5,553.1,228.9,121.3,25.7,3549.2,50.3,268.8,2854.2,375.8,12.0,250.0,27.7,0
Coastal Karnataka,2023,14.9,14.6,46.1,44.5,251.9,515.7,680.8,516.2,423.5,316.6,82.7,31.5,2939.0,29.5,342.5,2136.3,430.8,21.7,80.0,36.3,1
Gangetic West Bengal,1991,12.7,17.8,33.6,46.0,144.3,404.3,464.2,386.4,353.0,209.2,103.1,21.8,2196.3,30.5,223.9,1607.8,334.1,39.5,250.0,36.9,1
Gangetic West Bengal,2023,10.2,19.2,24.3,90.1,90.9,398.6,563.9,277.3,177.8,54.1,53.5,0.0,1759.8,29.4,205.3,1417.5,107.6,44.5,80.0,25.2,1
Gujarat Region,1982,16.9,10.6,28.3,28.8,103.2,331.9,510.3,580.1,295.4,48.3,107.2,17.9,2078.6,27.4,160.2,1717.6,173.3,39.7,850.0,27.8,1
Gangetic West Bengal,2015,17.4,19.6,40.6,39.6,123.5,307.5,426.7,618.3,96.2,133.7,99.6,7.1,1929.6,37.0,203.6,1448.6,240.4,54.2,30.0,24.7,1
Gujarat Region,2011,5.0,23.1,33.5,69.6,212.6,323.5,415.3,496.8,364.3,139.0,109.7,17.9,2210.5,28.2,315.8,1599.9,266.7,47.3,500.0,33.1,0
Tamil Nadu,1982,14.4,22.9,5.4,63.5,76.7,100.7,483.8,320.1,303.9,145.1,103.7,29.8,1670.1,37.3,145.6,1208.5,278.6,57.6,80.0,26.4,1
Gangetic West Bengal,1980,16.8,25.1,50.8,90.5,136.8,274.9,629.6,513.0,313.9,140.6,85.9,15.2,2293.1,41.9,278.1,1731.4,241.6,39.3,850.0,33.7,0
East Uttar Pradesh,1982,13.6,16.0,20.6,41.6,142.9,475.2,775.5,521.4,465.0,234.0,90.7,20.6,2817.0,29.6,205.1,2237.1,345.2,22.0,500.0,25.8,1
Sub-Himalayan West Bengal,1999,8.9,4.4,25.4,60.0,242.9,467.8,354.4,405.2,371.4,106.9,92.7,9.0,2148.8,13.3,328.3,1598.8,208.5,48.6,15.0,24.7,1
East Uttar Pradesh,2004,1.5,5.1,48.1,68.2,127.6,261.8,762.4,347.0,237.3,169.2,85.1,29.1,2142.5,6.6,243.9,1608.6,283.5,39.5,30.0,36.2,1
Gujarat Region,2019,13.9,14.4,32.2,36.2,152.6,113.5,457.5,524.2,359.5,100.1,50.1,27.4,1881.6,28.3,221.0,1454.7,177.6,46.6,850.0,26.5,0
Gujarat Region,2023,10.2,7.2,55.4,59.5,119.4,630.2,521.8,512.5,240.0,255.2,58.7,24.3,2494.5,17.5,234.2,1904.5,338.2,35.7,250.0,34.3,1
Bihar,2018,6.0,5.2,17.3,73.1,149.6,262.1,706.0,544.0,196.2,219.0,19.5,13.0,2210.8,11.1,240.0,1708.3,251.4,34.5,15.0,34.5,1
Gangetic West Bengal,1989,12.1,18.6,40.8,32.1,167.1,249.3,516.3,239.1,176.6,181.9,48.4,15.1,1697.4,30.7,240.0,1181.2,245.5,48.6,30.0,24.7,1
Gangetic West Bengal,2005,2.2,25.8,42.9,56.9,189.0,431.4,603.9,96.9,344.4,305.3,82.6,14.1,2195.2,28.0,288.7,1476.6,401.9,37.9,80.0,30.5,1
Kerala,2019,24.6,40.4,65.0,130.0,250.0,667.7,735.2,583.3,339.5,254.1,59.0,40.9,3189.7,65.0,445.0,2325.7,354.0,20.2,250.0,28.9,1
Coastal Karnataka,2021,16.7,18.4,40.4,102.0,251.6,485.2,727.7,706.1,360.8,293.8,70.4,12.7,3085.8,35.1,394.1,2279.8,376.9,15.7,250.0,27.3,1
Tamil Nadu,2000,13.0,11.9,19.2,39.6,116.5,452.3,350.8,595.0,317.0,137.5,97.6,15.4,2166.0,24.9,175.3,1715.2,250.5,46.9,500.0,27.9,0
Gujarat Region,1983,6.2,13.4,31.0,69.3,175.3,274.1,799.4,168.8,190.1,149.7,52.5,22.3,1952.1,19.7,275.5,1432.4,224.5,45.6,850.0,24.1,0
Kerala,2015,17.3,27.7,42.8,68.5,167.9,459.1,970.1,456.0,567.4,252.5,163.6,26.1,3218.9,45.0,279.2,2452.6,442.2,12.0,30.0,25.8,1
Gujarat Region,2011,21.4,0.3,18.8,43.9,134.0,703.0,533.0,413.1,427.5,95.4,51.7,27.9,2470.1,21.7,196.7,2076.6,175.1,20.5,30.0,33.8,1
Gangetic West Bengal,1988,6.6,16.7,22.7,67.0,63.3,142.3,773.9,418.0,258.7,148.8,106.5,16.1,2040.6,23.3,153.1,1592.9,271.4,41.5,15.0,26.4,1
Sub-Himalayan West Bengal,1989,14.4,18.5,21.3,72.3,147.9,393.0,555.2,366.5,235.4,257.9,49.4,17.1,2148.8,32.9,241.5,1550.0,324.4,38.4,15.0,30.5,1
Sub-Himalayan West Bengal,1988,3.3,15.3,45.6,71.1,204.6,515.1,521.8,458.3,73.0,105.2,79.4,1.3,2094.0,18.6,321.2,1568.3,185.9,44.6,250.0,25.8,1
Tamil Nadu,1992,6.4,11.8,13.2,63.5,126.5,346.2,370.1,339.2,119.8,50.1,125.9,7.9,1580.7,18.2,203.2,1175.3,183.9,50.2,500.0,34.1,0
Odisha,1988,14.1,15.0,20.1,64.2,97.2,283.5,513.7,591.3,261.3,217.0,58.9,28.8,2165.2,29.2,181.5,1649.8,304.8,36.1,250.0,30.5,1
Gujarat Region,2023,0.0,18.3,34.1,67.1,232.1,199.8,572.4,466.9,266.4,87.0,65.8,15.5,2025.5,18.3,333.3,1505.5,168.3,38.4,500.0,24.5,1
East Uttar Pradesh,1982,9.9,10.3,43.2,104.9,93.3,481.5,495.0,537.7,147.9,141.8,31.1,11.4,2107.9,20.2,241.4,1662.0,184.3,41.1,30.0,23.7,1
Konkan & Goa,2021,21.2,15.0,61.8,121.1,286.5,756.8,798.8,638.6,537.4,150.4,140.8,16.0,3544.5,36.2,469.5,2731.6,307.2,12.9,250.0,30.2,1
Bihar,1989,13.8,9.1,41.1,58.9,122.5,381.7,728.0,528.7,83.6,193.8,108.8,24.6,2294.7,23.0,222.5,1722.0,327.2,35.4,850.0,28.7,0
Gangetic West Bengal,2003,0.0,35.1,18.2,65.0,146.8,319.7,409.2,479.2,284.6,91.4,70.5,0.5,1920.1,35.1,230.0,1492.7,162.3,45.5,850.0,28.5,0
Odisha,1996,19.9,12.4,33.2,37.3,137.3,232.0,363.8,580.9,119.2,99.5,77.9,20.8,1734.3,32.3,207.9,1295.9,198.2,56.0,30.0,33.9,1
Sub-Himalayan West Bengal,2001,9.3,20.2,28.5,86.3,43.1,336.8,431.8,391.3,166.1,128.2,68.2,11.5,1721.4,29.5,157.9,1326.2,207.9,47.2,80.0,36.0,1
Assam & Meghalaya,1989,9.0,19.5,39.4,77.6,384.1,656.1,748.5,694.3,347.2,188.2,98.2,22.1,3284.1,28.4,501.2,2446.0,308.5,12.0,15.0,24.8,1
Konkan & Goa,2007,20.6,7.4,60.9,76.7,189.3,611.1,764.2,679.0,413.3,286.0,129.0,20.6,3258.1,28.0,326.9,2467.7,435.6,12.0,30.0,23.6,1
Odisha,1996,0.4,3.9,70.2,33.0,146.0,218.6,460.7,444.1,287.0,113.0,36.9,6.3,1820.0,4.3,249.2,1410.3,156.1,48.5,80.0,30.6,1
Coastal Karnataka,2001,13.0,35.3,61.1,84.7,286.9,742.8,798.4,736.6,209.7,242.3,74.3,13.4,3298.6,48.3,432.7,2487.5,330.0,12.0,15.0,34.3,1
Gujarat Region,1980,0.0,18.3,48.9,41.0,139.3,400.2,386.7,183.8,402.2,147.8,102.7,11.6,1882.5,18.3,229.2,1372.9,262.1,44.2,30.0,27.2,1
Odisha,1997,4.1,18.4,31.6,97.0,54.5,170.3,398.5,263.9,277.7,163.7,59.9,33.2,1572.9,22.6,183.1,1110.4,256.8,53.3,15.0,36.4,1
Gujarat Region,1994,6.8,16.9,25.7,66.2,134.0,526.1,780.3,520.7,93.7,90.3,53.9,11.3,2325.8,23.7,225.9,1920.8,155.5,29.2,15.0,23.4,1
Tamil Nadu,2001,13.6,0.0,46.6,94.2,211.0,434.1,424.5,293.6,296.8,128.9,0.0,23.0,1966.3,13.6,351.8,1449.0,151.9,53.3,850.0,28.1,0
Kerala,2006,11.2,20.3,46.6,77.8,241.5,360.0,823.5,563.7,528.5,179.2,53.7,20.8,2926.9,31.5,365.9,2275.7,253.8,16.7,30.0,25.6,1
Sub-Himalayan West Bengal,2022,9.8,21.2,26.7,58.9,187.1,240.5,406.3,451.0,100.5,0.0,74.6,27.6,1604.1,31.0,272.6,1198.3,102.2,50.3,15.0,27.6,1
Odisha,2015,13.4,23.7,27.2,64.5,176.0,512.4,434.6,386.2,391.2,148.6,9.5,15.2,2202.6,37.2,267.8,1724.4,173.3,44.3,15.0,25.0,1
Odisha,1996,1.7,20.8,36.5,64.1,219.6,349.9,710.0,444.3,208.1,176.0,103.4,12.8,2347.3,22.5,320.2,1712.3,292.2,32.6,250.0,25.7,1
Coastal Karnataka,1987,24.4,21.5,67.1,118.6,275.8,625.1,883.6,690.4,366.7,228.3,107.6,24.5,3433.5,45.9,461.6,2565.7,360.4,12.0,500.0,23.8,1
Bihar,1986,10.6,21.1,22.5,48.5,153.8,258.9,323.6,448.8,210.6,177.6,75.4,29.1,1780.5,31.8,224.7,1242.0,282.1,57.1,850.0,24.0,0
Sub-Himalayan West Bengal,1999,13.6,24.7,22.9,12.8,130.9,378.8,455.9,517.9,322.4,186.9,75.9,33.4,2176.1,38.3,166.6,1675.0,296.2,51.0,30.0,35.0,1
Assam & Meghalaya,1985,20.4,31.8,63.5,75.1,230.6,432.5,756.5,797.4,562.6,235.1,62.0,22.5,3289.9,52.2,369.2,2549.0,319.5,12.0,15.0,28.4,1
Tamil Nadu,1991,4.7,16.3,52.1,66.5,154.0,227.3,293.4,552.3,121.3,86.0,80.8,26.1,1680.7,20.9,272.6,1194.3,193.0,58.4,15.0,23.1,1
East Uttar Pradesh,2006,10.7,10.2,32.8,34.8,154.3,154.7,612.9,263.6,297.1,200.8,65.2,26.5,1863.8,20.9,221.9,1328.4,292.5,49.1,15.0,36.6,1
Odisha,2021,9.1,8.3,19.7,71.8,84.5,371.8,513.9,501.3,375.4,183.5,100.7,7.8,2247.9,17.4,176.1,1762.4,292.0,44.1,80.0,28.5,1
Coastal Karnataka,2009,5.7,31.1,62.1,82.6,194.9,343.1,874.2,702.0,411.0,158.3,90.4,19.2,2974.7,36.8,339.6,2330.3,267.9,14.8,30.0,23.1,1
Konkan & Goa,1996,21.4,23.8,38.2,99.0,214.8,446.3,669.2,747.4,450.8,255.4,47.2,43.5,3056.9,45.2,351.9,2313.7,346.0,13.0,80.0,32.9,1
Rayalseema,2000,2.7,19.5,33.1,99.2,118.1,245.3,346.1,315.5,243.7,236.7,89.5,15.2,1764.4,22.2,250.4,1150.5,341.3,54.2,850.0,29.5,0
East Uttar Pradesh,1984,6.8,39.0,35.7,42.1,133.9,350.1,850.5,483.5,231.1,136.3,88.5,13.1,2410.8,45.9,211.8,1915.2,237.8,19.6,30.0,27.0,1
East Uttar Pradesh,1997,9.1,24.0,40.5,80.2,208.5,308.0,290.3,501.3,279.5,221.6,99.8,20.5,2083.4,33.2,329.3,1379.1,341.9,55.3,30.0,36.8,1
Gangetic West Bengal,2009,15.3,13.3,0.0,42.9,154.9,212.5,559.8,471.1,333.2,209.5,46.5,5.7,2064.7,28.6,197.9,1576.6,261.7,47.3,15.0,32.1,1
East Uttar Pradesh,1986,6.9,14.6,24.9,40.2,195.6,544.7,442.9,387.9,308.0,158.8,92.8,0.0,2217.4,21.6,260.6,1683.6,251.6,48.1,30.0,27.3,1
Odisha,1987,11.2,9.9,32.2,9.2,49.2,444.1,535.9,371.6,282.4,118.3,39.4,5.3,1908.5,21.1,90.5,1634.0,163.0,43.0,15.0,23.9,1
Assam & Meghalaya,1994,19.8,30.8,43.2,69.3,248.8,370.8,1056.8,586.2,309.3,369.2,114.7,39.4,3258.4,50.6,361.4,2323.1,523.3,12.0,850.0,31.5,1
Odisha,2004,13.7,13.0,33.6,69.9,119.0,256.7,456.6,333.1,178.3,281.3,59.1,10.9,1825.2,26.7,222.5,1224.7,351.3,52.8,500.0,28.6,0
Kerala,1992,18.6,5.2,32.6,78.7,201.9,728.5,556.7,535.4,467.1,170.4,130.0,37.1,2962.1,23.8,313.2,2287.6,337.4,25.7,250.0,32.1,0
Assam & Meghalaya,2022,15.4,24.2,34.8,85.3,204.6,575.6,1108.6,671.1,308.8,304.6,109.9,29.7,3472.7,39.6,324.8,2664.0,444.2,12.0,30.0,27.3,1
Coastal Karnataka,2001,12.9,36.4,61.5,103.7,220.6,640.5,913.2,576.0,297.2,133.6,93.4,42.4,3131.4,49.3,385.9,2426.9,269.3,18.7,80.0,26.2,1
Gujarat Region,1993,1.2,7.9,12.0,31.6,120.3,246.7,552.8,430.5,326.5,132.0,107.9,19.7,1989.0,9.1,163.8,1556.5,259.6,43.7,850.0,36.2,0
Gangetic West Bengal,1981,12.8,25.1,14.9,93.1,98.7,256.1,760.7,275.9,260.5,168.9,67.8,13.9,2048.5,38.0,206.8,1553.2,250.6,38.3,30.0,33.0,1
Gangetic West Bengal,1984,5.2,4.5,25.2,55.2,142.6,248.9,532.7,344.6,115.5,165.6,47.4,23.5,1710.7,9.6,222.9,1241.6,236.5,59.5,15.0,35.4,1
Rayalseema,1982,15.2,12.7,37.9,47.5,244.1,278.7,729.5,268.3,294.6,145.1,102.2,23.4,2199.3,27.9,329.6,1571.2,270.7,34.8,30.0,24.8,1
Rayalseema,1982,0.5,12.0,28.8,7.9,189.9,387.9,547.1,437.6,281.2,105.9,104.7,37.6,2141.1,12.5,226.6,1653.9,248.1,48.5,30.0,29.1,1
Gujarat Region,2008,8.8,13.7,35.4,69.0,183.1,497.3,322.8,486.1,152.3,146.9,79.7,0.0,1995.2,22.5,287.6,1458.5,226.6,51.2,850.0,25.2,0
Coastal Karnataka,2008,13.7,14.9,65.0,92.4,147.3,430.7,885.9,796.3,414.9,263.4,79.6,28.8,3232.9,28.6,304.7,2527.8,371.9,12.0,850.0,31.3,0
Assam & Meghalaya,2014,10.7,21.7,59.5,110.5,259.6,498.1,905.5,414.6,435.3,299.2,164.4,21.1,3200.0,32.3,429.6,2253.5,484.6,12.0,500.0,30.1,1
Sub-Himalayan West Bengal,2008,16.1,16.5,27.8,80.7,153.6,399.3,582.4,494.0,318.6,193.4,71.9,8.5,2362.7,32.6,262.1,1794.3,273.8,35.1,15.0,30.8,1
Odisha,2024,16.7,22.8,30.8,45.7,191.7,406.6,509.0,526.9,253.1,79.5,84.2,25.0,2192.1,39.4,268.3,1695.6,188.8,46.5,250.0,24.0,1
Odisha,2001,13.4,8.4,32.8,67.5,186.2,485.7,691.8,534.3,222.6,178.0,96.2,11.0,2527.9,21.8,286.4,1934.5,285.2,29.1,15.0,30.0,1
Gujarat Region,1997,6.5,25.8,16.5,49.4,169.4,197.6,741.1,479.5,349.0,116.0,114.8,25.0,2290.7,32.3,235.4,1767.1,255.8,31.3,850.0,27.4,0
Odisha,2020,0.0,8.4,31.5,43.7,88.5,398.0,272.2,293.4,534.7,261.9,36.0,20.4,1988.5,8.4,163.7,1498.2,318.2,50.2,30.0,31.2,1
East Uttar Pradesh,2018,13.2,15.2,20.4,58.1,141.5,157.4,259.0,371.3,274.0,151.7,94.1,30.2,1586.0,28.4,219.9,1061.6,275.9,67.4,500.0,36.3,1
Odisha,2011,5.6,12.5,57.8,101.9,121.9,376.9,762.1,311.3,327.7,112.9,60.5,7.3,2258.5,18.1,281.7,1778.0,180.8,24.1,500.0,33.2,1
Tamil Nadu,1989,12.4,17.6,5.5,18.4,164.5,383.1,719.3,418.3,324.3,223.9,49.1,20.9,2357.1,30.0,188.3,1844.9,293.9,28.3,250.0,24.8,1
Assam & Meghalaya,2016,12.0,25.4,52.9,64.9,361.4,602.7,964.6,551.7,335.2,360.6,116.2,21.2,3468.8,37.4,479.2,2454.2,498.1,12.0,80.0,29.8,1
Odisha,2024,12.1,25.3,41.5,84.2,210.9,438.0,300.8,504.9,227.4,231.7,123.6,24.1,2224.4,37.4,336.5,1471.1,379.3,48.7,850.0,29.9,0
Gangetic West Bengal,2017,9.6,13.6,33.7,49.7,148.1,370.8,715.8,197.9,306.4,86.7,78.7,23.4,2034.5,23.3,231.5,1590.8,188.9,29.0,30.0,32.7,1
Rayalseema,1997,14.8,15.8,16.0,38.9,167.8,346.0,233.9,403.2,333.6,205.9,106.7,14.2,1896.7,30.7,222.6,1316.6,326.8,63.5,80.0,26.2,1
Coastal Karnataka,2001,20.8,23.0,34.3,131.3,226.3,659.0,861.4,633.0,441.9,317.2,101.2,50.8,3500.0,43.8,391.8,2595.4,469.1,12.0,30.0,25.4,1
Odisha,2017,8.8,9.5,10.1,59.2,73.1,168.4,574.7,217.1,197.5,294.7,77.6,16.5,1707.2,18.3,142.4,1157.7,388.8,49.1,250.0,29.8,1
Gangetic West Bengal,2015,10.5,12.5,28.7,67.4,95.9,424.0,804.9,467.8,207.8,183.3,23.7,6.0,2332.6,23.0,192.0,1904.6,213.0,21.5,850.0,33.5,1
Konkan & Goa,2017,10.1,4.6,74.2,88.2,281.6,654.1,811.8,591.0,345.2,220.0,153.5,31.8,3266.2,14.7,444.1,2402.2,405.3,21.7,80.0,35.3,1
East Uttar Pradesh,1991,5.7,14.8,27.6,64.9,133.0,403.0,472.4,336.1,375.8,150.1,83.9,16.9,2084.2,20.5,225.5,1587.3,250.9,50.5,80.0,36.3,1
Gujarat Region,2005,0.0,26.8,13.4,57.1,133.5,341.1,593.6,527.2,256.7,270.6,106.7,14.5,2341.1,26.8,204.0,1718.6,391.8,31.8,30.0,35.4,1
Coastal Karnataka,1989,16.4,32.0,62.7,74.9,211.3,614.7,986.6,781.3,338.4,184.2,100.2,29.4,3432.0,48.5,348.9,2720.9,313.8,12.0,500.0,29.2,1
Bihar,1980,11.5,15.7,17.1,9.7,188.1,440.0,549.3,622.1,99.8,60.5,65.4,6.6,2085.7,27.1,215.0,1711.1,132.4,44.3,30.0,33.8,1
Coastal Karnataka,1996,13.5,35.6,48.2,84.5,334.6,534.2,556.9,817.9,606.2,290.4,92.2,29.5,3443.8,49.1,467.3,2515.3,412.1,23.2,850.0,29.7,1
Odisha,2022,0.0,15.4,19.0,8.7,151.4,349.3,529.0,371.9,342.3,174.7,53.2,22.2,2037.3,15.4,179.2,1592.6,250.1,36.9,15.0,27.8,1
Odisha,1983,0.0,12.9,10.5,59.0,141.8,374.3,396.2,399.5,217.6,127.2,107.4,11.1,1857.8,12.9,211.4,1387.7,245.8,45.0,850.0,29.3,0
Gujarat Region,1982,13.4,11.7,34.7,60.4,149.5,274.2,574.0,579.0,168.4,240.4,57.7,16.9,2180.3,25.1,244.6,1595.6,315.0,44.9,80.0,25.0,1
Rayalseema,1995,13.4,12.5,37.1,94.6,179.7,325.3,286.9,419.3,272.8,132.4,71.6,16.8,1862.4,25.9,311.3,1304.3,220.9,56.3,850.0,34.2,0
Gujarat Region,1987,4.2,4.5,25.7,75.7,68.1,308.6,414.9,399.5,217.2,147.7,80.7,5.8,1752.7,8.7,169.5,1340.2,234.2,52.1,15.0,32.0,1
Coastal Karnataka,1998,24.6,9.4,64.0,106.7,185.0,575.2,927.3,611.4,427.6,216.7,81.8,23.8,3253.6,34.1,355.7,2541.5,322.3,12.0,30.0,31.8,1
East Uttar Pradesh,1985,0.0,15.2,30.1,65.2,149.9,334.2,368.4,534.8,242.1,152.4,37.5,15.1,1944.9,15.2,245.2,1479.5,205.0,41.4,500.0,36.5,0
Sub-Himalayan West Bengal,1985,0.0,14.2,7.5,28.0,179.0,384.1,411.3,471.8,344.0,231.2,89.7,17.5,2178.3,14.2,214.5,1611.2,338.4,43.3,15.0,30.8,1
Odisha,2022,15.7,26.8,32.9,75.2,124.3,422.8,634.8,546.6,164.3,221.4,68.0,16.0,2348.9,42.6,232.4,1768.5,305.4,30.8,30.0,35.7,0
Gujarat Region,2000,4.0,9.6,21.8,63.5,140.8,481.6,424.3,198.8,287.2,160.3,69.9,12.4,1874.1,13.6,226.1,1391.9,242.6,54.9,30.0,32.1,1
Rayalseema,2000,0.0,22.0,13.9,117.0,112.0,285.7,725.4,444.5,391.3,97.7,23.1,19.7,2252.4,22.0,242.9,1846.9,140.6,29.7,250.0,25.4,1
Sub-Himalayan West Bengal,2021,12.1,15.2,26.3,48.9,192.5,356.8,301.5,157.2,196.6,176.1,61.9,23.1,1568.1,27.3,267.7,1012.0,261.1,64.2,30.0,29.8,1
Bihar,2015,18.0,15.8,60.6,85.1,90.5,286.4,434.6,340.4,302.7,214.3,49.7,22.9,1920.8,33.8,236.2,1364.0,286.8,42.0,850.0,29.8,0
Gangetic West Bengal,1993,23.6,8.3,32.7,75.0,100.0,338.2,434.2,289.5,171.1,48.1,74.5,21.0,1616.2,31.9,207.7,1233.0,143.6,51.7,850.0,32.3,0
East Uttar Pradesh,1996,12.6,25.3,20.8,54.0,173.1,522.2,298.6,590.7,334.8,202.7,71.8,25.4,2331.9,38.0,247.9,1746.2,299.8,42.6,850.0,33.7,0
Coastal Karnataka,1984,18.7,20.7,42.2,107.4,180.4,632.0,727.2,939.6,458.7,295.3,127.7,13.2,3563.0,39.4,330.0,2757.4,436.2,12.0,850.0,24.1,1
Konkan & Goa,2017,19.8,37.4,19.1,107.3,276.6,561.4,624.1,728.6,390.3,324.6,92.5,29.2,3210.9,57.2,403.1,2304.3,446.3,12.7,500.0,27.0,1
Gangetic West Bengal,2002,15.8,17.0,10.5,73.1,159.2,201.6,309.8,125.5,201.5,157.6,70.8,10.0,1352.4,32.8,242.8,838.4,238.4,79.4,30.0,28.1,0
Sub-Himalayan West Bengal,1980,15.7,17.4,39.5,33.2,186.2,524.8,694.3,369.7,247.6,117.5,30.4,24.7,2301.1,33.2,258.9,1836.4,172.6,35.7,30.0,33.3,1
Kerala,2021,16.6,15.4,52.1,82.0,223.8,528.7,677.8,704.4,384.6,347.9,137.5,37.4,3208.2,32.0,357.9,2295.5,522.8,22.4,15.0,29.8,1
Tamil Nadu,1981,7.4,24.6,17.1,47.7,109.4,143.6,778.7,536.3,208.0,123.1,34.4,5.9,2036.0,32.0,174.2,1666.6,163.3,33.9,850.0,34.0,0
Bihar,1989,6.6,12.4,31.3,50.0,92.5,388.6,387.5,465.3,201.7,175.2,108.6,14.6,1934.2,19.1,173.7,1443.0,298.4,52.5,80.0,25.6,1
Coastal Karnataka,2020,5.1,22.2,33.5,77.0,172.2,479.0,802.9,773.9,384.9,264.7,21.1,32.0,3068.5,27.3,282.6,2440.7,317.8,12.4,250.0,30.8,0
Bihar,1999,16.6,21.8,9.5,45.6,144.9,543.2,574.1,416.9,259.0,146.8,47.4,29.2,2255.1,38.4,200.1,1793.3,223.3,41.0,80.0,36.6,1
Gujarat Region,1993,12.3,27.8,35.4,40.3,160.8,460.5,529.6,359.4,184.5,151.4,62.4,12.9,2037.3,40.1,236.5,1534.0,226.7,47.4,80.0,29.0,1
Kerala,1988,20.5,24.2,78.4,94.1,292.0,313.9,1309.8,783.2,478.4,286.5,127.3,28.9,3837.2,44.6,464.6,2885.2,442.7,12.0,80.0,32.9,1
Bihar,1985,2.6,4.7,21.1,65.5,126.5,532.1,677.3,278.8,291.8,142.5,74.6,3.0,2220.6,7.4,213.1,1780.0,220.1,41.0,80.0,29.2,1
East Uttar Pradesh,1983,13.1,27.0,47.6,58.5,219.1,406.7,752.0,588.4,278.9,80.9,0.0,14.2,2486.3,40.1,325.1,2026.0,95.2,20.9,80.0,23.5,1
Sub-Himalayan West Bengal,1984,16.9,7.4,35.6,47.7,211.1,330.4,551.1,411.8,278.4,85.8,51.1,5.1,2032.4,24.4,294.4,1571.7,142.0,40.2,250.0,33.6,1
Rayalseema,2021,12.2,15.8,18.1,76.4,114.0,254.4,695.9,567.5,137.2,158.5,103.5,27.5,2181.1,28.0,208.5,1655.0,289.5,31.6,80.0,23.9,1
Gujarat Region,2019,18.7,8.8,24.8,41.4,57.7,410.4,499.9,451.0,209.6,142.0,93.6,25.1,1982.9,27.4,123.9,1570.9,260.7,47.9,500.0,25.6,1
Rayalseema,2017,7.7,5.6,18.0,54.0,205.6,486.4,648.2,361.9,392.5,156.2,1.2,20.3,2357.6,13.3,277.6,1889.0,177.6,21.3,15.0,27.8,1
Sub-Himalayan West Bengal,2005,8.8,16.6,4.2,63.8,190.0,210.9,450.1,705.2,205.4,138.0,75.8,0.0,2068.8,25.4,258.1,1571.5,213.9,38.5,850.0,33.1,0
Odisha,2014,17.6,18.1,29.7,29.9,163.1,450.4,676.7,516.7,195.7,141.6,0.5,4.5,2244.5,35.7,222.7,1839.5,146.6,37.7,30.0,24.9,1
Sub-Himalayan West Bengal,2010,2.0,19.2,34.5,83.6,244.0,502.6,542.2,212.4,208.9,125.9,90.6,0.0,2065.8,21.2,362.1,1466.1,216.5,40.5,500.0,31.7,1
Konkan & Goa,1997,15.1,32.6,54.7,69.7,220.4,427.6,707.9,659.0,314.3,276.4,162.8,14.8,2955.2,47.7,344.8,2108.8,453.9,25.9,850.0,27.1,1
Odisha,1985,14.2,13.2,11.4,44.5,106.5,420.7,579.3,338.0,242.9,232.6,60.8,24.2,2088.2,27.4,162.4,1580.8,317.6,35.4,250.0,28.1,1
Gujarat Region,1994,20.0,12.0,22.7,68.1,187.6,436.1,433.7,463.0,280.7,24.6,46.9,17.6,2013.1,32.0,278.4,1613.6,89.1,46.4,80.0,32.1,1
Gujarat Region,2003,17.8,14.4,24.2,54.0,195.0,425.6,433.8,520.8,312.0,126.0,95.9,14.5,2234.1,32.2,273.2,1692.2,236.5,40.6,80.0,36.5,1
Bihar,2021,10.6,14.6,13.3,45.7,151.3,280.0,473.4,343.9,350.8,211.0,69.3,21.0,1984.9,25.2,210.3,1448.1,301.3,38.9,500.0,28.6,0
Kerala,1993,20.4,9.5,53.1,86.9,230.7,444.3,792.1,802.3,424.7,244.7,117.0,23.7,3249.4,29.8,370.7,2463.4,385.4,15.1,500.0,33.6,1
Bihar,1994,18.2,27.2,2.8,36.9,163.2,230.2,342.7,450.3,20.3,208.0,71.0,4.0,1574.8,45.4,202.9,1043.5,283.0,66.2,15.0,33.0,1
East Uttar Pradesh,1997,8.6,14.3,40.6,15.3,178.7,325.5,805.0,331.9,242.9,114.0,24.6,24.3,2125.6,22.8,234.6,1705.3,162.9,31.5,500.0,34.5,1
Tamil Nadu,1988,0.0,10.7,51.6,44.7,168.1,481.0,668.5,413.5,236.8,188.6,78.1,26.8,2368.4,10.7,264.5,1799.8,293.5,39.5,80.0,31.2,1
Gangetic West Bengal,1988,6.0,12.0,29.8,44.2,167.2,262.6,654.1,379.4,216.4,22.0,78.7,5.8,1878.2,18.1,241.2,1512.4,106.5,33.0,80.0,34.0,1
Rayalseema,1999,11.1,14.9,56.0,103.0,225.7,396.8,657.5,590.8,220.4,156.6,55.6,10.2,2498.6,26.0,384.6,1865.6,222.4,33.9,80.0,30.7,1
Assam & Meghalaya,2004,17.7,28.6,59.2,120.4,307.6,629.6,930.3,456.8,472.8,258.3,87.3,32.5,3401.0,46.3,487.2,2489.4,378.0,12.1,80.0,25.0,1
Gangetic West Bengal,1994,9.0,0.0,49.1,51.9,145.3,417.1,387.5,300.4,282.0,212.4,19.7,16.6,1891.2,9.0,246.3,1387.2,248.7,49.4,850.0,35.5,0
Odisha,1989,8.6,27.9,21.5,69.7,85.3,301.1,524.0,258.4,227.0,124.0,67.6,9.8,1724.8,36.5,176.5,1310.5,201.4,54.6,80.0,27.3,1
Gangetic West Bengal,2011,9.5,18.6,44.5,63.2,177.6,323.7,323.2,471.0,278.8,120.5,30.1,12.8,1873.5,28.1,285.3,1396.7,163.4,56.4,80.0,29.6,1
Odisha,2016,17.0,6.9,29.5,34.2,244.3,292.0,272.7,249.1,311.3,104.7,112.1,10.7,1684.5,23.9,308.0,1125.0,227.5,62.0,15.0,34.9,1
Coastal Karnataka,2023,14.8,18.5,23.2,83.2,318.1,805.2,938.5,662.7,374.5,286.5,65.2,16.5,3606.7,33.2,424.5,2780.8,368.2,12.0,80.0,24.6,1
Gujarat Region,2014,12.0,16.0,13.6,62.4,103.7,338.3,441.1,290.9,347.7,135.8,0.0,0.0,1761.7,28.1,179.8,1418.0,135.8,50.0,250.0,34.5,1
Gujarat Region,2024,0.1,25.9,12.3,72.4,144.8,393.0,220.9,481.8,426.6,188.2,42.1,0.1,2008.1,25.9,229.5,1522.3,230.4,45.6,850.0,35.7,0
Konkan & Goa,1988,17.4,21.1,51.5,86.3,141.6,476.2,874.2,667.2,314.6,195.2,110.6,32.0,2987.8,38.5,279.4,2332.1,337.7,12.8,80.0,36.7,1
Odisha,1991,21.9,23.0,46.2,40.7,160.3,233.2,406.6,530.1,355.2,159.5,37.6,21.1,2035.4,44.8,247.2,1525.1,218.2,57.8,30.0,29.7,1
Odisha,2021,1.5,19.0,19.6,45.7,117.3,463.6,562.7,274.8,200.5,191.6,125.7,18.0,2039.9,20.4,182.6,1501.7,335.2,43.7,850.0,34.0,0
Tamil Nadu,2002,10.3,14.1,33.8,56.8,160.8,595.3,454.9,425.4,337.9,179.7,67.0,31.4,2367.5,24.4,251.4,1813.5,278.1,35.8,30.0,34.9,1
Bihar,1998,10.6,3.8,19.7,35.8,165.6,401.5,572.2,546.5,322.4,218.9,86.4,16.6,2399.9,14.4,221.1,1842.6,321.9,32.1,15.0,23.6,0
East Uttar Pradesh,2024,2.8,3.4,25.4,70.1,120.3,412.8,526.1,584.2,396.8,142.1,62.0,13.2,2359.2,6.2,215.8,1919.9,217.2,39.4,15.0,28.8,1
Gangetic West Bengal,2013,7.6,16.3,42.9,60.6,163.3,136.3,668.1,458.6,391.2,202.6,75.0,11.0,2233.6,23.9,266.9,1654.2,288.6,31.5,250.0,32.7,1
Sub-Himalayan West Bengal,2016,3.8,13.5,12.8,71.7,240.4,299.9,814.5,577.9,312.0,186.7,59.2,22.1,2614.4,17.3,325.0,2004.2,267.9,18.3,250.0,23.9,1
Konkan & Goa,1994,14.7,12.5,37.2,110.7,240.4,481.7,778.8,695.7,399.3,296.7,129.9,32.1,3229.6,27.2,388.2,2355.5,458.7,12.5,80.0,37.0,1
Assam & Meghalaya,1983,15.6,19.5,50.7,86.2,238.9,489.7,585.1,587.9,258.3,189.1,99.2,30.3,2650.6,35.2,375.8,1921.0,318.6,33.3,80.0,36.1,1
Sub-Himalayan West Bengal,2014,0.0,30.5,29.2,67.9,194.4,557.2,685.5,427.8,290.0,175.6,57.1,6.3,2521.8,30.5,291.5,1960.6,239.1,22.5,30.0,30.1,1
Konkan & Goa,1996,17.0,23.0,45.2,84.0,331.2,731.7,1020.6,742.8,374.2,197.8,1.7,16.9,3586.1,40.0,460.4,2869.3,216.4,12.0,500.0,30.6,1
Kerala,1991,13.6,23.6,57.5,54.6,282.2,577.1,928.6,722.5,545.9,238.2,98.7,24.2,3566.9,37.2,394.3,2774.2,361.2,12.0,850.0,29.9,1
Rayalseema,2006,11.9,18.4,28.5,79.2,153.2,263.1,684.3,316.2,395.7,199.7,61.6,29.8,2241.8,30.3,261.0,1659.3,291.2,28.5,500.0,26.3,1
Sub-Himalayan West Bengal,1983,4.7,3.0,19.9,2.0,198.9,265.5,402.9,507.9,291.8,194.1,57.4,14.7,1962.9,7.8,220.9,1468.1,266.2,45.3,15.0,27.6,1
Assam & Meghalaya,2012,11.1,29.9,41.1,22.7,225.2,654.4,1031.6,856.6,350.5,249.5,143.8,27.6,3643.8,41.0,289.0,2892.9,420.9,12.0,15.0,30.4,1
Bihar,2001,6.5,15.3,49.5,72.0,130.3,410.0,578.3,345.1,245.8,148.1,92.3,5.3,2098.7,21.8,251.9,1579.3,245.7,32.7,850.0,26.6,0
Rayalseema,1983,3.1,19.6,33.2,18.4,137.4,449.4,485.1,300.0,214.5,143.2,74.5,0.5,1878.8,22.7,189.0,1449.0,218.2,49.4,80.0,34.3,1
Assam & Meghalaya,1997,20.9,16.2,31.0,102.3,219.4,526.0,1046.8,699.1,442.1,263.2,131.6,18.9,3517.6,37.2,352.7,2713.9,413.7,12.0,500.0,24.6,1
Coastal Karnataka,2022,8.3,26.6,36.8,115.3,249.5,293.0,671.8,522.2,385.4,290.6,60.6,24.4,2684.5,34.9,401.7,1872.3,375.6,27.7,30.0,27.3,1
Bihar,1999,2.6,11.2,23.4,65.9,161.1,341.4,465.3,471.7,327.4,140.1,81.8,7.1,2099.2,13.8,250.4,1605.9,229.0,36.3,850.0,29.7,0
East Uttar Pradesh,1988,16.7,13.5,8.6,76.4,171.1,512.9,520.5,357.6,209.2,113.7,101.9,11.4,2113.3,30.2,256.0,1600.1,226.9,39.3,15.0,34.8,1
Rayalseema,1983,13.4,7.5,29.9,66.0,205.6,133.8,328.5,288.2,268.5,123.7,135.0,8.2,1608.2,20.9,301.5,1018.9,266.9,65.4,30.0,33.8,1
Bihar,2006,13.4,12.6,40.0,68.1,131.5,88.4,648.1,416.8,232.0,150.7,72.3,13.4,1887.3,26.0,239.7,1385.2,236.4,41.2,250.0,32.1,1
Tamil Nadu,1981,13.0,9.4,0.3,22.1,126.4,412.2,203.7,599.1,206.3,129.9,53.0,17.4,1793.0,22.5,148.8,1421.4,200.4,59.5,80.0,34.9,1
Bihar,2001,3.9,10.8,7.4,74.3,235.1,520.0,482.9,328.7,318.2,119.8,105.2,9.9,2216.1,14.7,316.7,1649.7,235.0,41.3,30.0,35.5,1
Kerala,1985,24.6,24.1,76.4,186.4,257.2,430.1,807.3,590.8,350.8,344.3,60.6,16.2,3168.7,48.7,519.9,2178.9,421.1,18.8,80.0,23.7,1
Sub-Himalayan West Bengal,2015,7.4,20.0,45.5,45.3,153.9,417.9,669.1,314.4,348.8,137.0,75.9,30.1,2265.2,27.4,244.7,1750.1,243.1,34.3,15.0,28.8,1
Konkan & Goa,2012,16.7,24.8,48.8,111.2,335.3,497.8,916.4,911.4,552.6,249.0,117.3,14.1,3795.4,41.5,495.2,2878.2,380.4,12.0,30.0,36.2,1
Gujarat Region,1999,6.7,13.1,40.4,98.1,144.7,312.7,494.3,426.3,285.0,245.3,34.1,16.9,2117.7,19.8,283.2,1518.3,296.3,47.5,15.0,30.3,1
Tamil Nadu,1995,9.5,8.6,7.8,55.6,115.3,404.0,516.7,225.5,241.3,172.6,75.2,22.3,1854.4,18.1,178.7,1387.5,270.1,47.6,250.0,36.9,1
East Uttar Pradesh,1992,5.4,11.3,40.6,34.5,199.7,183.0,523.8,224.5,320.7,270.7,81.0,27.4,1922.8,16.8,274.9,1252.1,379.0,53.7,80.0,34.4,1
Assam & Meghalaya,1987,19.4,17.2,67.2,105.9,258.2,637.4,1064.9,617.8,262.8,182.5,47.2,9.4,3290.0,36.7,431.2,2582.9,239.2,12.0,250.0,35.4,1
East Uttar Pradesh,1992,15.9,24.0,29.7,94.5,152.6,486.4,761.5,332.7,213.4,81.3,49.4,4.0,2245.4,39.9,276.8,1794.0,134.7,33.9,80.0,28.4,1
Gujarat Region,1999,10.1,19.0,12.4,10.4,54.4,213.3,600.2,359.6,191.4,168.0,68.3,15.1,1722.2,29.1,77.2,1364.5,251.4,48.9,500.0,29.5,0
Assam & Meghalaya,1980,17.6,26.9,52.0,94.2,313.6,621.2,1059.0,662.1,477.1,137.0,57.6,27.2,3545.7,44.6,459.8,2819.4,221.9,12.0,250.0,35.8,1
Rayalseema,2021,29.1,6.8,25.6,35.6,179.9,346.8,918.8,417.3,223.3,212.5,43.1,21.9,2460.6,35.9,241.1,1906.2,277.5,23.7,30.0,30.7,1
Bihar,1999,11.7,8.8,39.5,63.0,158.5,316.4,557.6,434.5,252.6,147.4,83.0,0.0,2073.0,20.5,260.9,1561.1,230.4,48.0,500.0,34.3,1
Tamil Nadu,2019,9.3,10.5,41.5,70.2,90.3,348.8,284.9,385.7,95.5,179.2,115.2,19.0,1650.1,19.9,202.0,1114.8,313.4,60.1,30.0,27.0,1
Konkan & Goa,1980,20.9,35.6,50.9,102.7,295.1,536.7,355.3,679.9,377.2,231.6,158.3,22.2,2866.3,56.5,448.6,1949.2,412.0,39.8,15.0,28.6,1
Tamil Nadu,2015,15.2,14.5,35.5,91.0,197.1,87.1,673.8,345.1,232.8,162.9,60.5,3.5,1919.1,29.8,323.6,1338.8,227.0,41.4,30.0,35.8,1
Odisha,1983,8.2,17.5,32.9,45.7,133.6,319.7,289.7,312.0,169.1,148.4,70.3,11.6,1558.8,25.7,212.2,1090.5,230.4,70.5,850.0,29.0,0
Odisha,1996,1.0,12.6,12.7,20.2,170.1,368.9,261.2,473.4,244.3,211.9,82.1,16.1,1874.4,13.6,203.0,1347.8,310.0,51.2,250.0,23.7,1
Assam & Meghalaya,1992,26.5,31.2,42.4,88.6,183.8,639.9,647.4,714.2,447.8,171.8,141.1,36.6,3171.3,57.8,314.8,2449.3,349.5,24.5,30.0,25.0,1
Sub-Himalayan West Bengal,1982,8.6,23.1,29.1,38.2,123.1,389.1,574.6,492.5,255.8,146.7,70.4,6.5,2157.8,31.7,190.4,1712.1,223.6,35.5,250.0,31.2,1
Konkan & Goa,2008,22.2,23.5,35.1,118.6,235.2,601.3,925.7,715.7,464.0,136.3,89.7,38.8,3406.1,45.7,388.9,2706.8,264.8,12.0,30.0,34.8,1
Odisha,1993,6.9,25.2,9.2,53.8,137.7,368.3,768.4,628.5,346.2,225.7,15.5,19.1,2604.5,32.2,200.7,2111.3,260.3,23.3,30.0,32.1,1
Odisha,2009,13.1,16.9,26.8,69.4,164.5,440.2,745.7,458.6,237.6,99.8,59.4,7.2,2339.2,30.0,260.7,1882.1,166.4,26.8,250.0,32.3,1
Assam & Meghalaya,2017,10.0,31.3,46.0,84.8,226.9,633.8,910.7,422.5,531.4,390.6,107.0,20.2,3415.3,41.3,357.8,2498.4,517.8,12.0,30.0,26.2,1
Tamil Nadu,2010,10.9,3.0,30.7,40.4,31.1,448.8,476.2,343.3,66.3,118.6,51.2,8.5,1629.1,14.0,102.2,1334.5,178.3,60.0,500.0,26.1,0
East Uttar Pradesh,1982,4.3,9.1,32.1,40.6,185.8,502.6,689.3,357.2,329.2,133.3,99.1,21.7,2404.4,13.4,258.5,1878.4,254.1,34.9,15.0,24.1,1
Rayalseema,2019,16.3,25.9,27.7,88.2,143.5,270.2,509.8,477.3,206.9,66.7,36.0,8.4,1877.0,42.1,259.5,1464.2,111.2,50.7,250.0,32.5,1
Kerala,2020,10.6,18.1,51.1,110.4,384.2,621.1,849.4,666.6,328.4,201.8,160.9,22.5,3425.0,28.7,545.7,2465.5,385.1,12.0,850.0,31.2,1
Tamil Nadu,2000,4.0,12.7,23.4,68.5,156.3,395.1,477.6,328.0,186.4,101.0,53.7,9.6,1816.2,16.7,248.2,1387.0,164.3,42.8,80.0,36.9,1
Assam & Meghalaya,1993,25.8,26.1,19.9,110.7,226.1,627.6,938.1,740.7,323.5,288.0,146.6,21.2,3494.3,51.9,356.7,2629.9,455.8,12.0,30.0,32.9,1
Konkan & Goa,2016,17.2,27.8,55.5,101.2,267.3,600.0,781.9,484.4,466.9,374.7,111.8,25.3,3314.2,45.0,424.1,2333.2,511.9,15.2,30.0,26.0,1
Tamil Nadu,1991,8.3,15.5,42.2,47.8,111.9,481.3,680.1,650.2,63.8,173.1,49.5,6.5,2330.2,23.8,201.9,1875.4,229.1,30.0,30.0,32.1,1
Rayalseema,2002,3.9,25.0,24.9,69.9,94.7,319.9,774.6,417.8,247.2,240.5,80.8,11.4,2310.6,28.9,189.4,1759.6,332.7,22.4,850.0,27.6,1
Rayalseema,1993,14.3,7.8,27.0,86.0,138.5,321.5,685.0,500.4,118.6,138.4,97.5,24.5,2159.6,22.1,251.6,1625.5,260.4,47.1,30.0,31.6,1
Sub-Himalayan West Bengal,1989,10.7,25.7,41.1,62.2,232.9,332.3,659.9,387.0,331.9,164.5,44.3,33.7,2326.2,36.3,336.2,1711.1,242.6,30.5,80.0,24.7,1
Konkan & Goa,2009,30.5,14.3,46.0,32.4,166.0,372.9,788.7,768.6,468.2,296.5,52.1,40.5,3076.5,44.8,244.4,2398.3,389.1,16.8,250.0,31.7,1
Odisha,1997,5.8,11.9,24.9,50.1,110.5,277.5,478.4,358.5,136.4,80.2,53.1,10.6,1597.8,17.7,185.5,1250.7,143.9,46.2,15.0,29.3,1
Kerala,2010,21.3,24.5,70.3,127.5,257.0,530.6,941.7,673.1,296.3,195.3,116.3,29.0,3283.0,45.8,454.8,2441.8,340.6,12.0,500.0,29.7,1
Coastal Karnataka,1988,13.1,21.3,64.4,113.0,247.9,557.7,820.4,617.5,305.2,241.8,103.0,42.2,3147.5,34.4,425.3,2300.7,387.0,16.7,500.0,26.9,1
Coastal Karnataka,1998,19.3,28.9,30.5,89.2,211.2,477.9,824.9,511.4,400.1,215.7,106.7,32.9,2948.6,48.1,330.9,2214.3,355.3,18.1,30.0,25.6,1
Assam & Meghalaya,2021,6.8,24.4,31.4,111.7,212.6,347.2,806.2,669.2,219.5,187.1,65.2,7.8,2689.1,31.1,355.7,2042.1,260.2,22.8,250.0,24.4,1
Odisha,2024,11.1,9.2,39.1,60.9,157.7,262.5,595.1,432.1,143.9,100.3,82.7,29.2,1923.7,20.3,257.7,1433.5,212.2,48.7,15.0,26.1,1
Tamil Nadu,2003,3.3,4.6,31.2,68.6,178.9,467.8,640.2,559.8,329.5,77.4,37.7,6.8,2405.8,7.8,278.7,1997.3,121.9,27.5,500.0,33.3,1
Bihar,2022,21.6,17.1,21.0,80.0,189.2,464.2,639.5,268.9,312.0,204.9,44.1,22.2,2284.6,38.7,290.2,1684.5,271.2,28.8,15.0,25.0,1
Sub-Himalayan West Bengal,2008,10.7,10.5,0.0,71.6,87.0,519.9,577.5,423.9,184.8,215.6,63.6,5.6,2170.7,21.3,158.5,1706.0,284.8,43.1,15.0,35.4,1
Bihar,2006,9.5,20.2,48.7,93.3,123.1,417.9,702.0,398.3,170.2,164.0,35.8,12.5,2195.6,29.7,265.1,1688.5,212.3,30.4,250.0,26.7,1
Coastal Karnataka,2017,19.3,24.6,37.9,91.8,230.3,786.3,451.8,891.2,460.3,275.2,94.9,17.6,3381.3,43.9,360.1,2589.6,387.7,21.1,15.0,32.9,1
Gangetic West Bengal,2021,20.4,6.7,25.6,62.8,154.1,277.6,737.2,399.3,118.4,170.9,111.1,21.6,2105.8,27.1,242.5,1532.5,303.7,35.9,30.0,24.2,1
Tamil Nadu,1996,12.6,17.1,24.3,115.4,164.7,189.0,442.6,348.8,238.0,99.3,43.2,12.5,1707.4,29.6,304.4,1218.4,155.0,58.9,15.0,30.7,1
Rayalseema,1982,13.4,18.8,20.5,30.4,116.8,640.3,376.1,306.7,175.6,63.5,50.6,22.2,1834.8,32.2,167.6,1498.8,136.2,45.5,30.0,27.8,1
Tamil Nadu,1984,21.2,8.4,40.9,72.6,225.0,105.9,632.3,340.4,351.2,88.2,36.3,12.7,1935.1,29.6,338.5,1429.7,137.3,36.1,250.0,31.5,1
Odisha,1997,11.4,25.6,42.3,79.8,145.5,257.4,258.7,378.9,244.6,80.8,49.2,20.3,1594.6,37.1,267.7,1139.6,150.2,72.9,80.0,34.4,0
Gujarat Region,2023,6.2,2.0,0.0,33.0,91.4,160.4,776.0,432.8,310.1,81.4,142.6,20.6,2056.4,8.3,124.3,1679.2,244.6,42.5,850.0,36.0,0
Odisha,2017,7.6,22.2,6.4,59.0,117.6,175.8,423.3,362.7,67.7,100.2,87.1,33.5,1463.3,29.8,183.1,1029.6,220.8,51.3,80.0,26.5,1
Gujarat Region,1986,6.9,13.8,25.7,96.0,182.1,462.0,418.4,523.8,319.1,162.2,108.7,2.0,2320.6,20.6,303.8,1723.3,272.8,48.3,500.0,35.6,1
Rayalseema,2005,11.9,8.3,20.0,56.7,273.5,508.6,365.8,377.9,228.8,139.6,16.2,26.1,2033.5,20.2,350.3,1481.1,181.9,48.6,80.0,27.8,1
Gangetic West Bengal,2003,1.4,23.3,51.3,86.6,189.5,484.5,439.9,388.9,282.9,79.6,105.4,20.8,2154.3,24.8,327.5,1596.3,205.8,57.2,15.0,33.4,1
Tamil Nadu,2008,7.8,10.5,29.0,52.2,179.8,530.8,355.1,447.6,397.1,129.5,81.3,8.1,2229.1,18.4,261.0,1730.7,219.0,53.4,250.0,36.1,1
Kerala,2004,13.6,18.0,33.4,72.0,166.5,452.4,1067.3,698.9,449.0,365.2,39.7,17.5,3393.4,31.6,271.9,2667.6,422.4,12.0,850.0,24.8,1
Konkan & Goa,2014,14.6,34.1,70.3,77.9,176.2,741.9,594.7,810.0,426.3,59.8,140.7,35.5,3182.2,48.8,324.4,2573.0,236.0,14.4,80.0,24.6,1
Gangetic West Bengal,2022,10.1,9.6,33.7,106.1,212.9,263.2,528.6,406.5,188.8,19.7,67.1,0.0,1846.4,19.7,352.7,1387.2,86.8,49.1,250.0,33.5,1
Gujarat Region,1997,20.4,15.9,52.8,58.0,90.3,332.8,387.8,360.2,102.8,84.1,95.1,0.0,1600.3,36.3,201.1,1183.7,179.2,57.1,80.0,26.6,1
Kerala,1992,10.6,22.4,52.8,83.5,212.1,636.0,846.1,501.7,343.4,308.4,131.3,14.9,3163.4,33.0,348.5,2327.2,454.7,14.8,500.0,33.0,1
Kerala,1981,13.6,34.5,42.9,89.9,204.2,604.2,814.2,587.4,317.7,171.0,115.4,10.5,3005.5,48.2,337.0,2323.5,296.9,17.6,80.0,31.2,1
Sub-Himalayan West Bengal,2019,10.0,5.7,53.6,67.4,172.7,233.0,643.8,557.5,352.1,166.5,53.5,0.0,2316.0,15.7,293.8,1786.4,220.0,37.9,250.0,34.0,1
East Uttar Pradesh,2019,10.4,16.2,19.3,70.2,177.1,516.0,774.0,390.7,412.1,240.0,51.5,18.8,2696.2,26.5,266.6,2092.7,310.3,21.4,80.0,33.9,1
Gangetic West Bengal,1997,11.1,24.3,32.9,31.6,169.3,227.4,514.3,638.4,331.2,160.9,41.0,41.1,2223.5,35.4,233.8,1711.3,243.0,49.5,15.0,24.7,1
Gangetic West Bengal,2015,12.7,5.2,26.6,65.9,110.7,338.3,748.9,502.4,146.1,235.8,92.5,5.9,2291.1,17.9,203.2,1735.8,334.2,24.0,30.0,30.7,1
Kerala,1982,15.1,21.5,40.7,99.9,224.1,443.1,563.7,697.2,445.3,170.4,141.2,32.7,2894.9,36.6,364.7,2149.4,344.3,30.4,80.0,27.4,1
Gangetic West Bengal,2024,14.6,16.5,20.7,50.9,268.0,523.0,589.5,378.0,419.4,187.3,97.7,28.8,2594.5,31.1,339.7,1909.9,313.8,32.0,15.0,32.2,1
Assam & Meghalaya,2021,22.4,15.6,40.3,100.8,169.0,291.8,1006.5,636.7,403.2,180.3,94.4,31.0,2991.8,38.0,310.0,2338.1,305.7,12.0,500.0,29.4,1
Sub-Himalayan West Bengal,2014,8.6,23.1,44.7,66.5,153.9,340.5,410.0,474.2,267.5,168.2,45.0,14.2,2016.3,31.7,265.1,1492.2,227.3,50.3,250.0,28.6,1
Rayalseema,2011,5.2,7.3,4.2,122.5,203.1,215.1,584.0,420.4,422.5,127.3,30.0,16.6,2158.4,12.6,329.9,1642.0,173.9,41.2,30.0,34.3,1
Odisha,1991,8.9,25.6,36.1,22.5,224.2,291.5,682.6,350.5,334.2,171.5,127.9,29.2,2304.7,34.5,282.8,1658.8,328.5,32.6,30.0,27.0,1
Coastal Karnataka,2024,16.5,17.7,80.7,105.9,242.6,717.1,409.9,633.2,362.5,149.1,96.4,27.9,2859.5,34.3,429.1,2122.8,273.3,30.1,500.0,32.3,1
Coastal Karnataka,2018,17.0,23.4,57.9,115.9,224.4,577.1,897.1,778.4,354.3,226.6,131.3,46.5,3449.9,40.5,398.2,2606.9,404.3,12.0,250.0,34.7,1
Assam & Meghalaya,2011,15.8,13.3,24.4,102.1,271.4,639.6,639.5,606.4,392.6,224.2,111.5,12.7,3053.5,29.0,397.9,2278.1,348.4,21.7,250.0,31.2,1
Sub-Himalayan West Bengal,1983,0.0,12.5,43.4,51.8,112.1,262.8,608.8,333.0,233.6,165.0,15.4,3.4,1841.9,12.5,207.4,1438.2,183.8,35.4,80.0,27.7,1
Gangetic West Bengal,1992,10.5,9.1,30.5,85.5,97.8,252.6,671.1,290.9,417.6,114.1,58.4,31.7,2069.9,19.6,213.8,1632.2,204.2,39.6,80.0,33.6,1
Tamil Nadu,1982,10.4,12.3,48.6,98.0,109.5,314.0,399.9,416.3,195.5,159.0,101.7,8.1,1873.3,22.7,256.0,1325.8,268.8,52.3,30.0,34.1,1
Coastal Karnataka,2009,16.9,17.1,48.0,93.0,130.1,523.9,933.7,485.5,388.8,384.8,38.9,30.0,3090.7,34.0,271.1,2331.9,453.7,12.0,30.0,32.2,0
Coastal Karnataka,2013,11.7,19.6,73.4,111.5,249.2,579.5,935.6,759.5,461.5,243.3,86.1,19.7,3550.7,31.4,434.0,2736.2,349.1,12.0,850.0,34.3,1
Gangetic West Bengal,1984,18.0,5.3,11.0,25.1,170.9,374.3,708.0,511.6,405.9,150.3,53.1,5.1,2438.6,23.3,207.0,1999.8,208.5,22.3,250.0,25.1,1
Rayalseema,2012,8.0,30.7,3.1,33.1,186.1,144.6,521.5,427.5,173.8,110.8,54.1,12.1,1705.4,38.7,222.3,1267.4,177.0,48.1,15.0,30.3,1
Tamil Nadu,1999,7.7,10.5,45.7,95.3,158.0,324.6,692.5,193.9,313.6,119.0,45.8,29.0,2035.6,18.3,299.0,1524.6,193.8,31.5,30.0,23.0,1
Coastal Karnataka,2018,18.3,23.3,32.3,68.0,251.0,526.3,906.8,659.5,333.0,319.0,122.4,27.8,3287.7,41.6,351.3,2425.6,469.2,12.7,80.0,27.6,0
Assam & Meghalaya,2023,13.1,22.4,30.2,51.2,227.5,541.7,1060.4,666.7,546.2,282.8,139.0,35.7,3616.9,35.5,308.9,2815.1,457.4,12.0,80.0,31.4,1
Tamil Nadu,2012,3.3,14.6,24.6,21.9,145.4,190.8,440.0,320.3,124.3,143.5,81.9,15.5,1526.0,17.9,191.8,1075.4,240.9,59.8,30.0,24.7,1
Konkan & Goa,2007,22.9,21.3,53.8,73.5,307.4,776.9,549.1,635.4,607.7,330.8,78.3,43.0,3500.0,44.2,434.7,2569.1,452.0,12.2,500.0,25.2,1
Gangetic West Bengal,2020,0.4,13.2,44.1,71.2,129.6,235.6,483.9,344.0,279.0,80.4,69.8,22.5,1773.7,13.6,244.9,1342.5,172.7,47.5,30.0,23.6,1
Gangetic West Bengal,2000,3.0,1.1,33.0,47.4,191.2,452.5,503.8,391.4,235.4,180.9,28.3,16.9,2084.8,4.1,271.5,1583.1,226.1,47.7,30.0,31.4,1
Bihar,2008,11.0,9.3,13.2,34.8,166.7,547.9,504.2,534.0,105.8,219.3,54.9,30.1,2231.4,20.3,214.7,1691.9,304.4,39.7,500.0,24.9,1
Tamil Nadu,2013,11.2,15.2,33.1,92.8,179.8,89.5,613.1,370.8,222.1,141.2,142.1,17.6,1928.4,26.4,305.7,1295.5,300.9,42.0,30.0,26.0,1
Konkan & Goa,2022,25.4,22.6,56.8,64.3,261.4,375.4,764.1,665.7,411.8,150.5,1.6,16.2,2815.7,48.0,382.5,2217.0,168.2,19.9,80.0,28.0,1
Assam & Meghalaya,1986,26.2,13.8,71.1,134.4,349.5,686.0,1037.7,648.1,427.8,300.5,76.2,15.6,3787.1,40.0,555.0,2799.7,392.3,12.0,850.0,25.8,1
Gujarat Region,1990,9.1,21.6,34.8,85.4,146.9,332.4,296.0,328.3,305.3,96.8,91.7,14.2,1762.4,30.7,267.1,1262.0,202.6,63.1,850.0,26.5,0
Konkan & Goa,1992,17.3,8.9,41.8,131.8,155.9,644.6,659.2,442.8,399.7,178.9,139.5,18.0,2838.3,26.2,329.5,2146.2,336.3,16.9,250.0,24.6,1
Tamil Nadu,2008,12.9,15.1,46.4,62.7,116.9,248.3,560.4,498.2,166.0,212.1,59.0,36.2,2034.2,28.0,226.0,1472.9,307.3,37.5,15.0,24.9,1
Coastal Karnataka,1989,12.3,29.8,35.3,75.0,247.5,471.4,1236.1,665.6,333.6,229.8,122.6,31.9,3490.8,42.1,357.8,2706.6,384.2,12.0,500.0,33.1,1
Assam & Meghalaya,2023,5.7,39.8,52.0,140.7,323.1,511.4,806.8,415.6,411.2,163.2,137.8,14.4,3021.7,45.5,515.8,2145.0,315.4,20.5,500.0,29.0,1
East Uttar Pradesh,1990,11.6,14.0,16.6,84.9,184.7,355.5,430.8,468.4,313.4,184.0,68.3,20.0,2152.3,25.6,286.2,1568.1,272.3,44.4,500.0,32.3,0
Kerala,2018,16.7,10.7,23.4,81.6,208.0,716.9,953.2,767.5,328.7,422.6,171.9,30.8,3732.1,27.4,313.0,2766.5,625.3,12.0,500.0,33.8,1
Coastal Karnataka,2008,17.7,23.6,38.8,85.5,198.9,453.2,1150.7,281.6,317.7,245.7,93.5,34.6,2941.6,41.4,323.2,2203.2,373.8,12.0,30.0,26.3,1
Konkan & Goa,2016,12.7,14.9,66.1,103.1,252.8,641.9,712.7,691.0,374.3,290.1,95.9,32.0,3287.5,27.6,422.0,2419.8,418.1,17.7,250.0,27.7,1
Bihar,2003,10.0,21.0,21.1,79.1,73.4,338.5,503.4,167.6,191.5,29.0,82.3,15.7,1532.6,30.9,173.6,1201.0,127.1,57.3,850.0,28.4,0
Konkan & Goa,1999,22.4,24.9,53.3,50.0,180.4,639.5,1017.5,645.7,473.7,177.9,124.7,32.1,3442.1,47.3,283.6,2776.4,334.7,12.0,15.0,27.6,1
Konkan & Goa,1980,19.5,33.0,45.5,109.2,193.3,429.6,819.9,567.5,575.7,220.2,104.4,18.1,3135.9,52.4,348.0,2392.8,342.7,12.0,15.0,28.8,1
Bihar,1996,17.9,15.6,37.7,64.9,167.8,485.4,674.2,409.4,249.4,333.0,44.8,33.9,2533.8,33.5,270.3,1818.3,411.7,32.2,30.0,30.1,1
East Uttar Pradesh,1982,2.0,20.5,55.3,54.0,237.3,357.4,738.2,345.2,174.9,247.2,96.4,26.3,2354.8,22.5,346.7,1615.7,370.0,26.3,15.0,24.9,1
East Uttar Pradesh,2020,6.1,16.6,26.0,67.5,79.2,441.7,675.3,130.1,331.8,155.6,53.4,19.9,2003.3,22.7,172.7,1579.0,229.0,38.5,250.0,34.5,1
Sub-Himalayan West Bengal,1984,13.4,13.6,25.6,55.1,163.2,238.2,717.5,379.1,279.7,170.6,36.6,16.6,2109.2,27.0,243.9,1614.5,223.7,39.8,850.0,32.3,0
Assam & Meghalaya,2023,9.6,22.9,41.5,88.3,252.9,319.6,989.5,601.1,347.6,326.2,145.4,18.6,3163.1,32.5,382.7,2257.7,490.1,12.0,250.0,32.1,1
East Uttar Pradesh,2000,11.5,16.8,35.7,98.2,154.4,173.7,767.2,445.1,280.5,169.6,31.1,3.1,2187.0,28.3,288.3,1666.5,203.9,30.8,80.0,27.0,1
Kerala,1997,11.3,13.3,54.5,115.1,209.5,702.9,931.7,888.3,421.5,202.8,49.0,16.8,3616.9,24.6,379.1,2944.5,268.6,12.0,250.0,23.6,0
Gujarat Region,1983,8.2,25.7,14.1,46.3,90.7,523.1,456.4,572.3,278.1,105.3,88.7,6.9,2215.9,33.9,151.2,1829.9,200.9,35.0,80.0,25.2,1
Sub-Himalayan West Bengal,2022,19.9,19.8,57.7,83.1,91.9,541.8,422.5,569.6,272.7,143.9,100.6,8.9,2332.4,39.7,232.8,1806.5,253.5,42.2,30.0,23.1,1
Konkan & Goa,2024,15.4,11.9,60.8,69.8,193.0,649.5,809.5,702.8,433.8,338.3,95.6,37.5,3417.8,27.3,323.6,2595.6,471.4,12.0,30.0,36.6,1
Gujarat Region,2024,5.9,13.9,16.2,88.9,221.5,291.7,419.9,702.7,322.3,206.6,18.1,26.6,2334.1,19.8,326.6,1736.5,251.3,46.2,30.0,35.1,1
Odisha,1984,9.6,18.3,13.7,54.3,80.1,420.9,236.3,213.9,174.5,122.5,85.6,46.7,1476.2,27.9,148.0,1045.6,254.7,57.8,250.0,31.9,1
Gangetic West Bengal,2004,10.0,20.3,49.9,69.6,180.7,409.3,372.0,303.2,330.4,186.5,122.7,8.7,2063.3,30.3,300.2,1415.0,317.9,56.4,250.0,30.4,1
Gujarat Region,1992,18.1,2.2,56.3,63.3,97.2,178.5,665.1,363.0,401.1,119.8,30.6,15.5,2010.8,20.3,216.8,1607.7,166.0,43.3,500.0,36.5,1
Rayalseema,1986,21.0,2.9,29.0,67.1,134.9,357.6,664.0,560.3,83.0,150.4,91.9,19.6,2181.7,23.9,231.0,1665.0,261.9,37.6,250.0,36.0,1
Gujarat Region,1995,11.3,10.2,16.6,42.7,184.0,298.7,715.2,495.7,209.8,121.0,41.7,33.3,2180.2,21.5,243.3,1719.4,196.0,36.8,250.0,36.0,1
Assam & Meghalaya,2015,23.7,25.2,38.5,96.4,266.0,620.2,751.3,909.6,276.0,201.0,89.7,15.7,3313.3,48.8,400.9,2557.0,306.4,12.0,850.0,31.6,1
Coastal Karnataka,2006,10.3,37.0,67.9,71.4,225.1,624.1,691.5,744.2,435.6,245.8,83.0,18.5,3254.3,47.3,364.4,2495.3,347.3,12.0,250.0,29.2,1
Gangetic West Bengal,2021,2.7,16.7,1.8,74.6,207.3,338.4,433.4,406.1,192.5,177.7,43.8,12.9,1907.8,19.4,283.7,1370.4,234.4,57.1,500.0,27.3,0
East Uttar Pradesh,2012,4.9,22.5,27.6,44.4,159.7,351.5,339.7,448.8,344.5,99.6,31.0,30.2,1904.7,27.5,231.7,1484.6,160.9,53.1,30.0,34.4,1
Sub-Himalayan West Bengal,2017,13.4,12.3,7.2,108.0,220.2,389.8,493.2,382.9,366.3,47.1,78.6,11.8,2130.8,25.8,335.3,1632.2,137.5,46.1,850.0,29.9,0
Kerala,2015,28.0,36.8,43.9,75.6,227.3,519.0,754.2,872.6,405.6,191.3,139.2,15.5,3309.1,64.8,346.8,2551.5,346.0,12.0,80.0,34.2,1
Odisha,1997,0.0,6.9,36.9,82.3,106.4,376.7,286.4,465.5,181.7,233.9,8.2,24.4,1809.3,6.9,225.6,1310.3,266.4,48.5,80.0,35.7,0
Sub-Himalayan West Bengal,1987,10.8,14.5,38.6,63.8,118.4,287.1,489.9,283.4,256.0,89.7,22.0,20.1,1694.2,25.3,220.8,1316.3,131.8,51.5,80.0,30.3,1
Rayalseema,2003,5.7,5.5,6.8,36.9,119.3,225.1,459.8,467.6,229.7,141.2,112.6,23.0,1833.1,11.2,162.9,1382.3,276.8,47.5,80.0,30.8,1
Assam & Meghalaya,1992,17.3,31.3,72.9,109.2,305.2,390.8,888.1,709.7,482.9,279.8,114.8,28.9,3430.6,48.6,487.3,2471.4,423.4,12.0,500.0,33.4,1
Gangetic West Bengal,2013,9.9,16.2,9.7,58.1,197.9,472.8,548.3,592.9,332.0,217.2,35.0,14.0,2503.9,26.1,265.6,1946.1,266.1,30.3,850.0,30.8,0
Gujarat Region,1990,4.7,3.5,16.5,32.1,198.8,299.0,650.0,298.7,353.4,178.9,69.0,18.2,2122.7,8.2,247.3,1601.0,266.1,45.1,850.0,32.6,0
Gujarat Region,2005,4.9,20.6,35.2,72.8,115.9,441.4,421.7,631.7,146.2,123.4,57.7,19.0,2090.4,25.5,224.0,1640.9,200.1,43.9,15.0,27.8,1
Odisha,2004,4.7,0.0,4.6,98.9,129.1,418.8,513.6,574.7,289.1,149.9,87.4,16.1,2287.0,4.7,232.7,1796.2,253.4,28.4,850.0,24.1,1
Kerala,2002,12.6,27.8,51.1,100.7,211.9,411.0,987.3,815.9,673.3,196.6,108.5,15.1,3611.8,40.3,363.8,2887.6,320.2,12.0,80.0,27.9,1
Gujarat Region,1995,14.8,7.8,0.0,52.3,122.8,362.0,430.0,209.2,393.0,135.8,82.3,26.9,1836.7,22.6,175.1,1394.1,245.0,56.2,500.0,26.8,0
Sub-Himalayan West Bengal,1995,15.4,8.2,37.6,49.1,96.6,368.8,371.4,479.9,130.6,3.5,114.9,16.4,1692.2,23.7,183.2,1350.6,134.7,45.9,500.0,25.7,0
Sub-Himalayan West Bengal,2015,8.0,17.3,18.2,44.4,75.7,553.6,498.4,355.2,190.8,120.7,14.4,20.5,1917.1,25.3,138.3,1598.0,155.5,44.9,30.0,25.7,1
Gangetic West Bengal,2024,3.0,16.8,17.0,30.5,94.3,383.6,584.2,399.7,178.5,187.4,46.3,22.6,1963.8,19.8,141.8,1546.0,256.2,39.0,30.0,34.3,1
Gangetic West Bengal,2004,11.2,34.4,29.4,87.7,190.3,652.2,649.0,381.8,83.7,192.0,117.3,0.5,2429.4,45.6,307.3,1766.7,309.8,43.1,850.0,35.0,0
Rayalseema,2016,18.5,18.5,24.5,78.5,226.6,394.7,321.1,313.9,269.0,177.6,16.0,17.3,1876.3,36.9,329.7,1298.8,210.9,49.9,80.0,24.4,1
Gujarat Region,1992,3.9,15.2,37.2,54.3,114.5,451.6,632.7,36.5,23.9,169.9,37.1,11.0,1587.8,19.1,206.1,1144.7,217.9,48.5,80.0,24.1,1
Sub-Himalayan West Bengal,2008,0.0,17.1,11.0,36.0,167.2,276.3,408.5,460.7,481.4,187.5,35.5,30.7,2112.0,17.1,214.2,1626.9,253.7,41.9,15.0,29.3,1
East Uttar Pradesh,2020,11.8,12.5,40.5,36.4,79.3,243.5,463.0,277.4,440.1,178.7,56.6,4.1,1843.7,24.3,156.1,1423.9,239.4,53.6,850.0,27.5,0
Konkan & Goa,1982,11.3,31.0,45.1,86.3,238.1,721.4,920.7,650.2,381.9,91.9,69.9,28.4,3276.3,42.4,369.5,2674.2,190.2,12.0,500.0,26.3,1
Kerala,1999,11.9,43.5,35.9,79.2,256.6,567.9,1106.2,553.4,304.2,216.5,122.4,14.7,3312.4,55.5,371.7,2531.7,353.6,12.0,250.0,34.8,1
Gujarat Region,2005,0.8,4.8,37.7,76.5,119.6,336.3,745.6,316.1,380.4,99.6,91.3,22.9,2231.5,5.6,233.7,1778.4,213.8,31.1,30.0,32.5,0
Odisha,2015,11.2,3.6,10.2,66.6,242.9,330.1,611.4,292.7,210.1,89.6,49.9,3.6,1921.7,14.7,319.7,1444.3,143.0,36.8,500.0,31.7,1
Konkan & Goa,2011,24.6,30.0,48.7,93.9,331.9,579.5,701.1,701.9,616.7,224.1,137.4,14.3,3504.1,54.6,474.6,2599.2,375.8,12.0,30.0,26.3,1
East Uttar Pradesh,2013,15.0,12.0,25.8,45.1,180.3,385.1,481.5,681.0,226.9,224.6,69.5,10.3,2357.0,26.9,251.2,1774.5,304.4,44.7,850.0,30.6,0
East Uttar Pradesh,2022,4.9,3.9,44.4,80.5,237.4,275.3,514.7,250.5,43.2,100.6,87.5,42.2,1685.1,8.8,362.2,1083.7,230.3,51.0,80.0,25.0,1
Konkan & Goa,1986,14.1,30.5,71.9,130.5,324.2,578.8,856.8,725.3,331.8,210.1,91.6,35.2,3400.9,44.6,526.6,2492.7,337.0,12.0,500.0,34.3,1
Gujarat Region,2007,0.0,14.1,34.9,85.5,185.3,249.5,428.3,415.2,232.4,102.7,38.0,21.7,1807.6,14.1,305.6,1325.5,162.4,51.3,250.0,29.7,1
East Uttar Pradesh,1990,10.3,21.1,40.9,45.1,107.4,351.4,579.1,339.1,267.5,147.6,57.8,29.2,1996.5,31.4,193.4,1537.0,234.6,41.3,250.0,33.5,1
Rayalseema,2011,15.0,31.7,31.1,50.2,127.0,315.2,649.2,451.3,132.4,155.8,59.2,11.6,2029.7,46.6,208.3,1548.1,226.6,44.4,850.0,28.0,0
East Uttar Pradesh,1991,7.5,17.9,32.6,120.3,30.2,348.6,634.2,350.1,224.7,195.2,54.9,2.0,2018.3,25.4,183.2,1557.7,252.1,36.1,30.0,36.0,1
East Uttar Pradesh,1982,2.8,2.7,20.7,57.3,105.7,308.2,472.4,301.1,385.4,92.5,47.8,10.4,1807.0,5.5,183.8,1467.1,150.7,58.7,15.0,25.2,1
Konkan & Goa,1985,13.4,15.8,39.7,85.8,224.1,508.4,1038.1,487.0,392.5,122.1,99.5,36.2,3062.7,29.2,349.6,2426.0,257.9,12.0,500.0,25.4,1
Sub-Himalayan West Bengal,2018,11.1,23.7,57.7,82.2,268.4,275.7,466.0,446.4,311.9,234.7,16.6,14.7,2209.0,34.8,408.2,1500.1,265.9,40.7,250.0,29.1,1
Bihar,1982,16.7,15.5,15.5,60.8,184.2,460.0,520.0,559.8,401.2,111.4,70.8,20.1,2435.9,32.2,260.5,1940.9,202.2,28.8,850.0,27.6,0
Odisha,2012,6.5,16.0,30.6,46.4,138.9,481.6,423.4,287.7,214.1,228.7,47.0,16.3,1937.1,22.4,215.9,1406.7,292.0,62.4,850.0,27.5,0
Odisha,2019,17.3,14.3,35.6,31.3,147.6,344.9,494.5,413.9,205.2,67.7,80.3,21.4,1873.9,31.6,214.6,1458.5,169.3,56.3,30.0,34.8,1
Bihar,1998,10.1,22.0,0.0,82.0,180.4,360.3,548.1,282.4,313.4,143.7,54.0,38.1,2034.4,32.1,262.4,1504.2,235.7,37.4,30.0,29.0,1
Rayalseema,2024,16.2,10.4,16.9,25.9,176.9,347.0,630.9,339.5,178.2,320.5,144.5,12.1,2218.9,26.6,219.7,1495.5,477.1,46.6,80.0,30.6,1
Coastal Karnataka,2010,12.7,26.0,76.0,149.0,254.1,561.5,770.7,719.4,446.4,133.5,101.3,37.8,3288.6,38.8,479.1,2498.0,272.6,12.0,15.0,29.5,1
Sub-Himalayan West Bengal,2024,4.9,31.9,28.9,29.2,144.2,432.6,761.7,388.6,160.5,228.4,29.8,6.7,2247.6,36.8,202.4,1743.5,265.0,30.2,15.0,25.1,1
East Uttar Pradesh,1991,18.4,22.8,39.6,90.0,160.2,374.5,523.6,124.9,298.6,163.3,32.7,13.3,1862.0,41.3,289.8,1321.6,209.3,49.8,500.0,28.6,0
Kerala,1983,8.6,21.3,24.3,111.8,263.7,479.1,927.3,503.0,523.3,239.4,138.6,31.8,3272.2,29.8,399.8,2432.7,409.8,12.0,500.0,29.2,1
Gujarat Region,2019,5.4,23.4,15.2,63.6,104.9,206.8,444.3,316.3,227.8,198.3,7.8,8.3,1622.0,28.8,183.7,1195.2,214.4,51.2,500.0,32.9,0
Tamil Nadu,1993,21.0,9.3,34.1,84.2,179.8,323.7,673.0,585.1,131.6,135.2,41.9,20.6,2239.5,30.3,298.1,1713.5,197.7,26.9,15.0,34.1,1
Odisha,2024,10.0,10.1,18.8,57.0,156.7,129.5,494.3,287.2,179.5,92.7,86.2,0.8,1523.0,20.1,232.6,1090.5,179.8,53.0,850.0,28.8,0
Sub-Himalayan West Bengal,2004,12.0,16.6,41.7,19.1,134.1,414.1,469.1,452.3,72.5,125.9,38.7,46.4,1842.6,28.6,194.9,1408.1,211.0,48.6,500.0,23.8,0
Kerala,2003,9.8,34.4,47.6,121.7,321.8,764.2,1141.0,697.0,370.9,139.9,157.3,18.5,3824.1,44.2,491.1,2973.1,315.7,12.0,30.0,31.1,1
Coastal Karnataka,2011,18.7,24.9,60.2,91.6,207.9,713.7,454.9,721.9,341.2,265.2,162.2,22.7,3085.1,43.6,359.7,2231.7,450.1,24.8,500.0,28.3,1
Assam & Meghalaya,2005,9.9,23.9,35.0,79.7,322.6,447.7,1026.5,686.5,388.8,292.3,143.9,36.6,3493.5,33.8,437.3,2549.5,472.9,12.0,15.0,23.2,1
Kerala,2013,18.6,21.1,61.3,129.9,266.1,623.4,741.7,754.9,317.7,219.3,107.2,16.2,3277.6,39.8,457.4,2437.7,342.7,12.0,850.0,25.0,1
Kerala,2021,10.7,32.2,47.1,81.4,297.9,571.2,823.5,931.1,385.3,287.3,60.3,4.7,3532.7,42.9,426.4,2711.1,352.3,12.0,30.0,27.5,1
Konkan & Goa,1997,8.3,10.0,39.6,119.8,336.2,737.6,1030.1,833.6,515.9,257.0,65.9,24.1,3978.0,18.3,495.6,3117.1,347.0,12.0,500.0,30.8,1
Konkan & Goa,1991,16.2,15.4,51.3,108.4,273.4,533.4,580.9,744.6,374.8,137.3,140.6,33.8,3010.1,31.6,433.1,2233.7,311.7,21.6,250.0,28.3,1
Odisha,2018,10.5,9.4,32.6,94.6,98.8,221.6,536.1,175.1,96.4,219.9,58.6,20.8,1574.3,19.9,225.9,1029.2,299.3,62.3,250.0,35.3,0
Bihar,1992,0.0,15.5,40.2,64.8,182.9,402.8,716.0,285.8,304.5,160.0,61.5,24.1,2258.2,15.5,287.9,1709.1,245.6,31.9,15.0,31.6,1
Gangetic West Bengal,2008,10.8,11.8,53.8,34.8,131.2,347.5,624.1,190.1,400.1,182.0,95.4,14.2,2095.8,22.6,219.8,1561.8,291.6,44.0,80.0,30.2,1
Kerala,1982,11.9,35.1,66.4,132.0,323.7,489.3,646.6,715.8,516.1,177.9,78.8,20.0,3213.6,47.0,522.1,2367.8,276.7,13.3,850.0,28.5,1
Assam & Meghalaya,2014,25.5,24.2,33.5,89.0,240.8,587.6,680.8,923.0,421.3,169.2,98.0,11.0,3304.0,49.7,363.3,2612.8,278.2,13.5,500.0,35.9,1
Tamil Nadu,1994,7.5,29.3,33.0,62.8,125.7,391.5,587.0,257.3,276.5,81.5,58.6,14.9,1925.4,36.8,221.4,1512.2,155.0,40.0,30.0,23.6,1
Assam & Meghalaya,2008,15.5,29.5,41.7,120.8,159.0,526.9,676.9,821.8,264.6,285.5,113.3,31.1,3086.6,45.0,321.5,2290.1,429.9,21.9,500.0,24.4,1
Gangetic West Bengal,2023,9.6,24.7,4.2,75.7,202.8,540.1,800.4,213.3,172.4,91.8,49.6,2.9,2187.5,34.3,282.7,1726.2,144.3,28.7,250.0,35.4,1
Assam & Meghalaya,2024,9.2,26.2,79.1,67.0,258.3,536.8,1209.0,630.5,360.0,133.4,114.9,43.0,3467.3,35.3,404.4,2736.3,291.2,12.0,30.0,34.1,1
Sub-Himalayan West Bengal,1991,16.7,2.8,41.3,77.8,151.2,232.5,481.0,332.9,287.3,28.8,109.2,25.0,1786.6,19.4,270.3,1333.7,163.1,59.3,30.0,35.5,1
Sub-Himalayan West Bengal,2012,15.0,22.0,30.0,65.7,107.3,438.5,474.3,347.0,178.8,192.0,74.2,19.6,1964.2,36.9,202.9,1438.6,285.8,45.8,15.0,30.1,1
Gangetic West Bengal,1998,12.4,21.0,29.7,40.7,108.9,183.5,824.5,656.6,131.5,136.5,36.4,30.7,2212.3,33.4,179.2,1796.1,203.6,26.5,250.0,36.5,1
East Uttar Pradesh,1992,8.7,15.4,15.8,68.8,123.4,275.7,451.3,586.9,261.6,266.6,56.5,5.7,2136.3,24.1,208.0,1575.5,328.8,41.0,250.0,27.3,1
Gujarat Region,2018,13.7,11.1,43.3,67.1,198.1,283.6,593.6,389.0,238.8,98.1,41.8,20.3,1998.5,24.8,308.5,1505.0,160.2,43.4,500.0,33.4,1
East Uttar Pradesh,1983,16.7,2.0,0.0,70.4,95.8,365.5,638.6,417.9,369.1,207.9,39.9,7.1,2230.8,18.6,166.1,1791.2,254.9,36.8,500.0,23.6,0
Kerala,1991,18.6,15.7,67.9,96.8,274.8,458.6,780.4,451.5,534.6,210.2,144.8,17.5,3071.3,34.3,439.5,2225.1,372.4,15.6,15.0,24.4,1
Odisha,1993,1.2,10.7,48.9,50.8,124.6,381.6,650.4,147.3,255.7,197.9,26.0,9.9,1904.9,11.9,224.3,1435.0,233.7,48.0,250.0,32.5,1
East Uttar Pradesh,1985,2.6,6.0,19.8,74.3,140.0,243.6,219.5,524.9,307.2,316.4,34.9,24.9,1914.1,8.6,234.0,1295.2,376.3,66.3,30.0,27.7,1
Sub-Himalayan West Bengal,2015,15.6,9.1,14.2,57.0,152.9,437.0,561.8,349.1,399.4,124.6,58.1,5.7,2184.6,24.7,224.0,1747.4,188.5,26.6,850.0,32.1,0
Gujarat Region,2016,11.7,0.0,24.9,55.5,132.4,310.6,543.7,474.1,175.4,108.9,45.8,14.8,1897.8,11.7,212.8,1503.7,169.5,46.2,850.0,28.5,0
Gangetic West Bengal,2007,18.1,3.5,0.0,37.8,134.2,381.5,620.6,602.1,290.3,212.4,12.2,14.7,2327.4,21.6,172.0,1894.6,239.2,35.9,850.0,34.0,0
Konkan & Goa,2005,14.3,26.1,63.3,110.7,216.4,412.2,659.8,458.0,536.7,224.4,126.0,36.2,2884.1,40.4,390.4,2066.8,386.6,28.8,250.0,30.3,1
Kerala,2020,18.9,24.1,70.7,86.4,282.3,434.8,932.9,785.6,505.9,269.9,97.1,9.7,3518.4,43.0,439.4,2659.2,376.7,12.0,80.0,36.9,1
Sub-Himalayan West Bengal,2013,14.9,31.1,47.2,62.3,115.3,305.1,473.1,405.3,202.1,135.2,89.0,21.1,1901.8,46.0,224.9,1385.6,245.3,50.5,250.0,34.1,1
Odisha,1988,5.5,21.3,55.5,57.7,145.8,485.1,433.0,413.2,369.7,136.3,88.6,0.0,2211.7,26.7,259.0,1701.0,224.9,37.7,15.0,30.7,1
Coastal Karnataka,2015,19.1,22.8,50.1,125.9,217.9,454.9,876.9,606.7,491.6,168.6,134.7,9.0,3178.3,42.0,393.9,2430.1,312.3,12.0,250.0,36.0,1
Kerala,2021,24.3,25.8,33.9,80.4,239.6,203.5,905.3,822.7,369.8,267.3,90.6,29.7,3092.8,50.1,353.8,2301.3,387.6,17.4,850.0,32.5,1
Gujarat Region,1993,10.1,11.4,36.7,85.4,121.1,317.6,730.7,549.5,340.0,234.1,56.2,12.5,2505.2,21.4,243.2,1937.8,302.8,19.0,15.0,26.1,1
Rayalseema,1988,11.8,14.7,25.6,70.5,206.7,254.4,531.0,482.9,253.4,95.0,86.7,19.9,2052.4,26.4,302.8,1521.7,201.5,41.4,250.0,30.9,1
Coastal Karnataka,1994,8.8,34.5,21.9,113.2,236.1,582.3,704.6,611.1,394.9,173.6,67.2,29.1,2977.2,43.3,371.2,2292.9,269.9,18.7,30.0,26.5,1
Sub-Himalayan West Bengal,2019,9.5,10.2,0.0,81.4,65.8,274.5,651.6,377.9,312.8,169.0,56.6,21.6,2030.9,19.7,147.2,1616.8,247.2,31.8,500.0,30.3,1
Gangetic West Bengal,2001,10.7,9.7,11.6,79.4,239.1,162.6,569.5,382.9,257.4,104.5,77.4,24.5,1929.3,20.4,330.1,1372.4,206.4,42.2,850.0,30.7,0
Konkan & Goa,2021,16.4,32.8,27.4,106.4,257.1,415.7,648.6,725.0,360.8,166.9,121.1,26.3,2904.4,49.1,390.9,2150.1,314.4,20.0,850.0,32.4,1
Sub-Himalayan West Bengal,2009,4.4,19.9,16.5,55.1,9.3,527.3,636.9,424.3,277.9,130.3,30.1,22.5,2154.5,24.3,81.0,1866.3,182.9,34.3,30.0,29.9,1
East Uttar Pradesh,2007,7.8,21.8,33.7,39.3,205.9,330.1,622.5,467.9,312.2,242.3,10.9,0.0,2294.5,29.6,279.0,1732.7,253.2,28.7,500.0,36.1,0
Odisha,1981,18.8,29.9,47.7,50.9,134.6,452.6,634.1,460.9,72.4,158.2,99.2,25.4,2184.7,48.7,233.2,1620.1,282.7,34.5,250.0,28.0,1
Bihar,1984,14.1,11.7,30.3,67.4,193.4,537.0,414.4,457.5,251.1,138.2,126.7,14.0,2255.9,25.9,291.0,1660.0,279.0,40.9,250.0,23.3,1
Rayalseema,2015,9.2,23.1,26.3,135.2,191.2,380.9,550.3,624.3,10.0,191.3,79.0,7.1,2227.9,32.3,352.7,1565.5,277.5,39.1,250.0,34.5,1
Rayalseema,1990,17.5,21.3,47.4,47.2,95.0,288.0,876.2,239.4,285.7,126.2,98.1,22.8,2164.7,38.8,189.7,1689.2,247.0,26.4,15.0,24.3,1
Rayalseema,1988,18.3,16.2,39.3,25.6,96.0,415.5,626.6,413.7,109.8,77.2,44.0,26.3,1908.4,34.5,160.9,1565.6,147.5,40.2,15.0,36.2,1
East Uttar Pradesh,1998,13.0,22.1,24.4,37.6,241.5,252.5,631.9,132.7,314.3,189.7,127.9,9.5,1997.1,35.1,303.4,1331.5,327.1,46.9,500.0,33.5,1
Tamil Nadu,1999,4.3,4.0,49.5,54.4,90.5,294.4,439.6,273.5,197.4,102.4,74.8,21.2,1605.9,8.3,194.4,1204.8,198.4,55.4,80.0,30.1,1
Bihar,1981,13.3,28.5,48.0,118.8,120.5,447.0,533.4,507.7,10.0,208.7,94.2,18.3,2148.4,41.8,287.3,1498.2,321.1,45.8,30.0,25.8,1
Bihar,2007,18.4,18.1,24.7,46.2,151.2,488.5,354.5,429.5,227.0,126.8,76.4,24.4,1985.6,36.5,222.1,1499.4,227.6,44.6,850.0,25.7,0
Sub-Himalayan West Bengal,1986,8.8,27.7,35.7,72.0,123.8,418.8,533.1,365.2,255.2,92.6,54.8,2.7,1990.3,36.4,231.6,1572.2,150.1,36.5,15.0,36.0,1
Bihar,1988,17.5,14.7,24.6,115.2,154.9,410.2,396.5,177.6,457.2,110.5,31.2,38.7,1948.8,32.2,294.7,1441.5,180.4,45.3,15.0,24.5,1
Odisha,2021,11.0,0.0,50.8,61.2,153.6,214.1,449.6,373.7,189.1,86.5,115.6,13.3,1718.5,11.0,265.6,1226.6,215.4,50.7,500.0,26.1,0
Gangetic West Bengal,2011,12.4,20.4,29.4,56.5,157.7,344.7,291.9,274.3,236.0,189.2,34.7,2.8,1649.9,32.8,243.6,1146.8,226.7,63.8,15.0,28.4,1
Sub-Himalayan West Bengal,1981,11.2,14.0,39.3,103.6,136.7,268.6,568.3,588.5,279.3,180.3,38.8,24.8,2253.5,25.2,279.6,1704.7,244.0,34.3,15.0,24.8,1
Gangetic West Bengal,2023,12.2,8.3,47.6,35.3,253.5,356.7,483.7,320.6,213.8,239.0,66.0,18.9,2055.6,20.5,336.4,1374.8,323.9,49.1,500.0,30.9,0
East Uttar Pradesh,2008,9.2,12.0,51.0,77.5,106.3,228.5,711.0,444.1,276.6,113.6,55.9,21.8,2107.4,21.2,234.9,1660.1,191.3,35.0,850.0,25.7,0
Kerala,2018,12.7,17.9,47.9,91.8,206.4,576.3,1177.5,740.0,277.9,301.5,63.5,9.3,3522.8,30.6,346.2,2771.7,374.3,12.0,30.0,29.3,1
Rayalseema,2023,17.3,12.4,27.3,63.2,204.3,405.7,888.8,273.8,202.5,139.3,74.5,10.6,2319.8,29.7,294.8,1770.9,224.4,31.2,15.0,33.0,1
Assam & Meghalaya,2011,17.4,16.4,61.0,109.3,231.9,443.7,958.5,719.3,577.3,244.6,119.5,20.1,3519.2,33.8,402.3,2698.9,384.2,12.0,80.0,31.0,1
Coastal Karnataka,1991,10.4,23.9,43.0,124.4,230.2,615.2,846.9,661.6,504.1,171.5,94.6,30.9,3356.6,34.4,397.6,2627.7,297.0,12.0,500.0,24.0,1
Assam & Meghalaya,2010,12.9,22.8,66.1,147.7,289.3,696.8,803.1,759.9,464.7,218.6,82.1,35.7,3599.6,35.7,503.0,2724.5,336.4,12.0,250.0,23.4,1
Gujarat Region,2002,8.4,6.4,17.3,41.9,88.6,354.0,541.0,549.0,226.3,144.1,51.9,17.5,2046.3,14.8,147.8,1670.2,213.5,42.9,15.0,30.9,1
Assam & Meghalaya,2000,29.2,12.9,54.0,107.7,235.7,571.6,863.2,655.4,430.4,236.6,143.2,51.1,3391.0,42.1,397.4,2520.6,430.9,12.0,30.0,32.8,1
Assam & Meghalaya,1993,20.9,21.1,65.1,66.5,228.3,648.2,926.6,634.3,442.5,209.8,85.3,33.1,3381.6,41.9,359.8,2651.7,328.2,12.0,500.0,24.7,1
Gangetic West Bengal,2008,2.3,12.0,18.0,116.9,73.8,488.2,677.4,408.1,206.9,83.2,57.7,5.2,2149.7,14.3,208.7,1780.6,146.1,36.6,15.0,30.0,1
Assam & Meghalaya,1997,12.6,23.3,22.5,91.6,227.4,596.6,1009.5,390.5,344.6,165.7,140.6,26.8,3051.8,35.9,341.5,2341.3,333.2,12.0,500.0,31.4,1
Coastal Karnataka,1999,18.6,29.0,38.7,142.2,118.2,651.1,822.0,560.1,465.7,263.0,88.9,28.8,3226.3,47.6,299.1,2498.9,380.7,12.0,500.0,27.0,1
Bihar,2017,16.3,9.2,16.4,86.0,182.8,256.9,220.5,690.5,224.3,204.5,63.7,22.3,1993.4,25.5,285.3,1392.2,290.4,57.6,500.0,34.0,0
East Uttar Pradesh,2016,5.1,34.1,45.7,32.5,198.8,390.4,449.3,536.2,130.8,205.9,46.6,13.4,2088.8,39.2,277.0,1506.6,265.9,48.2,80.0,36.1,1
Tamil Nadu,2015,7.8,7.5,32.8,66.9,192.6,378.8,473.7,399.0,359.1,86.6,55.3,6.8,2066.9,15.3,292.3,1610.6,148.7,48.0,15.0,26.5,1
Coastal Karnataka,2001,15.3,16.9,51.5,61.3,168.6,329.3,1170.8,547.3,476.5,247.1,110.8,15.4,3210.7,32.2,281.4,2523.8,373.3,12.0,500.0,29.9,1
Odisha,2016,7.1,16.9,54.0,38.8,104.8,427.7,658.3,314.4,156.7,173.0,37.9,20.2,2009.7,24.0,197.6,1557.0,231.1,31.5,500.0,27.5,1
Gujarat Region,2013,14.9,9.4,38.6,92.6,176.2,382.1,217.3,338.3,331.3,230.8,70.2,12.6,1914.4,24.4,307.4,1269.0,313.6,49.8,250.0,28.6,0
Kerala,1984,16.2,17.3,21.8,106.8,200.3,589.7,487.4,751.2,244.9,242.7,14.9,40.7,2734.0,33.5,329.0,2073.2,298.3,34.7,15.0,34.6,1
East Uttar Pradesh,2000,3.1,7.9,36.7,40.7,231.0,472.4,388.9,487.0,246.3,190.4,33.9,6.0,2144.4,11.1,308.4,1594.6,230.3,52.9,500.0,31.8,0
East Uttar Pradesh,1988,11.4,7.8,20.4,60.6,129.8,350.0,605.6,228.0,371.1,279.5,72.6,3.2,2140.0,19.2,210.8,1554.8,355.3,36.6,850.0,28.4,1
Kerala,2023,20.5,30.6,36.7,110.8,220.7,512.7,674.0,612.6,360.3,124.2,147.1,20.6,2870.8,51.1,368.2,2159.6,292.0,26.8,250.0,25.0,1
Gujarat Region,1987,4.4,0.0,29.7,73.7,113.2,355.5,499.9,195.0,158.1,72.1,82.4,27.6,1611.3,4.4,216.5,1208.4,182.1,45.9,30.0,32.5,1
Sub-Himalayan West Bengal,2013,3.1,14.4,15.1,42.3,226.9,417.7,566.0,402.1,360.5,121.9,65.1,18.0,2253.1,17.5,284.3,1746.4,204.9,39.0,30.0,25.6,1
Sub-Himalayan West Bengal,2023,9.6,10.9,32.4,100.1,168.0,275.6,531.4,359.5,186.3,249.4,47.3,0.0,1970.5,20.5,300.4,1352.9,296.7,50.8,850.0,28.9,0
Odisha,1982,0.0,18.1,29.2,81.2,126.8,420.7,552.4,715.0,344.7,157.6,52.1,18.0,2515.8,18.1,237.2,2032.8,227.6,28.6,80.0,26.0,1
Gangetic West Bengal,2003,5.7,0.0,18.5,87.3,107.8,188.4,446.3,434.9,261.4,159.5,99.3,5.9,1815.1,5.7,213.6,1331.1,264.8,38.7,500.0,32.0,0
Gangetic West Bengal,2009,14.9,13.4,8.8,43.7,94.1,388.3,562.2,297.9,138.2,160.2,25.8,18.8,1766.3,28.3,146.6,1386.6,204.8,50.0,15.0,27.3,0
Gangetic West Bengal,2005,10.2,6.8,9.2,87.2,152.7,450.0,525.9,497.7,227.5,80.5,122.1,10.4,2180.2,17.0,249.1,1701.1,213.0,40.2,15.0,30.3,1
East Uttar Pradesh,1998,7.6,8.6,34.0,62.6,113.0,92.1,458.0,511.2,250.1,184.1,105.6,23.6,1850.5,16.2,209.6,1311.3,313.3,60.0,80.0,32.2,1
East Uttar Pradesh,1987,12.2,5.5,24.9,75.6,90.8,263.3,353.3,516.3,187.2,62.6,51.2,18.3,1661.0,17.7,191.2,1320.1,132.1,51.3,15.0,35.1,1
Odisha,1981,10.9,13.9,27.6,71.4,163.3,335.5,130.0,246.9,199.5,203.2,87.2,22.9,1512.3,24.9,262.3,911.9,313.3,73.5,250.0,26.7,0
Kerala,2013,20.1,28.1,58.0,73.9,254.5,712.0,821.3,757.4,483.3,205.5,54.0,13.8,3481.9,48.2,386.3,2774.1,273.3,12.0,500.0,36.4,1
Assam & Meghalaya,2012,15.7,27.2,45.0,128.8,252.8,395.6,598.2,521.4,565.6,247.3,97.3,32.3,2927.2,42.8,426.6,2080.8,377.0,24.7,15.0,35.3,1
Bihar,2022,18.1,15.2,13.5,48.2,123.6,529.7,311.5,479.5,209.0,135.4,94.8,4.8,1983.2,33.3,185.3,1529.7,235.0,44.8,500.0,28.4,0
Odisha,2019,10.8,22.1,26.2,63.5,83.6,226.0,523.6,183.5,166.4,176.1,44.5,2.5,1528.6,32.9,173.2,1099.4,223.0,58.1,15.0,29.1,1
Kerala,2010,14.6,36.4,64.7,74.0,308.7,442.0,768.4,795.6,243.2,200.1,135.7,15.6,3098.9,51.0,447.4,2249.2,351.4,15.3,500.0,25.5,1
Kerala,2010,12.8,28.9,50.5,114.1,234.2,656.5,571.6,774.4,418.3,289.9,157.4,19.4,3327.9,41.7,398.7,2420.8,466.6,23.0,15.0,27.3,1
Tamil Nadu,2021,3.4,18.1,34.5,94.6,114.3,301.0,643.1,438.6,112.4,242.0,48.1,26.4,2076.5,21.5,243.4,1495.2,316.5,35.7,15.0,24.2,1
Konkan & Goa,1988,8.6,24.8,40.1,117.7,231.2,581.9,962.5,591.4,372.2,258.5,148.0,17.6,3354.4,33.4,389.1,2507.9,424.0,12.0,250.0,30.9,1
Kerala,2013,0.1,24.1,41.0,89.9,269.0,446.7,851.1,584.1,477.0,182.9,82.7,39.0,3087.7,24.2,400.0,2358.9,304.6,16.1,30.0,34.4,1
Coastal Karnataka,2022,13.6,23.1,68.7,89.8,327.7,532.0,932.2,506.6,485.2,186.2,98.6,41.8,3305.5,36.8,486.3,2456.0,326.5,12.0,500.0,32.9,1
Bihar,2000,11.5,28.9,9.6,107.1,173.5,236.5,599.7,321.2,178.2,47.3,117.8,3.4,1834.6,40.4,290.2,1335.6,168.5,49.1,15.0,28.3,1
Assam & Meghalaya,1992,19.3,20.8,17.3,83.6,142.9,489.8,925.7,736.0,374.1,180.4,73.1,21.4,3084.3,40.1,243.8,2525.6,274.9,12.0,15.0,26.7,1
Coastal Karnataka,2010,16.0,21.4,77.8,103.1,165.1,747.5,966.7,557.3,419.2,328.5,142.3,29.1,3574.0,37.4,346.0,2690.6,499.9,12.0,30.0,36.0,1
Kerala,2018,16.6,31.8,60.4,121.9,256.7,572.2,1021.2,733.7,356.2,349.7,162.8,45.5,3728.6,48.4,439.0,2683.2,557.9,12.0,80.0,34.0,1
Tamil Nadu,2003,11.5,11.7,22.3,71.8,137.5,345.1,691.7,303.2,329.2,165.1,116.2,26.4,2231.6,23.2,231.6,1669.1,307.7,36.0,250.0,33.2,1
Odisha,2009,4.8,15.5,19.0,82.3,173.8,195.4,361.1,393.3,240.9,104.5,78.4,22.6,1691.4,20.4,275.0,1190.6,205.4,59.5,850.0,29.1,1
Konkan & Goa,1982,17.2,32.2,35.0,109.8,216.6,703.5,690.9,676.0,451.0,255.8,80.3,27.7,3295.9,49.4,361.4,2521.4,363.7,13.0,500.0,27.0,1
East Uttar Pradesh,1981,9.2,2.6,23.2,40.6,130.4,400.8,560.7,333.6,432.0,301.0,91.3,3.8,2329.2,11.8,194.2,1727.2,396.0,34.7,250.0,23.1,1
Kerala,1994,18.0,20.2,40.9,115.0,338.5,372.4,1195.7,782.8,498.1,363.0,96.4,37.7,3878.7,38.2,494.4,2849.0,497.1,12.0,500.0,24.1,1
Sub-Himalayan West Bengal,1982,17.1,20.6,38.9,64.3,118.5,506.7,654.0,587.6,116.8,97.3,58.2,22.5,2302.4,37.7,221.6,1865.1,178.0,39.7,80.0,34.3,1
Bihar,2010,13.1,28.3,38.5,10.4,193.6,495.2,333.2,336.5,259.6,125.8,40.3,19.7,1894.2,41.4,242.5,1424.5,185.7,41.5,30.0,28.8,1
Kerala,2007,13.6,23.7,38.6,91.6,186.7,645.3,866.4,663.8,428.2,303.4,107.9,21.8,3391.1,37.3,316.9,2603.8,433.1,12.0,15.0,27.1,1
Tamil Nadu,1981,17.8,17.6,41.5,15.2,206.9,480.2,587.5,488.4,191.9,83.3,36.9,16.1,2183.3,35.4,263.6,1748.0,136.3,45.2,30.0,27.8,1
Coastal Karnataka,2000,22.7,34.7,51.8,113.3,217.1,404.7,715.3,771.2,399.7,311.5,99.8,33.8,3175.6,57.4,382.2,2290.9,445.1,12.0,500.0,30.4,1
Odisha,1999,7.8,17.3,61.4,82.9,153.3,297.0,530.4,321.4,145.6,177.8,94.0,16.4,1905.2,25.1,297.6,1294.4,288.1,36.0,80.0,27.4,1
Sub-Himalayan West Bengal,2024,0.0,4.5,8.0,90.5,146.6,624.4,416.0,414.6,321.1,59.0,123.2,35.4,2243.3,4.5,245.0,1776.1,217.6,49.0,80.0,35.4,1
Gangetic West Bengal,2013,12.1,18.6,13.4,47.7,106.7,348.1,349.9,514.7,421.0,122.6,63.2,17.7,2035.9,30.8,167.9,1633.7,203.5,47.3,15.0,26.7,1
Odisha,2020,14.3,9.2,17.6,82.2,91.6,406.1,585.3,331.4,262.1,156.2,38.5,17.4,2011.8,23.5,191.5,1584.8,212.1,41.5,80.0,28.3,1
Bihar,2001,10.3,26.8,26.6,61.6,210.2,209.9,606.1,399.6,212.7,148.2,39.1,26.7,1978.0,37.1,298.4,1428.4,214.1,46.7,15.0,35.9,1
Konkan & Goa,2012,14.4,19.8,39.4,72.3,276.0,709.3,1026.5,747.8,446.0,368.0,166.0,38.0,3923.6,34.2,387.8,2929.7,572.0,12.0,30.0,30.9,1
Rayalseema,2009,12.8,18.9,25.7,60.1,162.4,319.1,295.3,389.4,260.6,226.9,48.4,14.3,1834.0,31.7,248.3,1264.4,289.7,53.9,250.0,27.1,0
Odisha,2011,0.0,22.6,35.7,20.6,184.2,187.4,692.9,389.6,362.4,156.5,49.9,30.3,2132.2,22.6,240.5,1632.4,236.7,30.7,80.0,29.6,1
Assam & Meghalaya,2018,21.4,16.8,42.4,110.9,265.9,619.2,1012.2,724.6,425.8,253.4,126.9,14.2,3633.5,38.2,419.2,2781.7,394.5,12.0,15.0,25.8,1
Sub-Himalayan West Bengal,2021,17.3,21.7,30.1,47.0,183.7,399.1,587.3,801.1,276.6,86.3,43.0,16.1,2509.4,39.0,260.8,2064.1,145.4,32.2,850.0,26.9,0
Assam & Meghalaya,2003,9.1,21.8,57.0,82.1,224.9,534.0,916.5,621.6,401.1,173.9,98.8,38.5,3179.4,30.9,364.1,2473.2,311.2,12.0,15.0,32.4,1
Bihar,2019,14.5,15.4,17.5,55.2,143.5,314.9,619.1,571.3,425.0,206.1,107.1,30.8,2520.6,29.9,216.3,1930.4,344.0,30.7,15.0,31.2,1
Kerala,1997,21.6,32.8,43.1,69.0,201.6,559.0,1003.0,841.6,378.6,269.3,90.6,29.6,3539.8,54.4,313.7,2782.2,389.6,12.0,15.0,35.5,1
Kerala,2010,13.9,10.1,55.1,109.9,214.2,584.9,848.8,501.4,268.0,288.8,71.9,26.9,2994.0,24.0,379.2,2203.2,387.5,13.7,80.0,32.2,1
Odisha,2020,12.8,6.0,41.7,100.0,182.0,373.2,615.1,345.6,285.3,241.4,63.4,15.3,2281.8,18.9,323.7,1619.2,320.1,35.1,500.0,26.7,1
Kerala,2022,20.1,8.6,33.1,96.3,253.3,667.5,668.1,674.1,305.8,210.7,76.7,8.3,3022.6,28.7,382.7,2315.5,295.7,21.6,250.0,23.5,1
Kerala,1982,24.1,35.1,63.6,98.3,249.5,542.5,694.8,891.2,312.8,261.6,126.6,25.3,3325.6,59.2,411.5,2441.4,413.6,12.0,30.0,26.3,1
East Uttar Pradesh,2014,7.9,28.4,5.0,18.2,149.0,351.1,773.0,432.1,81.8,75.1,63.6,27.4,2012.7,36.3,172.3,1638.0,166.1,32.5,250.0,26.7,1
Assam & Meghalaya,2000,19.1,15.1,23.0,96.7,231.9,404.2,830.1,623.7,327.1,128.2,92.5,20.7,2812.4,34.2,351.6,2185.1,241.4,12.0,15.0,25.0,1
Coastal Karnataka,2007,15.8,46.3,33.7,67.8,314.7,496.6,694.2,593.3,338.3,231.4,66.9,36.9,2935.9,62.1,416.2,2122.4,335.3,20.3,500.0,26.4,1
Kerala,1991,17.5,30.0,9.7,97.0,244.8,440.8,652.8,1037.6,457.8,202.4,89.0,23.8,3303.2,47.5,351.5,2589.0,315.2,12.0,80.0,29.4,1
Gujarat Region,2003,9.2,10.6,29.9,117.8,157.6,391.2,470.7,640.1,301.4,131.5,62.3,10.6,2332.7,19.8,305.3,1803.3,204.3,44.1,80.0,29.0,1
Gujarat Region,2011,10.1,22.8,67.8,16.1,81.0,398.1,729.9,502.1,241.8,121.2,50.0,20.0,2260.8,32.9,164.9,1871.8,191.1,31.1,250.0,31.2,1
Gangetic West Bengal,2002,6.0,8.0,45.1,29.2,152.5,382.0,592.7,600.1,173.3,164.4,38.5,20.1,2212.0,14.0,226.8,1748.1,223.0,39.4,80.0,26.0,1
Coastal Karnataka,2012,29.0,11.1,50.7,92.1,281.6,403.3,1022.4,901.7,362.0,122.1,113.1,10.2,3399.4,40.1,424.5,2689.4,245.5,12.0,500.0,36.3,1
Gangetic West Bengal,2013,16.5,19.6,33.1,68.1,124.1,364.0,614.6,287.9,411.6,40.1,56.6,14.9,2051.0,36.1,225.3,1678.0,111.6,42.0,15.0,31.1,1
Gujarat Region,1996,10.3,17.5,40.2,74.1,149.8,449.8,514.2,490.3,347.5,183.2,41.1,41.1,2359.2,27.9,264.2,1801.8,265.4,46.5,15.0,35.9,0
Konkan & Goa,2000,8.2,39.3,37.6,68.7,248.2,459.8,574.2,488.3,246.9,340.3,81.4,23.8,2616.6,47.5,354.5,1769.2,445.4,39.1,500.0,33.9,1
Gangetic West Bengal,2021,12.1,23.7,39.1,55.6,83.4,414.3,617.5,283.5,267.0,235.3,9.1,33.3,2073.8,35.9,178.0,1582.2,277.7,36.1,80.0,25.6,1
Bihar,1983,12.7,6.1,46.7,51.7,70.4,430.1,587.0,372.1,338.7,157.1,50.2,22.3,2145.0,18.8,168.8,1727.8,229.6,40.8,850.0,30.5,0
Konkan & Goa,1981,22.4,19.3,53.1,97.4,224.2,563.0,1149.6,465.6,437.1,124.4,143.1,33.5,3332.6,41.6,374.7,2615.2,301.0,12.0,850.0,27.6,1
Odisha,2018,6.1,32.1,7.4,61.8,93.4,470.4,630.3,684.4,184.5,160.1,85.1,23.0,2438.5,38.2,162.6,1969.6,268.2,30.8,500.0,27.0,1
Sub-Himalayan West Bengal,1985,13.2,18.3,53.4,25.3,190.1,557.7,303.7,508.8,116.8,151.7,44.3,13.8,1997.0,31.5,268.8,1487.0,209.7,58.8,15.0,35.1,1
Rayalseema,2008,8.0,19.5,12.9,63.2,219.4,519.5,466.8,403.0,170.0,121.4,53.9,21.1,2078.7,27.6,295.4,1559.3,196.3,41.8,15.0,29.6,1
Bihar,1982,12.2,18.4,21.6,45.8,193.6,258.9,685.8,175.4,235.3,181.6,54.3,15.5,1898.4,30.6,261.0,1355.5,251.4,44.1,500.0,36.7,1
Tamil Nadu,2010,8.5,26.8,53.1,42.9,154.5,221.4,597.9,546.4,443.1,67.2,62.8,2.7,2227.4,35.3,250.5,1808.9,132.8,31.3,15.0,33.3,1
Rayalseema,2009,17.2,9.3,35.2,83.0,55.9,324.8,414.4,328.7,384.0,87.4,77.3,18.2,1835.5,26.5,174.1,1452.0,182.9,48.0,850.0,31.5,0
Gangetic West Bengal,2004,12.7,11.9,46.5,58.7,131.2,398.2,712.6,171.3,311.0,28.9,97.5,13.2,1993.7,24.6,236.4,1593.1,139.6,28.5,15.0,33.8,1
Gujarat Region,2011,14.4,25.2,0.0,50.5,158.5,424.9,846.1,464.2,268.3,229.6,48.6,27.2,2557.4,39.6,209.0,2003.5,305.4,24.2,80.0,26.9,1
Konkan & Goa,2014,18.8,36.0,43.2,91.5,160.8,444.6,687.9,686.2,325.6,176.9,77.9,21.9,2771.3,54.8,295.6,2144.3,276.6,21.5,500.0,26.9,1
Assam & Meghalaya,1998,19.6,26.0,55.1,62.6,283.8,350.6,904.1,861.6,382.1,215.9,65.3,26.3,3253.2,45.7,401.5,2498.4,307.6,12.0,850.0,28.2,1
Assam & Meghalaya,2008,14.5,11.6,71.1,102.7,256.3,526.6,659.3,698.3,373.9,220.1,140.4,33.4,3108.1,26.1,430.1,2258.1,393.8,28.8,15.0,30.3,1
Gangetic West Bengal,2000,22.4,7.6,42.4,46.7,95.7,589.5,338.3,463.7,226.9,188.5,26.1,20.8,2068.6,29.9,184.8,1618.5,235.4,49.3,250.0,35.3,1
Assam & Meghalaya,2024,25.0,31.9,51.5,119.0,148.8,592.0,769.3,609.1,330.6,340.3,121.5,13.5,3152.5,56.9,319.3,2301.1,475.2,16.8,250.0,36.6,1
Odisha,2009,11.9,13.3,23.5,28.3,303.7,429.9,530.5,450.1,203.0,280.2,78.4,0.6,2353.6,25.3,355.5,1613.6,359.2,46.3,30.0,36.6,1
East Uttar Pradesh,2006,14.5,8.8,61.9,71.5,124.1,343.0,496.0,456.8,372.5,101.1,14.2,33.0,2097.4,23.3,257.4,1668.3,148.4,37.0,850.0,36.5,0
Assam & Meghalaya,1989,13.0,14.5,37.8,91.8,244.5,753.4,949.8,722.5,329.5,230.7,134.8,30.1,3552.4,27.6,374.1,2755.1,395.7,12.0,80.0,32.8,1
Assam & Meghalaya,2001,10.8,25.7,66.1,78.7,323.5,376.5,711.6,1012.1,432.7,243.9,150.5,30.6,3462.7,36.5,468.3,2532.8,425.1,12.5,500.0,30.5,1
Rayalseema,1985,11.5,19.4,22.0,38.3,133.1,371.8,589.1,207.3,250.0,124.8,45.4,19.9,1832.6,30.9,193.4,1418.2,190.1,48.6,500.0,34.2,0
Bihar,2016,27.8,11.8,25.9,53.0,109.9,310.3,427.0,366.2,177.3,259.3,63.5,19.1,1851.1,39.6,188.8,1280.9,341.9,50.3,250.0,25.6,1
Sub-Himalayan West Bengal,2014,12.4,18.3,16.4,49.3,163.2,261.2,468.8,257.1,320.7,191.2,50.4,13.0,1822.0,30.7,228.9,1307.8,254.6,45.4,250.0,26.4,1
Assam & Meghalaya,2021,31.4,13.2,63.7,90.4,252.7,532.7,679.3,591.7,391.4,294.4,97.1,20.5,3058.5,44.6,406.8,2195.1,412.0,12.8,80.0,33.1,1
Konkan & Goa,1989,29.1,14.4,46.9,101.3,261.7,555.6,895.0,670.5,397.3,228.1,67.0,7.3,3274.2,43.5,409.9,2518.4,302.4,12.0,15.0,27.1,1
East Uttar Pradesh,2000,12.5,23.7,19.6,64.5,198.9,207.8,389.6,523.5,230.3,56.5,70.9,0.0,1797.8,36.2,283.0,1351.2,127.5,50.0,850.0,23.1,0
Odisha,2002,10.3,11.5,23.7,50.7,190.6,401.2,731.7,476.5,377.0,161.7,113.1,22.0,2570.1,21.8,265.0,1986.4,296.9,27.3,250.0,23.9,1
Gangetic West Bengal,1993,6.9,27.6,69.4,105.8,104.2,391.1,459.9,235.3,197.8,141.4,51.4,27.5,1818.2,34.5,279.5,1284.1,220.2,49.7,30.0,36.7,1
East Uttar Pradesh,2008,8.8,32.3,35.8,62.8,197.2,423.8,472.8,369.4,324.9,152.5,93.8,13.6,2187.8,41.2,295.8,1590.9,259.9,44.0,80.0,31.5,1
Odisha,2022,16.7,15.0,43.0,64.9,138.7,183.0,535.1,290.1,372.4,104.8,72.1,6.0,1841.8,31.7,246.6,1380.6,182.9,42.7,30.0,29.7,1
Gujarat Region,2024,13.8,22.5,22.9,47.8,74.2,359.0,425.2,592.6,347.4,131.2,145.6,23.3,2205.6,36.4,144.9,1724.2,300.2,38.1,250.0,33.7,1
Gangetic West Bengal,2014,16.9,18.6,42.1,46.0,186.2,386.8,539.2,494.7,297.8,187.3,60.6,5.8,2282.0,35.6,274.2,1718.4,253.8,41.6,250.0,31.8,1
Assam & Meghalaya,2016,7.5,27.7,64.6,65.5,301.1,509.0,771.3,709.6,422.4,270.7,132.5,13.4,3295.3,35.2,431.1,2412.3,416.7,13.3,250.0,32.9,1
Assam & Meghalaya,2001,10.9,19.6,68.5,72.9,240.2,493.0,832.9,621.7,281.4,238.4,96.8,31.1,3007.3,30.5,381.5,2229.0,366.3,12.0,15.0,24.9,1
Tamil Nadu,1989,9.5,19.8,37.6,20.2,125.0,468.0,365.3,604.3,307.4,64.4,74.5,20.0,2116.0,29.3,182.8,1745.0,158.9,37.1,850.0,23.1,0
East Uttar Pradesh,2010,3.1,27.4,20.0,53.4,151.4,238.9,580.4,428.8,297.2,137.8,65.7,17.2,2021.4,30.5,224.9,1545.3,220.7,46.6,500.0,27.0,1
Sub-Himalayan West Bengal,2019,8.1,19.8,38.3,40.4,100.4,463.8,270.7,589.7,209.6,62.4,73.2,20.6,1897.0,27.9,179.1,1533.7,156.3,49.3,30.0,23.2,1
Coastal Karnataka,1993,18.9,29.8,58.8,62.4,305.7,529.7,937.7,651.1,469.9,277.9,87.6,25.0,3454.4,48.7,426.8,2588.4,390.5,12.0,850.0,32.4,1
Gangetic West Bengal,1995,16.1,12.8,34.6,8.7,137.1,220.7,290.5,452.2,299.9,169.5,35.2,11.7,1688.9,28.9,180.4,1263.3,216.4,61.8,850.0,26.2,0
Kerala,2017,14.9,30.0,52.7,64.3,257.1,731.3,961.5,755.0,456.8,227.6,136.9,15.9,3704.1,44.9,374.1,2904.6,380.5,12.0,850.0,34.9,1
Odisha,2007,11.9,12.6,15.0,31.4,142.7,396.4,424.7,272.8,301.0,154.1,95.2,19.0,1876.9,24.5,189.2,1394.9,268.3,57.7,15.0,35.2,1
Assam & Meghalaya,2008,11.2,21.2,102.6,102.9,286.6,472.7,692.9,752.5,378.2,204.2,89.7,24.7,3139.3,32.4,492.0,2296.3,318.7,16.5,250.0,25.3,1
Coastal Karnataka,2013,24.9,33.3,47.6,134.8,261.3,550.6,1008.5,571.6,433.9,206.5,113.4,37.9,3424.3,58.1,443.7,2564.6,357.8,12.0,500.0,25.2,1
Coastal Karnataka,2024,17.6,27.8,27.2,97.8,216.6,504.8,711.3,651.4,397.1,167.7,152.4,10.4,2982.1,45.4,341.6,2264.6,330.5,18.8,250.0,36.1,1
East Uttar Pradesh,1989,7.9,2.6,4.3,41.6,176.6,280.9,767.3,562.9,182.1,217.8,83.9,15.2,2343.1,10.5,222.4,1793.2,317.0,31.6,30.0,27.3,1
Gangetic West Bengal,2000,10.3,16.6,8.9,0.0,134.5,432.6,698.0,426.1,239.0,0.7,66.8,9.1,2042.6,26.9,143.4,1795.7,76.6,35.8,500.0,34.2,1
Gangetic West Bengal,1986,0.0,5.6,37.5,97.0,148.6,357.6,582.5,496.3,406.7,142.3,113.7,26.2,2414.0,5.6,283.1,1843.1,282.2,25.3,80.0,31.1,1
Kerala,1983,25.1,24.0,52.9,62.9,294.6,572.1,790.1,633.0,291.7,200.5,123.1,23.4,3093.3,49.1,410.4,2286.8,346.9,18.6,30.0,30.9,1
Assam & Meghalaya,2003,20.5,26.8,30.7,135.0,374.4,601.9,872.2,760.0,271.4,150.1,138.3,32.2,3413.5,47.3,540.1,2505.5,320.6,13.8,500.0,36.5,1
Coastal Karnataka,2020,18.9,32.4,33.8,91.4,295.9,721.0,898.5,758.9,536.8,171.7,153.4,28.1,3740.9,51.3,421.0,2915.3,353.2,12.0,850.0,24.1,1
Rayalseema,2007,4.5,25.3,61.4,39.1,100.0,404.4,469.1,442.2,139.8,238.7,20.0,34.8,1979.2,29.7,200.5,1455.4,293.6,43.6,80.0,33.2,1
Kerala,1989,16.9,13.6,68.6,112.9,256.5,681.1,730.2,701.2,445.5,267.0,115.1,25.0,3433.6,30.5,438.0,2558.0,407.1,12.0,500.0,34.8,1
Konkan & Goa,1985,9.3,24.3,34.6,112.3,285.0,770.9,925.2,676.1,511.1,204.4,132.0,19.7,3704.7,33.5,431.8,2883.3,356.1,12.0,30.0,24.6,1
East Uttar Pradesh,2017,17.8,7.4,0.0,60.3,151.2,453.2,537.3,208.1,183.3,135.0,112.7,6.1,1872.4,25.2,211.5,1381.9,253.8,50.0,30.0,26.0,1
East Uttar Pradesh,1980,4.1,20.9,10.7,70.8,201.7,403.8,656.5,465.4,352.1,82.0,88.2,12.6,2368.8,25.0,283.2,1877.7,182.8,30.0,250.0,31.9,1
Bihar,2013,11.2,29.6,3.9,64.8,117.4,347.5,652.1,694.2,292.4,130.5,30.7,7.6,2382.0,40.8,186.2,1986.2,168.8,23.7,850.0,26.0,1
Sub-Himalayan West Bengal,1988,11.4,19.1,28.9,33.5,211.0,257.2,451.7,492.8,292.7,125.3,131.7,23.0,2078.5,30.5,273.4,1494.5,280.1,47.8,30.0,29.9,1
Konkan & Goa,1994,20.3,26.3,60.6,113.3,219.2,600.1,858.6,712.8,438.6,304.1,58.5,35.4,3447.8,46.6,393.1,2610.0,398.1,12.0,30.0,27.1,1
Coastal Karnataka,1996,22.4,16.8,55.1,115.0,297.1,612.0,873.9,625.9,401.3,303.7,167.8,23.3,3514.3,39.2,467.2,2513.2,494.7,15.3,850.0,29.7,1
Rayalseema,2005,5.0,21.5,12.7,60.4,125.0,244.6,266.3,209.9,310.0,194.5,55.9,4.7,1510.5,26.5,198.1,1030.9,255.0,62.8,15.0,27.9,1
Bihar,2011,21.0,18.4,55.3,24.2,154.4,648.6,564.5,485.9,244.7,139.8,41.9,22.4,2421.2,39.4,233.9,1943.7,204.1,36.5,500.0,29.6,1
Assam & Meghalaya,1993,12.2,6.0,59.9,95.3,288.6,665.0,744.2,689.3,506.0,278.9,103.0,16.7,3465.1,18.2,443.7,2604.5,398.7,12.0,500.0,23.8,1
Assam & Meghalaya,1993,4.1,39.5,37.7,83.6,292.6,636.7,859.2,681.1,469.2,223.6,98.6,45.1,3470.9,43.6,413.9,2646.2,367.2,12.0,30.0,35.2,1
Rayalseema,2023,0.0,6.0,32.1,68.2,91.8,354.9,409.2,558.9,322.1,281.7,102.1,24.9,2251.9,6.0,192.1,1645.1,408.7,44.5,30.0,32.7,1
Coastal Karnataka,1999,17.4,24.4,54.5,103.7,271.6,505.1,739.6,819.7,497.1,223.7,101.1,43.3,3401.4,41.8,429.8,2561.6,368.1,12.0,250.0,33.4,1
Gujarat Region,1984,4.6,20.8,49.5,80.8,171.7,337.2,541.2,367.1,360.5,58.4,125.9,13.3,2131.3,25.4,302.0,1606.1,197.7,46.4,500.0,28.2,1
Bihar,2017,11.0,17.4,21.4,65.1,125.7,345.5,552.7,509.8,292.4,63.7,17.8,26.9,2049.6,28.4,212.2,1700.5,108.5,46.5,30.0,28.3,1
Coastal Karnataka,1994,22.0,24.8,58.2,75.5,321.1,404.2,866.3,829.6,358.4,149.1,106.0,22.9,3238.2,46.8,454.9,2458.5,278.1,12.0,250.0,30.8,1
Tamil Nadu,2015,3.6,10.0,26.0,104.4,82.2,529.0,646.3,331.0,350.4,218.3,77.0,29.5,2407.8,13.6,212.6,1856.8,324.8,36.6,80.0,27.5,1
Rayalseema,2015,15.8,14.0,7.5,52.8,164.0,419.8,689.3,461.0,152.2,104.5,67.7,11.9,2160.6,29.8,224.3,1722.4,184.1,31.6,80.0,25.4,1
Odisha,2003,4.4,9.3,73.2,67.3,225.2,556.1,578.3,612.5,341.2,220.5,80.2,19.8,2788.1,13.7,365.7,2088.1,320.6,33.8,15.0,32.5,1
Kerala,2009,10.2,27.6,63.6,96.5,139.8,685.1,947.6,433.4,456.7,205.2,115.6,34.0,3215.3,37.8,300.0,2522.7,354.9,12.0,80.0,36.4,1
Tamil Nadu,2016,9.8,8.2,19.9,72.8,158.3,341.9,497.6,236.9,252.7,234.2,54.8,16.0,1902.9,18.0,250.9,1329.0,304.9,50.3,15.0,33.5,1
Sub-Himalayan West Bengal,2005,1.5,22.2,0.0,65.1,120.2,256.4,696.7,210.4,279.9,106.8,99.2,33.3,1891.6,23.7,185.2,1443.4,239.3,38.3,30.0,34.3,1
Tamil Nadu,2000,12.1,26.5,52.2,64.9,174.5,527.5,485.1,407.1,308.5,170.1,65.0,26.5,2319.9,38.6,291.6,1728.2,261.5,42.8,850.0,23.7,0
Konkan & Goa,1996,9.8,11.5,41.1,74.6,256.7,540.5,1134.5,444.6,427.6,297.4,92.8,27.7,3358.6,21.3,372.3,2547.2,417.9,12.0,850.0,34.4,1
Gangetic West Bengal,1998,24.3,9.8,11.8,54.4,162.5,424.4,412.9,393.6,171.6,42.9,30.4,22.4,1761.0,34.1,228.8,1402.5,95.7,53.3,500.0,31.2,0
Odisha,2003,12.6,11.4,8.5,78.8,240.2,303.9,749.3,384.1,306.3,124.9,118.7,22.2,2360.9,23.9,327.5,1743.6,265.8,29.8,15.0,32.3,1
East Uttar Pradesh,1982,13.0,28.5,17.0,51.1,190.1,257.6,527.1,259.0,209.3,206.0,66.7,22.9,1848.4,41.5,258.3,1253.1,295.6,52.7,250.0,27.2,1
Gangetic West Bengal,2004,8.6,4.6,34.7,74.1,167.8,319.0,469.1,426.8,211.7,112.5,70.1,13.8,1912.7,13.2,276.6,1426.5,196.3,57.3,30.0,26.1,1
Coastal Karnataka,2016,15.7,27.6,48.3,71.3,290.5,479.8,725.1,650.3,404.0,349.6,97.5,31.5,3191.1,43.3,410.0,2259.3,478.5,14.7,15.0,25.0,1
Bihar,2024,11.4,10.5,38.7,35.5,71.9,470.0,392.0,526.7,251.9,236.6,80.5,27.2,2152.9,21.9,146.1,1640.6,344.3,39.7,15.0,28.6,1
Tamil Nadu,1995,7.4,17.3,26.0,87.0,151.1,266.9,385.1,419.7,297.4,165.9,91.8,4.0,1919.7,24.7,264.2,1369.1,261.7,51.7,250.0,27.5,1
Assam & Meghalaya,2010,9.9,21.4,35.5,78.9,201.0,503.8,623.9,513.0,304.3,226.8,101.9,18.3,2638.6,31.3,315.4,1944.9,346.9,34.5,850.0,29.9,0
Bihar,1983,0.0,14.3,33.8,55.3,114.0,573.2,682.6,660.3,302.0,93.4,88.2,14.6,2631.6,14.3,203.1,2218.0,196.2,26.2,30.0,31.1,1
Tamil Nadu,1995,15.3,30.0,26.0,45.6,150.7,394.8,450.9,336.4,186.0,265.4,82.5,42.3,2025.8,45.2,222.3,1368.1,390.2,44.6,15.0,26.2,1
Tamil Nadu,1990,17.3,16.9,51.5,10.2,178.7,431.3,324.0,401.7,124.0,215.0,47.5,21.7,1839.9,34.2,240.4,1281.1,284.2,52.6,30.0,33.7,1
Konkan & Goa,1998,17.7,31.9,75.2,128.2,206.7,734.3,1066.4,836.4,567.3,171.2,82.2,57.5,3974.9,49.6,410.1,3204.4,310.8,12.0,500.0,23.5,1
Kerala,2000,11.6,25.9,66.9,92.4,220.2,416.9,1061.6,693.5,354.1,171.4,117.6,32.4,3264.4,37.4,379.5,2526.1,321.3,12.0,250.0,35.8,1
Rayalseema,2001,15.2,12.8,31.5,52.3,171.1,475.2,618.7,414.2,261.1,159.7,23.2,28.6,2263.7,28.0,255.0,1769.2,211.5,35.7,80.0,25.0,1
Kerala,2009,15.6,32.5,36.3,75.7,231.9,329.6,767.1,615.6,177.5,320.9,97.2,33.3,2733.2,48.1,344.0,1889.8,451.4,25.6,15.0,36.6,1
Gangetic West Bengal,2003,8.9,19.8,54.8,90.0,109.1,320.3,641.5,299.5,194.5,193.0,67.1,31.7,2030.0,28.7,253.9,1455.7,291.8,39.9,80.0,33.2,1
Assam & Meghalaya,1994,15.9,10.2,27.2,78.2,208.4,518.9,799.7,633.8,380.9,124.0,65.4,4.5,2867.1,26.1,313.8,2333.3,193.9,12.0,250.0,32.8,1
Coastal Karnataka,1993,6.8,12.9,49.1,33.1,175.6,332.7,1021.8,915.7,449.4,206.4,87.9,20.1,3311.6,19.7,257.8,2719.6,314.5,12.0,15.0,24.6,1
Odisha,1987,10.4,16.0,24.3,80.2,130.5,347.7,566.6,394.7,152.6,189.9,67.6,7.1,1987.7,26.4,235.0,1461.6,264.6,43.7,850.0,26.1,0
Gujarat Region,2024,13.0,9.8,18.3,71.8,201.9,394.6,698.6,249.5,319.7,166.9,94.4,25.4,2264.0,22.8,292.1,1662.4,286.8,30.4,30.0,24.2,0
Rayalseema,2003,12.4,20.2,41.0,101.1,124.7,516.2,362.8,454.7,242.2,172.3,90.5,10.6,2148.6,32.6,266.8,1575.9,273.3,52.0,250.0,27.7,1
Gujarat Region,2019,7.1,16.5,19.8,65.1,143.1,422.1,573.7,803.0,251.5,158.9,103.7,29.8,2594.3,23.6,228.0,2050.3,292.4,27.9,15.0,23.3,1
Coastal Karnataka,1991,14.1,29.1,25.9,93.0,152.2,530.5,1095.7,557.3,589.0,175.0,84.3,33.5,3379.6,43.2,271.1,2772.5,292.8,12.0,500.0,28.0,1
Gangetic West Bengal,1981,9.3,0.0,9.8,47.1,8.1,380.8,449.3,251.3,236.6,184.0,73.7,23.9,1674.0,9.3,65.1,1318.0,281.6,55.2,80.0,27.1,1
Rayalseema,2013,12.1,7.4,35.0,23.2,81.0,422.3,508.1,266.8,260.2,115.6,62.3,26.5,1820.5,19.5,139.1,1457.5,204.4,48.5,850.0,33.8,0
Konkan & Goa,2016,15.8,19.7,45.8,61.8,343.0,510.5,960.0,681.0,507.0,200.3,68.5,30.8,3444.2,35.6,450.6,2658.5,299.5,12.0,30.0,31.8,1
Gangetic West Bengal,1982,8.7,9.8,7.0,77.9,81.3,157.4,520.6,526.3,352.2,185.7,53.3,19.0,1999.3,18.5,166.2,1556.5,258.0,38.8,850.0,34.1,0
Tamil Nadu,2013,3.8,29.0,38.3,83.9,130.3,338.7,318.8,378.1,371.8,162.2,116.1,18.6,1989.6,32.8,252.5,1407.3,296.9,45.9,15.0,28.6,1
Konkan & Goa,1996,16.1,33.1,37.1,122.6,142.7,638.5,780.4,585.9,206.4,260.7,136.8,22.4,2982.7,49.2,302.3,2211.2,420.0,14.7,500.0,34.8,1
Rayalseema,1999,7.1,24.6,31.3,58.0,188.9,265.3,585.7,388.7,218.6,150.5,87.6,8.9,2015.3,31.7,278.2,1458.3,247.0,46.4,15.0,31.9,1
Kerala,2001,19.9,18.1,35.6,87.2,164.3,461.9,661.4,652.2,245.4,291.4,74.9,20.9,2733.3,38.0,287.2,2020.9,387.3,29.2,500.0,28.4,1
East Uttar Pradesh,2020,14.1,11.1,29.3,67.3,60.3,314.1,527.7,348.8,156.4,89.4,54.6,17.0,1689.9,25.1,156.9,1346.9,160.9,53.9,15.0,34.8,1
Coastal Karnataka,2015,21.9,30.9,75.4,123.5,322.2,573.3,961.6,886.6,287.5,316.4,114.1,31.3,3744.6,52.7,521.0,2709.0,461.8,12.0,15.0,23.2,1
Sub-Himalayan West Bengal,1994,9.4,2.6,36.0,109.8,201.6,234.0,300.5,484.8,328.4,215.0,90.8,26.7,2039.7,12.0,347.4,1347.8,332.5,45.6,30.0,28.9,0
Odisha,2017,13.6,22.4,40.9,50.4,142.1,287.9,420.7,627.8,229.9,122.3,69.1,7.2,2034.2,36.0,233.3,1566.4,198.6,43.3,500.0,36.9,0
Sub-Himalayan West Bengal,2008,13.0,29.4,30.5,36.7,163.3,658.4,687.2,399.4,304.3,204.8,64.0,22.0,2613.1,42.4,230.5,2049.3,290.8,20.3,850.0,36.6,1
Kerala,2001,20.4,33.6,71.6,113.5,344.8,680.0,630.0,548.0,268.2,308.7,61.8,24.0,3104.6,54.0,529.9,2126.2,394.5,28.9,250.0,23.8,1
East Uttar Pradesh,2002,13.7,18.5,0.0,51.2,161.0,558.9,457.0,332.8,408.4,91.6,75.6,27.6,2196.3,32.2,212.2,1757.2,194.7,38.0,30.0,32.6,1
Gangetic West Bengal,2021,9.5,21.3,31.4,3.6,138.7,354.6,666.0,483.1,48.2,186.3,54.0,21.2,2017.8,30.8,173.7,1552.0,261.4,38.3,80.0,36.8,1
Odisha,2004,14.1,11.1,34.1,21.1,131.5,626.1,497.0,238.2,279.6,223.0,67.1,15.7,2158.4,25.2,186.7,1640.9,305.7,36.8,500.0,34.1,1
Kerala,1980,12.3,32.1,59.3,79.9,239.1,718.6,564.6,562.8,342.3,297.9,97.5,11.7,3018.2,44.4,378.4,2188.3,407.1,26.2,500.0,30.0,1
Sub-Himalayan West Bengal,2018,6.6,20.0,45.0,71.4,146.8,438.3,361.3,414.4,262.8,177.3,0.0,8.9,1952.8,26.6,263.2,1476.8,186.2,57.7,250.0,35.7,1
Tamil Nadu,2011,4.4,11.1,16.5,17.4,192.7,374.2,570.8,373.6,275.1,41.3,102.1,11.4,1990.6,15.4,226.6,1593.7,154.8,33.9,500.0,31.0,1
Assam & Meghalaya,2006,26.9,27.6,53.5,91.3,277.7,635.1,727.9,770.8,282.9,266.4,129.4,38.4,3327.8,54.4,422.6,2416.6,434.1,19.5,250.0,36.4,1
Konkan & Goa,2011,7.9,15.6,53.8,85.8,277.5,536.4,735.8,734.5,449.4,195.9,52.1,28.7,3173.5,23.5,417.2,2456.2,276.6,16.9,850.0,30.9,1
Tamil Nadu,1996,14.0,11.2,31.3,101.7,204.7,240.4,683.0,433.5,261.5,86.0,30.0,23.9,2121.3,25.2,337.7,1618.5,139.9,40.1,15.0,33.0,1
Kerala,1983,17.3,26.4,55.3,42.3,215.0,454.6,836.2,757.8,539.2,188.0,78.4,20.9,3231.6,43.7,312.7,2587.9,287.4,13.2,15.0,30.9,1
Assam & Meghalaya,2002,21.9,25.2,78.3,73.3,177.6,573.5,907.5,653.7,453.4,131.7,154.8,19.6,3270.4,47.1,329.2,2588.0,306.1,12.0,500.0,26.2,1
Kerala,1999,10.2,21.6,50.9,126.7,149.6,533.9,888.4,761.6,684.4,215.0,60.8,29.3,3532.3,31.8,327.1,2868.2,305.2,12.0,500.0,35.8,1
Odisha,1980,12.9,28.5,39.0,63.9,151.5,443.3,589.9,694.2,181.0,186.4,33.7,21.5,2445.8,41.4,254.3,1908.4,241.6,33.7,500.0,30.3,1
Gujarat Region,1987,11.1,19.6,15.3,23.0,70.9,365.9,738.6,429.1,331.7,105.4,81.8,20.0,2212.5,30.7,109.2,1865.3,207.3,24.7,15.0,33.8,1
Gangetic West Bengal,2019,0.0,18.7,28.0,95.5,247.9,335.2,209.4,230.7,177.7,77.2,82.0,20.6,1522.8,18.7,371.3,952.9,179.9,65.9,15.0,23.3,0
Tamil Nadu,1984,9.6,16.1,0.0,73.2,112.1,305.9,452.4,428.6,258.7,60.7,68.6,12.9,1798.9,25.7,185.3,1445.7,142.2,47.8,80.0,27.7,1
Coastal Karnataka,1980,15.1,22.3,74.2,47.0,340.7,722.5,739.5,949.5,372.0,214.9,106.9,9.0,3613.5,37.4,461.9,2783.4,330.8,12.0,500.0,33.8,1
Tamil Nadu,1998,9.6,6.0,31.1,80.0,103.8,228.1,409.3,427.0,253.1,215.3,89.9,10.8,1863.9,15.6,214.9,1317.5,316.0,57.8,80.0,35.5,1
Odisha,2020,13.6,20.1,38.4,37.1,283.5,363.6,504.8,435.2,295.6,172.8,51.9,20.5,2237.0,33.7,359.0,1599.1,245.1,52.4,15.0,30.1,1
Konkan & Goa,2013,10.6,37.4,48.4,113.3,212.5,454.3,899.8,496.6,313.2,248.0,108.5,45.7,2988.1,47.9,374.2,2163.8,402.2,26.5,80.0,32.1,1
Odisha,2024,4.8,10.6,8.7,56.9,163.6,391.1,480.9,60.2,274.3,90.6,100.4,22.5,1664.6,15.4,229.2,1206.6,213.5,58.2,80.0,24.3,1
Tamil Nadu,1981,10.0,15.8,20.3,51.6,168.0,408.7,474.4,515.9,229.8,162.0,119.8,6.9,2183.1,25.8,239.8,1628.7,288.7,35.3,500.0,26.3,1
Bihar,2005,4.4,21.8,28.3,28.7,166.9,339.1,707.5,516.1,371.7,119.6,28.5,4.4,2336.9,26.2,223.8,1934.3,152.5,22.2,30.0,30.9,1
Konkan & Goa,1987,25.6,28.1,52.0,119.9,301.5,428.4,708.4,648.7,328.8,214.8,168.5,20.6,3045.2,53.7,473.4,2114.2,403.9,21.5,500.0,29.4,1
Gujarat Region,2018,13.7,24.5,5.1,47.4,103.8,345.6,700.0,389.8,231.4,188.1,63.3,34.3,2146.9,38.2,156.3,1666.8,285.6,33.8,80.0,28.0,1
Gangetic West Bengal,2017,13.2,20.5,35.6,83.0,190.3,232.2,744.2,453.8,301.7,148.2,107.4,0.0,2330.2,33.8,308.9,1731.9,255.6,32.1,500.0,23.5,1
Rayalseema,2010,18.8,18.8,34.1,71.5,201.8,506.3,372.9,454.9,285.0,237.0,46.6,11.8,2259.7,37.7,307.4,1619.2,295.5,43.2,850.0,33.1,0
Tamil Nadu,2003,0.0,6.6,1.7,59.3,81.6,371.5,726.1,553.9,130.4,228.6,57.9,21.1,2238.5,6.6,142.5,1781.9,307.6,36.2,850.0,29.3,0
Coastal Karnataka,1981,16.4,20.7,64.3,76.9,253.2,802.8,789.1,567.5,352.7,244.7,37.2,35.8,3261.3,37.1,394.3,2512.2,317.7,12.0,30.0,24.0,1
Tamil Nadu,2023,9.7,33.5,25.1,42.3,183.5,516.1,493.9,308.9,373.2,195.4,80.2,20.9,2282.6,43.2,250.9,1692.0,296.4,39.9,80.0,33.4,1
Bihar,1999,8.7,10.6,35.6,12.1,218.3,147.1,675.8,353.5,151.9,145.1,71.0,37.2,1866.9,19.3,266.0,1328.3,253.3,36.2,80.0,36.9,1
Kerala,1980,19.5,14.6,33.8,82.6,316.9,690.3,704.7,432.2,431.0,247.7,100.9,18.7,3093.1,34.1,433.4,2258.3,367.3,19.6,15.0,27.5,1
East Uttar Pradesh,2019,5.9,31.8,24.6,18.8,116.0,141.6,336.1,267.2,207.5,193.0,54.0,43.8,1440.4,37.6,159.5,952.4,290.8,63.5,30.0,24.1,1
Coastal Karnataka,2024,20.0,32.7,47.0,106.7,193.5,438.9,553.3,475.4,404.5,304.0,77.1,19.7,2672.7,52.6,347.2,1872.1,400.8,43.9,250.0,25.9,1
Rayalseema,2009,9.3,0.0,28.9,29.2,159.5,258.6,243.0,549.7,126.3,109.0,52.5,25.6,1591.6,9.3,217.6,1177.6,187.2,60.7,250.0,28.8,0
Tamil Nadu,2008,7.7,17.2,34.6,131.3,93.2,197.4,278.3,281.2,190.8,135.2,47.6,10.7,1425.0,24.8,259.1,947.7,193.5,64.0,850.0,32.6,0
Coastal Karnataka,2001,17.0,39.8,45.9,118.6,218.7,546.6,1062.7,761.7,513.1,240.0,186.2,10.0,3760.4,56.8,383.3,2884.1,436.2,12.0,15.0,28.8,1
Tamil Nadu,2019,10.6,14.9,27.6,76.7,207.0,199.6,572.0,328.7,346.7,189.1,78.0,13.7,2064.6,25.5,311.4,1446.9,280.8,45.5,80.0,29.8,1
Rayalseema,1997,13.7,26.6,53.2,13.2,199.3,306.7,626.5,448.0,153.0,105.3,78.2,5.4,2029.0,40.2,265.7,1534.2,188.9,36.5,250.0,34.7,1
Odisha,2009,13.0,13.8,15.9,78.2,124.6,384.0,746.2,341.5,436.6,78.5,97.2,22.1,2351.6,26.8,218.7,1908.2,197.8,27.5,500.0,24.7,1
Assam & Meghalaya,2018,6.9,36.2,62.5,88.2,242.2,634.0,788.1,907.7,440.7,184.8,88.7,32.4,3512.3,43.1,392.9,2770.5,305.9,12.0,500.0,26.4,1
Tamil Nadu,1995,14.0,12.9,2.3,54.1,245.4,443.1,549.5,277.9,240.0,173.7,52.2,22.3,2087.5,26.9,301.9,1510.5,248.2,43.9,500.0,23.9,1
Sub-Himalayan West Bengal,2002,5.0,24.9,51.1,81.2,172.0,463.5,371.4,358.6,304.1,216.0,104.4,20.0,2172.2,29.9,304.3,1497.6,340.4,45.5,250.0,33.8,1
Sub-Himalayan West Bengal,2005,9.6,18.5,37.5,25.6,103.9,192.2,648.9,327.3,129.1,11.5,77.1,23.8,1605.1,28.1,167.0,1297.6,112.5,41.0,500.0,26.5,0
Bihar,2023,14.5,24.2,46.6,64.2,179.9,437.0,613.6,345.2,223.4,172.6,128.9,19.6,2269.7,38.7,290.6,1619.2,321.1,34.9,250.0,23.0,1
Sub-Himalayan West Bengal,2012,5.1,8.4,58.4,77.8,119.9,264.7,492.2,339.7,235.6,87.4,16.0,18.9,1724.1,13.6,256.1,1332.1,122.3,55.4,250.0,34.7,1
Sub-Himalayan West Bengal,2017,16.9,23.8,20.5,80.8,131.6,349.7,501.8,399.9,377.0,177.3,38.2,15.8,2133.2,40.6,232.9,1628.4,231.3,33.4,15.0,30.3,1
Gangetic West Bengal,2018,9.5,19.6,25.8,100.6,98.8,336.1,518.2,423.8,175.6,61.0,57.8,7.6,1834.5,29.1,225.2,1453.7,126.4,41.0,250.0,33.7,1
Kerala,1983,16.1,19.9,42.8,64.7,267.2,577.4,762.7,462.9,395.7,199.0,148.3,41.7,2998.4,36.0,374.7,2198.7,389.0,19.4,850.0,36.7,1
Tamil Nadu,1989,19.1,18.3,55.8,28.4,178.2,612.5,590.6,461.8,179.9,141.3,47.5,32.3,2365.7,37.4,262.4,1844.8,221.1,35.4,250.0,35.0,1
Odisha,2017,16.1,13.3,0.3,42.4,152.5,390.3,481.7,366.0,335.1,166.0,87.5,19.1,2070.4,29.4,195.2,1573.2,272.6,39.6,850.0,25.3,0
Kerala,1988,19.9,31.2,47.3,156.6,169.1,498.1,724.7,485.6,216.5,61.5,101.3,10.0,2521.7,51.1,373.0,1924.8,172.8,32.4,15.0,23.6,1
Rayalseema,2002,5.4,26.9,16.4,62.5,80.7,157.6,339.2,437.7,206.4,94.1,84.2,11.9,1522.9,32.3,159.6,1140.8,190.2,59.8,30.0,25.8,1
Tamil Nadu,2001,12.3,6.8,23.2,76.5,227.8,338.0,606.4,455.9,356.3,237.6,59.1,30.6,2430.6,19.1,327.4,1756.7,327.3,33.6,250.0,24.2,1
Bihar,2008,11.8,16.7,17.9,86.5,167.3,203.8,964.1,685.3,280.1,76.5,59.0,35.1,2604.1,28.5,271.7,2133.3,170.6,16.3,850.0,29.1,1
Konkan & Goa,1994,15.3,8.3,30.2,92.5,222.3,574.9,662.6,644.1,440.9,178.5,83.6,22.6,2975.7,23.5,345.0,2322.5,284.7,17.6,80.0,34.1,1
Gangetic West Bengal,2018,0.7,24.5,23.3,84.6,163.6,363.1,480.2,565.8,279.8,246.0,110.6,0.0,2342.2,25.1,271.5,1688.8,356.7,44.5,500.0,35.2,1
Bihar,1987,3.1,21.2,17.8,86.9,103.9,493.5,589.3,552.2,227.0,144.9,82.8,9.3,2331.9,24.3,208.7,1862.0,237.0,40.0,250.0,23.5,1
Rayalseema,1992,3.4,12.2,36.9,54.7,219.2,192.3,601.4,181.5,106.9,129.1,85.9,20.6,1644.0,15.6,310.8,1082.1,235.6,50.4,850.0,25.7,0
Gangetic West Bengal,2024,21.7,2.6,42.7,108.1,67.8,366.3,492.9,376.2,227.5,195.2,73.6,1.3,1975.9,24.3,218.7,1462.9,270.0,35.5,80.0,24.7,1
Rayalseema,1988,14.4,24.0,31.3,65.7,133.9,121.9,787.8,499.4,324.3,175.4,77.6,23.5,2279.0,38.4,230.9,1733.3,276.4,16.9,80.0,24.6,1
Sub-Himalayan West Bengal,2015,9.8,10.1,30.2,93.1,234.4,382.7,648.9,401.3,379.4,185.1,80.3,20.5,2475.8,19.9,357.6,1812.3,285.9,34.0,500.0,32.4,1
Bihar,2008,14.2,13.3,35.3,66.7,232.5,570.8,457.4,420.9,155.5,131.0,18.7,11.1,2127.4,27.6,334.5,1604.6,160.8,40.5,850.0,35.0,0
Coastal Karnataka,2023,20.9,37.6,61.9,126.5,298.2,539.0,582.6,714.2,248.8,278.7,98.4,44.9,3051.7,58.4,486.6,2084.5,422.0,31.7,15.0,31.7,1
East Uttar Pradesh,2000,15.3,15.2,6.2,73.7,184.4,178.7,696.8,465.8,347.0,180.4,75.0,23.2,2261.5,30.5,264.2,1688.2,278.6,30.1,30.0,31.5,1
Gangetic West Bengal,2019,18.4,18.1,7.0,0.5,120.4,436.4,237.5,501.9,181.7,108.2,78.3,27.8,1736.1,36.5,127.8,1357.4,214.3,59.0,850.0,28.3,0
Rayalseema,2021,6.3,10.1,35.6,54.3,175.6,359.9,408.8,533.5,272.9,39.2,112.5,9.2,2017.7,16.4,265.4,1575.1,160.8,43.1,80.0,28.4,1
Gangetic West Bengal,2003,10.2,0.0,13.7,44.8,123.8,432.4,671.9,522.0,245.3,208.3,18.8,29.4,2320.6,10.2,182.2,1871.7,256.5,29.5,500.0,23.4,1
Bihar,1991,5.2,15.8,22.4,39.5,156.7,225.9,581.9,387.0,244.0,158.3,88.7,15.6,1941.0,21.0,218.6,1438.8,262.6,49.3,30.0,24.0,1
Konkan & Goa,1985,18.2,27.3,39.0,93.7,305.3,567.5,1004.9,603.1,276.8,239.0,42.1,9.8,3226.6,45.5,438.0,2452.3,290.8,12.0,250.0,27.2,1
Kerala,1996,10.7,21.8,44.3,86.6,252.7,561.9,754.1,662.2,410.3,275.1,57.0,24.6,3161.1,32.4,383.7,2388.5,356.6,21.1,850.0,31.2,1
Sub-Himalayan West Bengal,1992,7.8,17.0,18.7,58.8,156.8,280.3,326.5,476.2,237.2,129.6,68.6,24.8,1802.2,24.7,234.3,1320.2,223.0,53.4,850.0,25.8,0
Assam & Meghalaya,1980,8.4,23.2,55.1,86.5,201.0,512.6,999.2,678.1,317.8,234.4,149.9,34.1,3300.2,31.6,342.5,2507.7,418.4,12.0,15.0,23.8,1
Bihar,2000,7.8,19.3,43.2,55.2,121.6,373.2,397.2,370.8,318.7,187.3,74.9,27.9,1997.0,27.0,220.1,1459.8,290.1,41.1,15.0,27.0,1
Gujarat Region,1980,12.2,10.4,15.8,75.3,103.2,428.3,497.9,306.4,359.2,161.5,82.5,28.6,2081.3,22.5,194.3,1591.8,272.6,35.8,15.0,27.9,1
Assam & Meghalaya,2013,22.0,6.0,25.0,79.4,317.4,625.3,741.9,613.3,368.0,184.7,103.5,18.7,3105.3,28.0,421.8,2348.6,306.9,12.0,80.0,37.0,1
Sub-Himalayan West Bengal,1983,10.6,0.0,24.8,51.7,168.5,231.4,553.7,542.4,228.8,180.2,100.0,0.0,2092.1,10.6,245.0,1556.3,280.2,42.1,500.0,25.9,1
Rayalseema,1997,8.0,22.7,12.4,50.1,159.3,255.7,479.1,513.5,159.6,116.0,23.5,32.0,1831.9,30.7,221.8,1407.9,171.6,46.3,850.0,35.0,0
Coastal Karnataka,2011,8.9,17.6,33.6,125.1,217.9,575.3,752.1,856.6,412.4,222.3,138.3,28.5,3388.6,26.5,376.7,2596.4,389.0,12.0,15.0,25.1,1
Tamil Nadu,1983,13.2,21.1,40.0,40.4,148.1,487.4,471.4,586.4,258.6,114.6,77.0,6.8,2264.9,34.3,228.5,1803.8,198.3,42.8,250.0,35.2,1
Rayalseema,2003,0.0,25.7,20.6,15.8,115.2,450.3,426.7,512.5,220.1,155.1,99.3,16.2,2057.7,25.7,151.6,1609.6,270.7,38.5,850.0,32.6,0
Tamil Nadu,2022,10.3,13.4,42.6,102.3,166.9,181.0,535.0,538.9,128.5,170.8,53.5,23.5,1966.5,23.7,311.7,1383.4,247.8,46.8,80.0,24.6,1
Kerala,1987,15.7,37.9,66.6,146.3,291.0,477.2,905.7,629.9,517.1,279.2,109.5,16.7,3492.7,53.7,503.9,2529.9,405.3,12.0,15.0,29.6,1
Rayalseema,2001,10.8,25.8,26.5,62.3,232.4,428.7,291.3,456.2,298.6,52.7,64.5,0.0,1949.6,36.6,321.1,1474.7,117.3,55.9,15.0,31.4,1
Odisha,2001,8.2,15.4,46.3,54.2,107.8,482.8,501.6,596.1,295.2,217.3,36.2,8.6,2369.8,23.6,208.2,1875.8,262.1,29.3,80.0,25.0,1
Sub-Himalayan West Bengal,2000,12.9,20.7,63.7,68.5,113.8,245.7,596.2,307.8,303.9,239.2,27.7,17.2,2017.2,33.6,246.0,1453.5,284.1,43.3,15.0,24.3,1
Odisha,2008,16.2,0.8,35.2,54.0,187.2,365.8,462.2,256.4,160.0,237.4,45.6,15.0,1835.7,17.0,276.4,1244.3,298.0,46.2,15.0,24.6,1
Kerala,1994,27.1,16.3,28.1,77.1,292.4,563.2,887.1,623.2,396.4,310.5,135.9,10.5,3367.8,43.4,397.7,2469.8,456.9,12.0,850.0,29.2,1
Gujarat Region,1995,15.4,27.6,15.1,61.4,61.3,453.1,455.4,422.4,290.9,154.0,0.0,21.2,1977.9,43.0,137.8,1621.8,175.2,42.5,30.0,25.1,1
Tamil Nadu,1980,4.3,7.7,13.0,64.4,175.1,436.1,683.7,401.5,152.7,129.6,11.4,21.8,2101.2,12.0,252.4,1674.0,162.8,38.5,30.0,33.1,1
Sub-Himalayan West Bengal,1983,19.9,7.9,45.1,41.7,203.4,375.3,452.2,286.6,175.8,31.4,31.9,23.2,1694.5,27.9,290.2,1289.9,86.5,56.7,30.0,24.6,1
Konkan & Goa,2000,21.4,13.5,36.2,46.2,189.3,607.3,788.6,683.9,394.1,365.2,128.8,39.0,3313.5,34.9,271.7,2473.8,533.0,21.1,250.0,23.4,1
Odisha,1992,6.0,33.6,37.7,73.8,177.1,210.4,660.3,361.6,343.7,110.6,50.3,7.0,2072.1,39.6,288.5,1576.1,167.9,35.4,850.0,24.1,1
Tamil Nadu,1980,10.3,19.4,30.7,35.6,86.6,376.7,344.0,462.8,224.6,193.1,50.0,23.9,1857.9,29.8,152.9,1408.1,267.1,48.3,30.0,28.9,1
Odisha,2021,8.8,23.7,13.3,30.8,181.3,441.1,505.7,560.6,339.7,172.3,78.1,22.2,2377.6,32.4,225.5,1847.0,272.6,37.1,250.0,25.1,1
Odisha,1983,4.4,13.4,46.3,83.6,125.3,356.9,375.9,291.7,306.4,180.0,51.8,25.5,1861.2,17.8,255.3,1330.9,257.3,57.1,850.0,25.0,0
Sub-Himalayan West Bengal,1991,18.4,18.5,48.1,40.6,111.3,170.5,636.9,635.6,226.3,164.4,96.5,13.8,2180.8,36.9,200.0,1669.3,274.6,38.7,80.0,24.5,1
Tamil Nadu,2015,13.6,9.2,33.9,101.5,173.1,432.2,659.7,359.1,94.0,216.0,60.4,14.4,2167.0,22.8,308.4,1545.0,290.8,31.5,30.0,23.6,1
Bihar,1990,10.5,3.3,49.7,66.7,125.7,390.0,481.5,495.7,274.5,139.5,46.1,8.4,2091.7,13.8,242.1,1641.7,194.1,43.6,15.0,35.0,1
Odisha,2022,7.5,16.8,24.1,32.8,126.7,209.3,483.3,224.5,374.0,114.6,69.4,28.5,1711.4,24.2,183.6,1291.1,212.5,51.9,500.0,31.6,0
Gujarat Region,2019,18.9,29.8,33.3,62.5,109.3,276.2,606.0,373.1,406.8,213.9,53.8,16.8,2200.4,48.7,205.2,1662.0,284.5,42.4,15.0,34.4,1
Kerala,2010,23.8,19.9,28.2,98.9,191.0,697.4,703.8,842.4,506.9,265.1,104.8,24.9,3507.2,43.7,318.1,2750.6,394.9,12.0,500.0,24.4,1
Coastal Karnataka,1989,8.9,20.6,42.7,56.4,343.0,488.4,816.2,649.5,444.2,234.1,103.7,34.9,3242.7,29.5,442.0,2398.4,372.8,16.2,500.0,31.3,1
Kerala,2008,11.0,21.1,61.4,119.3,209.5,631.8,851.1,646.8,341.2,220.4,101.4,24.8,3240.0,32.1,390.3,2471.0,346.6,12.0,15.0,23.5,1
Coastal Karnataka,2021,16.8,27.1,37.8,49.9,240.8,537.7,770.7,677.4,418.8,266.4,99.9,12.2,3155.3,43.8,328.5,2404.5,378.5,12.0,250.0,26.9,1
Coastal Karnataka,1981,23.6,27.1,44.6,106.6,184.7,560.7,894.0,769.3,327.1,287.9,116.1,27.2,3368.7,50.6,335.8,2551.1,431.2,12.0,500.0,24.6,1
Gujarat Region,1983,6.7,29.5,38.0,82.3,219.7,245.6,558.0,464.8,404.8,65.6,47.3,7.2,2169.6,36.3,340.0,1673.2,120.1,40.9,500.0,23.1,1
Tamil Nadu,2013,8.7,17.9,59.4,26.2,176.1,364.4,551.5,669.0,275.6,114.4,97.4,16.5,2377.0,26.6,261.7,1860.5,228.3,28.0,15.0,34.8,1
Odisha,2000,12.5,7.6,31.3,78.6,157.6,342.5,514.3,353.0,233.7,147.2,47.8,19.2,1945.4,20.1,267.6,1443.5,214.3,45.4,250.0,36.5,1
Gangetic West Bengal,1982,14.6,15.5,38.6,47.2,155.6,398.1,316.7,724.4,295.3,135.2,76.7,13.8,2231.8,30.1,241.4,1734.5,225.7,43.4,30.0,31.1,1
Sub-Himalayan West Bengal,2024,4.3,12.2,24.0,0.3,183.3,557.2,867.7,542.9,141.7,215.3,40.5,22.2,2611.7,16.5,207.6,2109.5,278.1,12.0,250.0,34.6,1
Sub-Himalayan West Bengal,1980,2.2,19.1,25.5,29.6,187.0,352.9,461.3,300.8,353.0,115.9,53.0,0.0,1900.3,21.3,242.1,1468.0,168.9,43.7,30.0,30.0,1
Konkan & Goa,2005,9.3,17.9,57.0,120.1,270.4,561.3,669.4,833.9,521.9,266.0,100.7,15.4,3443.3,27.2,447.5,2586.4,382.1,12.0,15.0,28.3,1
Rayalseema,2009,13.1,11.7,34.8,24.2,188.4,449.2,504.4,518.2,270.1,177.9,143.6,8.9,2344.4,24.7,247.5,1741.9,330.3,41.1,80.0,29.9,1
Tamil Nadu,2023,7.9,15.1,40.5,28.7,143.8,322.0,350.3,428.2,203.1,255.4,0.0,22.4,1817.5,23.0,213.0,1303.7,277.9,50.5,30.0,23.3,1
Kerala,2019,19.7,31.7,25.3,69.8,300.9,825.8,733.9,696.2,447.4,276.9,115.7,35.6,3579.0,51.4,396.0,2703.3,428.2,12.0,850.0,31.3,1
Odisha,1988,19.9,15.2,1.5,94.8,150.4,376.9,380.9,388.8,208.1,169.4,65.6,15.4,1887.1,35.2,246.7,1354.8,250.4,47.3,850.0,26.6,0
Assam & Meghalaya,1999,20.8,31.0,38.4,164.7,224.7,664.8,819.8,806.0,619.1,191.5,120.1,30.1,3731.0,51.8,427.7,2909.7,341.7,12.0,80.0,34.4,1
Coastal Karnataka,2015,23.3,20.9,76.3,69.4,212.6,603.1,683.2,331.4,489.2,258.1,134.2,40.6,2942.5,44.2,358.4,2107.0,432.9,24.4,15.0,25.5,1
Tamil Nadu,2017,14.3,14.3,53.6,69.4,146.5,331.3,650.8,319.8,123.1,58.3,101.5,5.9,1888.7,28.6,269.5,1425.0,165.6,53.4,500.0,28.8,1
Sub-Himalayan West Bengal,2004,16.0,17.8,5.4,54.6,238.0,254.8,811.0,404.5,163.6,312.9,84.7,27.8,2391.1,33.8,298.0,1633.8,425.4,30.1,80.0,24.6,1
East Uttar Pradesh,2007,14.8,15.6,25.2,67.8,142.9,385.4,767.0,500.8,209.0,192.5,109.2,5.6,2435.7,30.3,235.9,1862.1,307.3,28.9,850.0,24.5,1
Gangetic West Bengal,2020,3.8,14.3,36.4,3.9,83.4,435.5,430.9,354.5,199.3,164.2,49.0,0.2,1775.4,18.1,123.7,1420.1,213.4,38.7,30.0,27.5,1
Sub-Himalayan West Bengal,1981,8.4,24.9,41.6,18.1,219.0,459.4,414.5,135.2,286.3,91.0,100.9,11.4,1810.6,33.3,278.7,1295.3,203.3,49.7,850.0,33.7,0
Bihar,1998,3.5,14.1,6.6,30.6,48.9,336.2,541.0,555.4,379.7,246.1,27.9,31.0,2221.0,17.6,86.0,1812.3,305.1,40.5,250.0,24.5,1
Odisha,2002,6.8,19.9,48.9,19.6,135.0,310.1,574.5,427.5,329.0,224.5,0.0,4.8,2100.4,26.6,203.5,1641.1,229.3,39.9,500.0,32.1,1
Kerala,2022,11.9,15.8,54.5,124.2,213.3,597.0,962.1,463.9,589.1,223.0,83.4,38.1,3376.3,27.6,392.1,2612.1,344.4,12.0,80.0,36.5,1
Sub-Himalayan West Bengal,1990,13.6,17.2,27.3,30.3,173.3,500.2,757.7,540.0,205.7,192.8,46.0,8.0,2512.1,30.8,230.9,2003.7,246.7,21.1,250.0,33.7,1
Konkan & Goa,1983,32.5,20.9,22.1,135.3,191.3,441.5,1079.4,705.8,500.5,249.6,92.3,26.5,3497.7,53.4,348.8,2727.2,368.4,12.0,80.0,27.1,1
East Uttar Pradesh,1983,0.0,13.7,0.0,80.0,191.1,421.5,628.4,382.3,137.8,141.5,103.1,7.4,2106.9,13.7,271.1,1570.0,252.0,41.4,15.0,32.6,1
East Uttar Pradesh,1993,0.7,24.2,41.2,45.8,264.8,341.4,852.2,306.1,205.5,177.2,62.9,22.3,2344.3,25.0,351.8,1705.2,262.4,28.4,15.0,28.3,1
Coastal Karnataka,1991,23.4,19.3,61.9,72.2,186.8,553.9,859.2,652.7,513.1,296.7,90.7,31.6,3361.7,42.8,320.9,2579.0,419.0,12.0,850.0,25.1,1
Gujarat Region,2003,11.6,2.8,26.2,65.7,150.8,347.6,349.3,731.9,342.2,227.1,129.3,25.2,2409.5,14.4,242.7,1770.9,381.5,38.2,15.0,30.6,1
Odisha,1980,13.1,12.8,1.9,60.7,193.5,186.5,234.8,389.4,372.4,100.9,19.1,20.2,1605.2,25.9,256.1,1183.1,140.1,61.7,80.0,32.4,1
East Uttar Pradesh,2010,0.0,19.3,30.2,61.6,204.3,162.2,846.5,335.6,294.3,196.7,5.9,36.0,2192.5,19.3,296.1,1638.6,238.6,31.7,850.0,37.0,0
Rayalseema,2007,13.2,17.0,28.6,60.8,153.5,364.4,246.4,507.3,125.0,175.8,55.9,30.0,1777.9,30.2,242.9,1243.1,261.8,58.1,15.0,26.7,1
Gujarat Region,1997,14.6,10.9,45.9,70.4,87.6,152.6,462.4,520.2,194.3,175.9,93.3,22.9,1850.9,25.5,203.9,1329.5,292.0,49.9,500.0,34.9,0
Rayalseema,1997,4.2,11.2,25.2,49.5,210.8,192.8,533.0,565.4,295.5,211.4,67.2,23.2,2189.4,15.5,285.4,1586.8,301.7,49.9,30.0,30.8,1
Coastal Karnataka,2021,19.6,17.4,32.4,116.0,240.2,411.1,805.8,465.2,494.7,237.5,118.6,42.7,3001.2,36.9,388.6,2176.8,398.8,14.9,250.0,29.1,1
Assam & Meghalaya,1980,18.9,25.1,50.8,99.8,298.6,713.0,1016.4,809.5,595.4,194.9,72.5,40.3,3935.2,44.0,449.2,3134.3,307.8,12.0,250.0,23.8,1
Sub-Himalayan West Bengal,2012,11.8,7.5,35.9,97.6,156.9,254.1,521.1,470.9,206.7,119.9,71.7,25.1,1979.1,19.4,290.4,1452.8,216.6,40.0,250.0,33.2,1
Gangetic West Bengal,2001,6.6,11.7,32.4,59.1,151.4,289.0,319.4,333.0,425.8,237.6,82.5,21.8,1970.4,18.3,242.9,1367.2,341.9,54.2,15.0,24.6,1
Coastal Karnataka,1991,10.7,19.5,44.8,128.0,253.3,442.3,795.3,517.1,542.5,391.1,77.9,29.1,3251.6,30.2,426.2,2297.2,498.1,12.0,850.0,30.6,1
East Uttar Pradesh,2018,8.0,12.5,11.4,36.0,232.7,305.8,372.5,322.6,215.1,112.5,100.3,0.0,1729.4,20.5,280.2,1216.0,212.8,59.5,80.0,32.5,1
Konkan & Goa,1982,12.7,18.1,45.8,109.4,187.1,362.4,836.7,807.6,493.3,148.0,123.3,25.4,3169.8,30.7,342.3,2500.1,296.7,12.0,15.0,26.6,1
Konkan & Goa,2010,14.5,34.1,54.1,84.5,220.9,526.9,706.1,521.2,430.3,288.6,98.0,21.5,3000.7,48.7,359.5,2184.5,408.1,19.7,80.0,32.3,1
Sub-Himalayan West Bengal,2008,20.9,10.9,25.5,78.5,209.6,252.7,387.2,489.5,346.7,174.6,111.3,5.9,2113.2,31.8,313.6,1476.1,291.7,48.3,250.0,32.2,0
Bihar,1990,2.0,19.1,30.4,80.4,190.1,338.0,257.7,424.9,243.9,178.9,67.8,16.4,1849.7,21.1,301.0,1264.5,263.1,55.7,80.0,29.0,1
Gangetic West Bengal,1981,8.6,8.0,19.9,54.9,114.4,199.0,481.7,356.2,262.1,98.1,38.6,21.5,1663.0,16.6,189.2,1299.1,158.1,54.1,250.0,31.6,1
Konkan & Goa,2022,15.8,23.8,36.9,82.2,285.3,489.4,932.0,612.6,431.3,153.8,141.6,22.1,3226.8,39.6,404.4,2465.3,317.5,12.0,80.0,30.8,1
East Uttar Pradesh,1988,12.3,10.2,66.8,97.2,145.2,398.6,552.7,341.4,46.1,221.4,59.2,2.3,1953.4,22.5,309.2,1338.8,282.9,50.6,30.0,30.0,1
Odisha,2013,10.8,20.6,29.4,32.4,117.3,330.8,420.3,282.0,334.3,164.2,22.4,8.7,1773.2,31.3,179.1,1367.4,195.4,42.9,80.0,34.0,1
Odisha,2000,13.1,27.3,12.9,69.8,56.5,234.9,528.0,399.1,168.9,213.1,40.0,7.7,1771.3,40.4,139.2,1330.9,260.7,44.4,30.0,30.6,1
Sub-Himalayan West Bengal,2000,3.7,33.7,48.6,92.4,191.4,433.4,587.2,484.1,295.6,135.0,85.3,30.1,2420.4,37.4,332.4,1800.2,250.4,39.2,15.0,28.6,1
Bihar,2004,7.4,20.6,21.7,65.2,184.7,338.3,581.8,318.1,336.7,169.4,79.8,21.5,2145.1,28.0,271.6,1574.9,270.6,31.0,15.0,28.3,1
Odisha,2018,24.6,36.7,31.5,63.2,194.7,211.6,746.4,368.0,220.0,133.1,79.5,11.1,2120.5,61.4,289.4,1546.0,223.7,37.6,500.0,24.3,1
Odisha,1993,13.9,24.7,27.1,81.3,198.8,378.7,338.9,543.5,183.9,72.5,82.1,3.8,1949.2,38.6,307.2,1445.0,158.4,56.4,250.0,32.5,1
Konkan & Goa,2020,14.2,22.9,51.2,74.6,263.0,464.6,748.5,637.9,376.5,164.9,100.4,35.1,2953.7,37.0,388.7,2227.5,300.4,15.1,30.0,27.1,1
Gujarat Region,1994,7.7,20.9,40.4,79.0,166.7,304.8,493.6,482.5,297.0,21.9,89.0,33.4,2036.9,28.6,286.0,1578.0,144.3,52.8,80.0,32.1,1
Odisha,1998,19.7,25.1,21.8,63.4,148.4,264.7,517.8,360.7,293.3,136.4,34.1,10.0,1895.5,44.8,233.6,1436.5,180.6,44.9,850.0,32.3,0
Rayalseema,2018,23.0,22.8,50.7,83.4,204.6,244.4,582.6,634.8,187.3,153.0,52.0,9.8,2248.4,45.8,338.7,1649.1,214.8,44.2,80.0,33.8,1
Gujarat Region,2002,17.9,21.7,48.9,64.1,114.0,371.7,752.1,497.9,411.8,68.5,70.6,14.1,2453.2,39.6,226.9,2033.5,153.2,27.7,80.0,24.2,1
Rayalseema,2000,12.2,17.0,31.1,67.9,171.1,299.4,541.5,432.8,177.9,167.6,29.2,8.4,1956.1,29.3,270.1,1451.6,205.2,50.4,15.0,27.1,1
Coastal Karnataka,2008,18.4,23.4,52.4,92.8,206.9,446.3,1115.4,438.2,260.1,219.2,121.8,25.6,3020.6,41.8,352.2,2260.1,366.6,12.0,80.0,33.2,1
Rayalseema,1994,16.3,15.6,12.1,67.6,114.7,267.0,579.3,304.5,257.1,206.2,59.5,16.7,1916.5,31.9,194.4,1407.9,282.3,53.6,30.0,34.1,1
Rayalseema,1989,10.0,6.0,24.0,24.8,135.8,284.0,656.1,607.8,149.4,185.1,113.5,39.4,2235.9,16.1,184.6,1697.3,337.9,38.4,30.0,29.7,1
Konkan & Goa,1985,28.9,17.2,15.5,109.0,268.6,628.3,1026.6,493.9,291.5,202.5,96.0,18.1,3195.9,46.0,393.0,2440.3,316.7,13.7,80.0,27.6,1
Bihar,1993,13.0,2.5,12.9,59.7,101.3,492.3,210.6,439.3,206.1,117.4,52.4,7.3,1714.9,15.5,174.0,1348.3,177.2,62.3,15.0,30.6,0
East Uttar Pradesh,2002,9.8,5.6,55.8,60.7,184.1,401.5,403.7,485.8,373.4,200.1,34.8,17.5,2232.6,15.4,300.6,1664.3,252.4,38.7,850.0,33.3,0
Odisha,1988,2.3,10.5,59.8,51.9,190.3,401.7,717.5,516.6,186.5,197.4,58.4,2.8,2395.7,12.8,302.0,1822.3,258.6,35.8,80.0,23.7,1
Rayalseema,1984,16.1,34.5,47.4,66.6,111.4,302.2,535.4,481.4,337.7,172.5,56.2,37.5,2198.9,50.6,225.4,1656.7,266.3,28.6,80.0,28.3,1
Kerala,1982,16.9,21.3,63.4,127.5,302.2,662.7,920.9,273.7,510.6,265.6,144.6,27.7,3337.1,38.3,493.2,2367.8,437.9,12.0,80.0,24.6,1
Gujarat Region,2011,4.0,8.6,45.8,32.4,99.5,383.7,573.8,236.4,114.7,137.5,51.1,12.1,1699.7,12.7,177.7,1308.6,200.7,44.2,80.0,26.6,0
Sub-Himalayan West Bengal,1982,12.1,25.4,33.8,67.4,157.8,291.0,746.0,504.5,289.7,233.7,82.7,23.4,2467.6,37.6,259.0,1831.2,339.9,22.1,15.0,28.8,1
Gangetic West Bengal,2017,14.8,21.1,35.4,90.1,116.2,417.0,345.3,450.5,329.6,139.7,95.4,15.5,2070.6,35.9,241.8,1542.4,250.6,55.2,850.0,35.8,0
Rayalseema,1993,15.0,20.9,38.3,59.1,136.2,353.8,540.2,409.5,198.5,172.0,94.0,14.4,2051.9,35.9,233.6,1502.0,280.4,48.5,250.0,36.5,1
Kerala,2006,20.5,22.0,19.7,98.9,200.8,638.1,1098.2,559.8,375.0,246.3,119.8,21.1,3420.3,42.5,319.4,2671.1,387.3,12.0,15.0,27.4,1
Bihar,2006,0.0,20.2,25.7,55.2,262.1,353.1,768.4,477.8,333.1,240.1,40.9,6.2,2582.8,20.2,343.0,1932.4,287.2,12.0,15.0,32.8,1
Gujarat Region,2006,19.8,15.6,41.3,87.2,129.8,318.3,185.6,331.7,324.2,180.5,100.4,13.9,1748.2,35.4,258.3,1159.7,294.8,67.7,850.0,34.3,0
Odisha,1989,13.8,14.0,34.1,57.7,152.2,411.9,598.1,515.4,282.5,221.7,55.2,33.3,2389.8,27.8,243.9,1807.8,310.3,37.9,30.0,32.3,1
Tamil Nadu,2010,3.2,15.9,17.0,62.6,185.2,425.4,612.2,354.2,90.4,68.2,86.4,33.5,1954.1,19.1,264.8,1482.2,188.0,49.2,80.0,31.0,1
Bihar,1993,5.6,36.2,42.9,37.5,133.9,432.6,660.2,548.1,241.7,209.1,58.3,44.9,2451.0,41.8,214.3,1882.7,312.3,34.8,15.0,25.3,1
Assam & Meghalaya,2009,15.6,6.1,63.7,79.9,218.0,684.6,845.2,681.0,359.5,281.4,82.8,24.9,3342.7,21.7,361.6,2570.4,389.1,12.0,500.0,24.7,1
Tamil Nadu,1995,18.4,10.3,31.3,16.5,178.8,319.3,863.2,579.7,156.0,212.6,60.7,3.9,2450.7,28.7,226.5,1918.2,277.2,26.2,250.0,33.4,1
Gujarat Region,2005,6.4,6.8,48.0,27.1,126.8,432.3,743.5,439.8,295.3,228.4,143.6,18.4,2516.5,13.2,201.9,1910.9,390.5,25.5,500.0,26.1,1
East Uttar Pradesh,2019,3.8,20.2,25.5,55.2,135.1,326.8,922.0,577.6,329.8,18.3,101.2,18.8,2534.2,24.0,215.8,2156.2,138.3,19.8,500.0,32.4,1
East Uttar Pradesh,2004,3.0,10.9,39.6,47.8,68.5,280.6,507.0,477.0,236.3,161.6,21.5,18.7,1872.4,13.9,155.9,1500.8,201.8,42.0,15.0,36.9,1
Coastal Karnataka,1999,25.2,34.4,44.7,118.3,273.5,571.0,888.7,664.7,346.0,254.6,144.1,11.9,3377.1,59.7,436.4,2470.4,410.6,13.1,250.0,36.3,1
Kerala,2000,21.2,22.0,31.2,83.6,230.0,485.1,781.8,649.5,392.8,272.7,117.1,24.6,3111.5,43.2,344.7,2309.2,414.4,15.2,30.0,33.7,1
Assam & Meghalaya,2005,11.6,18.1,49.2,87.9,286.8,653.3,651.2,781.7,374.1,251.5,107.7,34.0,3307.1,29.6,423.9,2460.4,393.2,12.0,15.0,24.3,1
Coastal Karnataka,1997,17.2,15.3,30.3,108.0,253.9,523.6,651.6,624.5,425.2,207.4,143.3,16.1,3016.4,32.5,392.2,2224.9,366.9,22.8,500.0,35.5,1
Rayalseema,2021,1.6,17.6,36.9,51.0,127.0,278.6,353.1,371.4,230.3,213.6,92.3,26.6,1800.1,19.2,214.9,1233.5,332.5,50.4,850.0,29.7,0
Assam & Meghalaya,2016,8.9,22.4,29.5,89.7,213.1,576.7,672.1,637.0,310.0,200.8,99.4,36.1,2895.7,31.3,332.2,2195.8,336.4,15.7,15.0,26.3,1
Kerala,2016,5.5,28.3,24.5,88.0,241.0,664.1,1081.4,681.5,454.8,228.7,147.3,27.6,3672.6,33.8,353.5,2881.7,403.6,12.0,250.0,27.5,1
Coastal Karnataka,1996,15.3,29.9,9.8,80.4,313.0,788.7,611.7,650.7,367.8,250.9,160.7,25.7,3304.5,45.2,403.2,2418.9,437.3,17.3,30.0,32.4,1
Coastal Karnataka,2013,27.9,23.5,63.9,89.9,235.7,623.5,707.2,546.4,342.4,302.4,140.6,32.9,3136.3,51.4,389.5,2219.5,475.9,24.7,15.0,24.5,1
Gujarat Region,2017,19.4,29.0,38.1,49.6,230.9,196.9,560.6,340.8,233.9,151.0,56.7,16.0,1923.0,48.4,318.7,1332.2,223.8,47.6,80.0,24.8,1
Odisha,1994,0.0,27.7,14.0,102.6,317.4,292.9,511.0,436.0,422.7,238.5,60.7,27.4,2450.7,27.7,434.0,1662.5,326.6,46.0,500.0,35.7,1
Tamil Nadu,1983,8.5,22.3,31.8,105.8,246.4,343.1,736.5,446.5,272.8,136.8,137.0,22.9,2510.6,30.8,384.0,1798.9,296.8,18.2,15.0,25.6,1
East Uttar Pradesh,1980,10.4,7.4,33.2,77.6,224.9,480.6,609.6,549.7,349.3,169.2,55.4,31.2,2598.5,17.8,335.8,1989.2,255.8,25.1,500.0,24.7,0
Odisha,2024,15.0,2.7,13.1,45.6,156.5,529.6,581.3,531.4,158.3,84.5,51.7,0.2,2169.9,17.7,215.2,1800.5,136.5,43.0,500.0,33.6,1
East Uttar Pradesh,2018,5.8,21.6,32.4,63.0,148.7,542.0,619.0,245.6,306.9,166.4,73.5,34.3,2259.1,27.4,244.0,1713.5,274.1,34.4,30.0,28.7,1
Gangetic West Bengal,2008,10.8,4.9,35.9,58.9,183.3,267.1,570.6,401.4,224.7,110.5,120.1,8.6,1996.9,15.6,278.1,1463.9,239.3,51.0,850.0,23.2,0
Bihar,1995,9.5,5.7,35.9,45.8,223.7,413.1,493.6,173.5,241.0,152.8,87.2,7.9,1889.8,15.2,305.4,1321.3,247.9,59.1,500.0,27.9,0
Gujarat Region,1997,17.7,22.6,41.8,40.5,234.3,346.9,755.9,326.2,131.6,174.1,25.0,15.1,2131.8,40.3,316.6,1560.7,214.2,34.7,850.0,29.8,0
Konkan & Goa,2007,11.4,18.7,35.4,116.8,229.2,558.9,1049.0,553.7,312.4,259.0,135.5,24.5,3304.5,30.1,381.5,2474.0,419.0,12.0,850.0,23.5,1
East Uttar Pradesh,1994,23.3,14.8,50.2,81.7,231.8,308.5,241.5,443.7,270.3,247.3,95.3,14.2,2022.8,38.2,363.8,1264.0,356.8,56.7,30.0,23.7,1
Sub-Himalayan West Bengal,2015,20.8,21.7,40.8,110.1,183.2,506.2,496.0,423.7,200.3,233.2,65.0,12.8,2313.8,42.5,334.1,1626.2,311.0,40.1,80.0,36.6,1
Gujarat Region,1989,4.4,17.5,36.0,52.5,93.7,217.9,688.9,189.7,282.6,97.3,109.6,28.6,1818.8,21.9,182.2,1379.1,235.6,45.5,80.0,25.2,1
Rayalseema,2024,10.2,13.0,31.3,14.7,145.8,247.4,562.9,681.6,291.5,107.0,43.4,5.0,2153.8,23.2,191.7,1783.5,155.4,33.3,80.0,31.4,1
Tamil Nadu,2019,9.2,13.5,47.6,48.8,125.9,306.1,496.0,717.9,272.3,135.0,93.6,25.6,2291.4,22.7,222.3,1792.3,254.1,40.7,850.0,36.2,0
Konkan & Goa,1983,25.2,37.4,29.5,83.9,230.7,431.7,1003.4,554.3,493.3,313.5,112.7,10.3,3325.9,62.7,344.0,2482.7,436.5,12.0,30.0,27.0,1
Rayalseema,1999,18.7,3.7,31.9,64.4,174.6,294.9,504.9,610.2,10.0,196.5,125.7,29.6,2065.1,22.4,270.9,1420.0,351.8,40.4,500.0,32.9,0
Assam & Meghalaya,1986,12.7,27.4,37.0,79.5,298.8,622.8,904.4,797.6,420.5,308.5,82.4,44.9,3636.4,40.0,415.3,2745.2,435.8,12.0,80.0,28.7,1
Coastal Karnataka,1998,17.0,30.6,47.8,67.7,248.4,396.6,976.1,795.7,406.8,108.8,120.6,21.8,3237.9,47.6,363.9,2575.2,251.2,12.0,250.0,23.8,1
Gujarat Region,2000,4.5,26.1,35.6,57.3,254.5,325.3,814.6,434.0,315.1,172.7,86.7,10.9,2537.4,30.6,347.4,1889.0,270.4,28.3,15.0,32.6,1
Bihar,2020,19.0,6.4,27.2,38.6,130.1,421.0,747.2,570.6,324.0,124.4,70.0,26.1,2504.6,25.5,195.9,2062.8,220.5,22.1,80.0,33.2,0
Sub-Himalayan West Bengal,1995,9.4,10.5,55.1,64.3,115.4,305.4,503.7,473.6,382.6,102.8,89.4,38.7,2150.9,19.9,234.9,1665.3,230.9,42.0,250.0,36.4,1
Coastal Karnataka,2005,22.4,31.8,53.1,96.4,288.8,776.4,781.2,796.2,262.7,264.3,168.7,26.5,3568.6,54.2,438.3,2616.5,459.6,12.0,250.0,30.1,1
Coastal Karnataka,1988,12.4,36.2,43.3,91.2,214.6,598.2,867.6,653.7,463.5,240.9,84.7,50.1,3356.2,48.6,349.1,2582.9,375.7,12.0,250.0,27.5,1
Assam & Meghalaya,1992,15.6,12.6,24.3,71.7,309.8,318.4,559.7,1011.0,387.2,288.4,84.0,32.7,3115.6,28.2,405.9,2276.3,405.2,26.4,850.0,29.1,1
Sub-Himalayan West Bengal,1996,14.2,23.0,21.7,86.1,207.9,394.1,527.4,437.1,355.6,132.9,110.4,12.2,2322.5,37.2,315.7,1714.2,255.5,48.9,250.0,24.4,1
Sub-Himalayan West Bengal,2016,13.4,10.3,25.4,56.6,166.7,163.5,562.8,323.4,321.3,133.6,67.5,10.3,1854.8,23.7,248.7,1371.0,211.4,45.8,500.0,34.1,0
Coastal Karnataka,2001,18.6,20.1,46.2,103.5,274.5,367.4,869.6,775.4,438.1,188.6,94.8,34.5,3231.1,38.6,424.2,2450.5,317.8,12.0,80.0,23.3,1
Kerala,2009,20.3,5.5,48.4,89.3,257.9,667.9,720.6,684.3,473.2,278.8,100.4,52.4,3399.0,25.7,395.6,2546.0,431.6,12.0,80.0,24.9,1
East Uttar Pradesh,2019,0.0,23.5,8.1,58.0,226.7,558.3,351.8,447.4,257.7,26.8,49.1,17.3,2024.6,23.5,292.8,1615.2,93.2,46.3,80.0,35.9,1
Kerala,2014,18.8,15.9,31.9,106.7,214.8,520.3,968.8,730.8,236.9,172.3,98.0,26.1,3141.3,34.6,353.4,2456.8,296.4,12.0,15.0,35.4,1
Rayalseema,2006,8.0,6.6,0.6,0.0,188.5,476.7,568.4,233.3,243.7,190.2,74.4,14.8,2005.2,14.6,189.0,1522.2,279.5,47.4,250.0,27.6,1
Sub-Himalayan West Bengal,2013,3.1,19.6,24.0,37.9,164.0,500.7,465.5,460.0,191.8,152.1,79.7,39.0,2137.2,22.8,225.9,1617.9,270.7,43.6,850.0,27.3,0
Sub-Himalayan West Bengal,2009,4.7,8.9,34.5,79.1,129.2,597.3,308.7,359.9,153.6,133.9,108.6,22.6,1941.1,13.6,242.8,1419.5,265.2,56.0,30.0,32.1,1
Kerala,1992,17.9,20.6,42.8,89.4,280.1,523.5,942.9,732.6,476.8,129.7,126.2,21.8,3404.2,38.5,412.2,2675.8,277.8,12.0,80.0,36.8,1
Gangetic West Bengal,2005,12.7,12.4,40.1,64.2,122.2,226.8,702.3,395.9,238.6,189.2,65.9,5.6,2075.8,25.1,226.5,1563.6,260.7,35.7,15.0,29.2,1
Tamil Nadu,2020,3.8,10.4,3.9,38.6,173.4,329.7,534.2,274.5,297.6,181.6,79.2,20.6,1947.6,14.3,215.8,1436.1,281.4,54.5,80.0,23.3,1
East Uttar Pradesh,1985,11.7,16.2,5.2,32.9,160.0,282.9,763.1,442.5,491.9,158.5,64.0,8.2,2437.0,27.9,198.1,1980.4,230.6,28.2,250.0,36.7,1
Rayalseema,2008,14.1,19.1,27.2,64.8,172.9,357.0,627.5,482.3,273.8,109.7,91.4,16.7,2256.4,33.2,264.9,1740.5,217.8,28.4,250.0,33.0,1
East Uttar Pradesh,1989,8.8,0.0,52.7,62.8,180.8,431.6,464.0,309.5,144.2,200.6,69.5,25.7,1950.2,8.8,296.3,1349.3,295.8,45.2,850.0,31.9,0
Tamil Nadu,2014,17.4,32.2,22.9,37.4,129.1,301.4,457.0,583.4,83.2,195.5,42.9,26.0,1928.4,49.7,189.3,1425.1,264.4,43.4,15.0,32.9,1
Bihar,2022,13.9,19.8,15.7,38.8,230.8,297.8,587.5,387.4,285.5,182.1,83.6,18.1,2161.0,33.6,285.4,1558.2,283.8,44.8,80.0,29.7,1
Sub-Himalayan West Bengal,2000,15.2,14.8,18.3,34.3,289.2,234.9,341.4,336.4,280.7,78.1,56.7,26.4,1726.4,30.0,341.8,1193.4,161.2,58.1,80.0,27.0,1
Gujarat Region,2011,0.1,15.5,0.3,16.6,132.5,309.4,463.0,609.3,346.9,135.7,129.2,9.0,2167.4,15.6,149.3,1728.6,273.9,33.5,500.0,25.6,1
Gujarat Region,1992,9.6,5.1,0.0,48.6,142.0,494.7,612.7,577.7,191.5,34.3,62.8,18.6,2197.7,14.7,190.6,1876.5,115.8,34.8,80.0,32.5,1
Coastal Karnataka,1984,7.7,27.6,49.0,89.9,246.6,650.4,1052.9,699.6,417.3,231.2,107.3,20.6,3600.0,35.3,385.4,2820.2,359.1,12.0,15.0,29.0,1
Coastal Karnataka,1980,6.1,27.3,23.5,51.1,258.2,571.0,877.6,669.0,457.2,309.1,60.7,40.3,3351.2,33.4,332.8,2574.8,410.2,12.0,250.0,35.7,1
Gujarat Region,1989,15.0,21.3,15.7,100.6,154.5,233.9,588.9,384.3,238.0,210.8,37.3,25.6,2025.8,36.3,270.8,1445.0,273.7,42.9,250.0,27.9,1
Gujarat Region,1988,2.7,18.1,25.2,54.8,157.1,360.4,644.0,466.4,366.3,157.1,84.0,33.2,2369.4,20.8,237.1,1837.2,274.3,31.4,30.0,26.2,0
Sub-Himalayan West Bengal,1996,14.0,9.0,24.3,42.2,157.2,314.7,367.7,449.2,264.3,217.0,53.4,0.0,1913.0,23.0,223.7,1395.8,270.4,51.0,15.0,32.2,1
Gujarat Region,1991,10.3,15.1,0.0,68.3,89.8,253.4,325.1,532.8,226.3,79.4,78.9,33.9,1713.4,25.4,158.2,1337.6,192.2,44.1,850.0,27.1,0
Bihar,2012,5.9,2.4,19.6,64.6,114.0,548.5,344.6,421.6,337.4,197.1,16.3,24.0,2096.0,8.3,198.2,1652.1,237.4,47.8,500.0,28.8,1
Rayalseema,1984,1.7,26.0,36.9,41.0,134.6,225.5,403.0,407.6,246.2,246.3,82.7,26.8,1878.3,27.8,212.5,1282.3,355.8,49.3,15.0,30.9,1
Konkan & Goa,2004,23.2,25.7,37.0,94.1,158.3,527.9,821.7,1060.8,463.9,173.9,120.5,21.5,3528.6,48.9,289.4,2874.3,316.0,12.0,250.0,25.5,1
Kerala,2009,21.1,27.5,56.4,83.4,329.2,522.4,796.5,709.7,494.4,227.3,128.4,45.9,3442.2,48.6,469.0,2523.1,401.5,13.2,850.0,26.0,1
Coastal Karnataka,1988,18.5,24.6,64.9,83.1,260.8,502.6,634.8,795.9,460.8,368.1,122.9,17.3,3354.4,43.1,408.9,2394.2,508.3,26.7,30.0,26.6,1
Gangetic West Bengal,2017,10.4,6.1,44.1,75.0,145.6,354.6,321.6,264.5,135.5,114.1,36.9,33.3,1541.7,16.5,264.7,1076.2,184.3,62.8,80.0,26.8,1
Odisha,2003,14.6,20.9,42.1,46.3,96.1,236.1,675.3,569.6,224.4,88.9,45.4,16.8,2076.5,35.4,184.6,1705.5,151.0,27.8,15.0,31.4,0
Odisha,1999,4.2,11.0,28.8,85.1,174.6,267.2,574.4,406.0,346.9,242.9,113.1,34.3,2288.4,15.1,288.5,1594.4,390.3,36.3,80.0,34.5,1
Kerala,1984,13.0,23.0,14.4,57.6,284.9,207.0,809.9,793.7,387.8,321.3,91.1,37.3,3041.0,36.1,356.9,2198.4,449.7,24.7,80.0,24.2,1
Tamil Nadu,1982,10.4,23.7,38.4,45.8,130.0,288.4,599.2,292.7,196.8,17.1,106.4,22.7,1771.6,34.0,214.2,1377.1,146.2,44.0,500.0,35.6,0
Konkan & Goa,2008,13.5,21.0,32.8,104.9,145.6,465.7,985.1,739.1,425.5,250.0,82.0,27.6,3292.9,34.5,283.4,2615.4,359.6,12.0,15.0,32.9,1
Konkan & Goa,2018,19.3,18.7,39.8,85.8,245.8,417.1,508.8,698.2,621.5,227.1,78.3,25.9,2986.4,38.0,371.4,2245.7,331.3,24.0,15.0,24.6,1
Tamil Nadu,2022,11.6,22.1,0.9,73.3,183.8,375.7,672.2,512.1,219.6,184.1,70.5,23.1,2348.9,33.7,258.0,1779.5,277.7,27.5,80.0,24.0,1
Kerala,2020,11.9,27.9,60.0,86.6,351.9,540.8,1078.9,711.1,367.2,342.5,91.4,31.0,3701.1,39.8,498.5,2697.9,464.9,12.0,30.0,26.6,1
Sub-Himalayan West Bengal,1983,5.3,0.0,30.6,98.3,137.9,423.5,738.1,420.1,193.8,116.3,66.2,12.3,2242.4,5.3,266.8,1775.5,194.9,29.2,80.0,30.4,1
East Uttar Pradesh,1992,8.6,0.0,38.6,40.0,137.7,275.7,522.1,181.4,171.5,130.8,32.3,20.2,1558.9,8.6,216.3,1150.8,183.2,58.7,850.0,35.0,0
Coastal Karnataka,2023,13.8,27.0,44.0,69.9,245.5,596.2,676.8,398.2,523.3,244.2,110.2,33.8,2982.7,40.8,359.4,2194.4,388.2,20.6,250.0,23.4,0
Konkan & Goa,1989,11.4,24.3,66.7,86.0,268.4,448.8,934.6,768.8,297.1,209.9,121.2,26.5,3263.8,35.7,421.1,2449.4,357.6,12.0,80.0,35.1,1
East Uttar Pradesh,2019,17.0,9.8,45.7,88.8,88.7,341.8,702.1,395.8,267.8,98.8,83.5,25.7,2165.6,26.8,223.3,1707.6,207.9,39.0,250.0,36.7,1
Rayalseema,2010,8.7,11.5,31.3,52.0,144.8,327.1,504.4,140.2,393.6,171.3,18.3,11.8,1815.2,20.3,228.2,1365.4,201.4,53.5,500.0,31.6,0
Coastal Karnataka,2003,17.1,30.5,33.8,121.7,232.4,521.3,811.0,646.5,497.3,183.6,93.8,16.4,3205.4,47.6,388.0,2476.1,293.7,12.0,500.0,27.3,1
Kerala,2019,9.3,32.5,50.8,106.9,240.0,471.1,762.2,734.7,366.8,262.8,184.6,37.4,3259.1,41.7,397.7,2334.8,484.8,12.0,30.0,34.1,1
Sub-Himalayan West Bengal,2001,12.4,21.3,57.3,67.5,177.8,221.2,406.4,665.9,336.2,189.3,16.6,4.1,2176.1,33.7,302.7,1629.7,210.0,41.2,15.0,23.9,1
Konkan & Goa,1983,17.5,28.3,22.4,90.2,206.0,667.1,1040.7,771.6,426.9,276.2,111.4,22.6,3680.9,45.8,318.6,2906.3,410.1,12.0,850.0,27.2,1
Rayalseema,2003,16.0,16.5,42.5,61.4,172.5,424.2,633.6,390.5,359.7,104.8,89.3,12.9,2323.9,32.5,276.5,1808.0,207.0,34.1,500.0,26.3,1
Bihar,1994,20.0,28.1,64.8,38.4,176.2,510.8,736.7,486.4,355.2,145.0,66.9,41.4,2669.9,48.0,279.4,2089.1,253.3,29.5,80.0,25.6,1
Tamil Nadu,1992,13.4,17.2,19.1,59.8,190.3,553.3,746.1,428.5,214.7,203.4,106.6,17.1,2569.6,30.7,269.2,1942.7,327.1,22.6,250.0,24.2,1
Sub-Himalayan West Bengal,1980,4.7,10.3,48.5,21.2,147.8,368.1,422.7,478.7,289.7,200.1,52.4,9.6,2053.8,15.0,217.5,1559.2,262.2,35.4,500.0,27.2,1
Coastal Karnataka,1989,22.2,21.2,51.5,130.6,316.4,628.6,1164.9,524.4,334.3,231.8,83.2,20.6,3529.6,43.4,498.4,2652.2,335.6,12.0,250.0,28.9,1
East Uttar Pradesh,2015,11.6,9.8,58.2,87.0,166.5,573.1,506.0,530.8,284.3,68.9,80.6,15.5,2392.3,21.4,311.7,1894.2,165.0,31.3,500.0,24.9,1
Konkan & Goa,1985,10.9,30.7,69.2,57.7,262.5,404.7,913.7,932.8,350.8,212.6,92.7,20.0,3358.2,41.6,389.4,2601.9,325.2,12.0,850.0,30.1,1
Konkan & Goa,1991,14.9,38.2,49.2,105.4,271.1,939.4,754.4,767.9,503.0,236.9,62.9,27.6,3771.0,53.1,425.7,2964.7,327.4,12.0,250.0,31.8,1
Konkan & Goa,1984,21.2,22.9,54.8,93.2,302.6,740.1,776.9,823.8,424.3,272.8,117.5,33.4,3683.7,44.1,450.6,2765.2,423.7,12.0,250.0,26.8,1
Assam & Meghalaya,1982,6.5,21.3,67.5,103.4,221.5,475.2,881.2,772.8,260.7,278.6,111.5,20.8,3221.0,27.8,392.4,2389.8,410.9,12.0,850.0,28.5,1
Bihar,1982,6.2,14.6,24.5,37.6,154.2,307.0,605.3,381.4,177.8,242.9,56.7,7.3,2015.5,20.8,216.3,1471.5,306.8,37.2,850.0,26.0,0
Sub-Himalayan West Bengal,1995,7.0,18.1,34.2,72.9,146.4,266.5,401.7,622.0,275.8,138.3,0.0,2.6,1985.6,25.1,253.5,1566.0,141.0,49.8,30.0,26.0,1
Gangetic West Bengal,2005,15.0,0.3,43.6,60.6,180.5,292.9,428.7,425.3,208.2,185.1,52.4,6.4,1899.1,15.3,284.7,1355.1,243.9,53.8,850.0,33.5,0
Gujarat Region,2016,17.4,14.5,12.1,74.3,233.7,477.4,143.5,257.2,267.1,166.5,103.6,21.4,1788.7,31.9,320.2,1145.2,291.4,63.8,15.0,34.1,1
Sub-Himalayan West Bengal,2010,5.3,16.3,17.8,41.4,146.6,508.6,589.0,460.8,217.5,42.8,50.6,35.2,2131.9,21.6,205.9,1775.8,128.6,40.2,500.0,30.6,1
East Uttar Pradesh,1990,6.9,11.1,48.4,29.8,98.2,481.4,433.9,412.3,356.2,173.7,151.4,26.8,2230.0,18.0,176.3,1683.8,351.9,46.0,500.0,35.5,1
Rayalseema,1999,0.9,13.4,37.5,59.3,87.6,340.3,502.4,401.9,266.7,88.5,53.7,22.0,1874.2,14.3,184.4,1511.3,164.2,41.0,80.0,36.3,1
Gujarat Region,2011,10.3,17.3,37.7,99.4,169.0,608.8,576.5,469.0,349.9,170.5,57.5,12.0,2577.8,27.6,306.0,2004.2,239.9,31.8,30.0,23.8,1
Rayalseema,1989,16.7,22.6,14.3,73.3,200.0,568.5,593.5,328.1,221.2,45.6,65.1,20.4,2169.3,39.3,287.7,1711.2,131.1,43.7,15.0,24.3,1
Coastal Karnataka,2010,20.3,15.8,35.1,120.4,369.6,515.7,786.7,635.2,349.3,113.1,94.7,20.8,3076.7,36.1,525.1,2286.8,228.7,20.1,850.0,28.9,1
Coastal Karnataka,2004,15.5,28.7,52.5,107.9,248.8,879.4,937.4,862.6,360.0,245.2,142.1,49.3,3929.2,44.2,409.1,3039.2,436.6,12.0,500.0,36.0,1
Tamil Nadu,2009,7.4,1.1,45.6,38.7,169.0,394.1,474.0,511.3,349.6,119.8,75.6,8.5,2194.8,8.5,253.3,1729.0,203.9,35.7,15.0,36.9,1
Coastal Karnataka,1997,22.0,19.9,49.5,74.1,263.9,417.6,889.1,503.7,519.5,177.0,87.3,20.2,3044.0,42.0,387.5,2329.9,284.6,12.0,250.0,26.7,1
Kerala,1999,13.6,23.5,41.1,53.9,227.6,569.3,813.8,371.2,335.2,159.3,182.0,14.0,2804.6,37.1,322.7,2089.5,355.4,20.9,80.0,30.9,1
Gangetic West Bengal,2007,8.0,23.2,24.0,61.4,47.2,446.6,668.6,412.7,264.6,157.0,14.7,5.6,2133.7,31.3,132.6,1792.5,177.3,36.9,15.0,25.3,1
Gujarat Region,1991,2.5,23.2,6.8,87.6,223.3,426.6,351.8,379.9,140.0,186.2,23.9,9.8,1861.6,25.7,317.8,1298.3,219.8,53.3,500.0,30.3,0
Rayalseema,2021,13.7,20.0,14.7,69.1,111.7,148.2,613.3,368.9,377.0,108.1,100.1,29.5,1974.4,33.8,195.6,1507.4,237.7,37.9,15.0,30.8,1
Rayalseema,2012,0.0,24.6,34.9,34.4,217.0,470.1,791.6,168.5,118.1,0.0,77.5,17.1,1953.8,24.6,286.4,1548.2,94.6,33.0,250.0,24.6,1
Bihar,2003,6.8,17.8,8.8,32.5,115.4,326.3,577.1,584.1,94.3,194.8,25.6,0.0,1983.5,24.6,156.7,1581.8,220.4,44.2,80.0,25.9,1
Coastal Karnataka,2024,23.6,27.5,28.6,134.8,203.4,450.4,668.2,749.1,295.2,248.2,101.7,18.7,2949.4,51.2,366.7,2162.9,368.6,17.8,250.0,35.7,1
Rayalseema,2008,15.5,7.8,38.0,51.1,216.2,257.3,610.3,439.4,187.8,147.1,61.9,26.7,2059.1,23.3,305.3,1494.9,235.7,43.7,80.0,35.1,1
Bihar,2002,24.8,31.0,60.5,75.1,54.4,423.1,594.9,548.5,206.5,120.4,76.9,21.8,2237.9,55.8,190.0,1773.0,219.1,37.4,30.0,32.5,1
Coastal Karnataka,2024,12.8,35.6,33.9,64.2,215.3,541.2,835.3,557.3,343.7,229.9,133.1,26.5,3028.9,48.4,313.4,2277.6,389.6,19.7,250.0,26.4,1
Kerala,2023,12.2,32.9,54.2,102.1,141.4,454.3,648.1,923.6,472.2,234.9,150.3,34.8,3260.9,45.0,297.7,2498.3,420.0,19.9,80.0,30.7,1
Gujarat Region,1987,8.7,1.4,55.5,17.1,110.3,512.1,390.6,374.1,155.4,177.7,54.7,9.6,1867.0,10.1,182.9,1432.1,242.0,44.5,250.0,24.7,1
Gangetic West Bengal,1983,0.0,19.8,0.0,61.6,212.0,296.2,367.3,516.5,388.9,271.2,64.4,4.7,2202.7,19.8,273.7,1569.0,340.3,52.1,80.0,27.3,1
Sub-Himalayan West Bengal,2013,6.5,5.8,28.4,56.4,135.0,405.6,541.9,300.7,197.7,157.6,40.2,14.0,1890.0,12.4,219.8,1446.0,211.8,45.7,850.0,25.2,0
Rayalseema,2010,12.2,4.1,37.0,47.4,83.4,244.0,387.6,594.3,257.8,161.4,68.2,23.3,1920.7,16.3,167.8,1483.7,252.9,48.6,850.0,36.4,0
Konkan & Goa,2023,10.1,27.3,60.9,98.0,265.2,758.6,622.4,833.2,406.2,321.7,150.6,38.3,3592.7,37.4,424.2,2620.5,510.7,13.1,80.0,31.5,1
Gangetic West Bengal,2015,0.3,15.9,49.3,88.2,148.0,401.6,335.7,339.6,281.9,137.3,121.6,18.1,1937.5,16.1,285.6,1358.9,276.9,55.7,80.0,24.1,1
Rayalseema,2010,9.3,14.9,17.8,83.5,126.8,294.1,534.0,506.0,417.2,134.9,83.1,10.0,2231.7,24.2,228.2,1751.3,228.0,41.2,500.0,32.5,1
Bihar,1999,17.2,15.8,22.1,68.0,166.3,323.1,378.8,551.1,215.7,130.5,108.9,9.4,2006.9,32.9,256.4,1468.7,248.9,49.8,500.0,36.2,0
Sub-Himalayan West Bengal,2009,1.5,14.1,36.1,51.2,107.4,387.1,698.8,324.0,111.9,210.9,68.0,10.8,2021.6,15.6,194.6,1521.7,289.7,37.5,850.0,28.5,0
Coastal Karnataka,2005,12.2,27.0,47.9,114.9,222.4,666.8,776.0,779.3,447.8,299.9,89.1,22.6,3505.8,39.2,385.1,2669.9,411.5,12.0,850.0,27.3,1
Rayalseema,2013,1.1,16.3,41.1,69.1,141.5,141.3,463.6,530.3,257.7,256.4,21.8,8.9,1949.0,17.4,251.7,1392.8,287.1,59.2,850.0,30.9,0
Assam & Meghalaya,2002,17.7,32.5,59.5,102.2,258.1,449.4,1161.7,730.9,274.1,207.1,105.6,33.0,3431.8,50.2,419.8,2616.2,345.6,12.0,500.0,36.2,1
Sub-Himalayan West Bengal,2012,11.2,10.2,40.8,55.9,84.2,169.7,597.9,513.7,186.9,165.8,48.3,17.4,1902.0,21.5,180.9,1468.2,231.5,47.7,500.0,23.3,1
Gangetic West Bengal,1992,9.8,22.1,24.9,71.3,112.3,495.5,656.5,578.3,200.9,209.0,45.2,12.6,2438.3,31.8,208.5,1931.1,266.8,26.4,80.0,29.2,1
Odisha,2002,10.8,18.9,18.6,61.3,92.3,300.9,592.1,336.4,167.6,138.9,99.1,29.2,1866.1,29.7,172.3,1397.0,267.2,41.2,80.0,27.5,1
Gujarat Region,1998,4.1,22.3,35.3,85.4,177.0,402.4,895.9,506.5,321.0,110.2,55.0,23.6,2638.8,26.4,297.7,2125.9,188.8,17.7,15.0,37.0,1
Coastal Karnataka,1985,11.3,15.0,47.4,69.2,219.5,469.7,865.1,577.3,384.8,268.3,114.9,32.5,3074.9,26.3,336.1,2296.8,415.7,15.3,15.0,26.7,1
Bihar,2019,8.0,32.0,51.6,35.5,201.6,177.3,261.5,183.7,253.7,111.1,111.2,24.3,1451.4,40.0,288.8,876.2,246.5,73.0,250.0,32.4,0
Konkan & Goa,2001,9.7,34.1,57.4,97.1,197.2,624.8,988.5,625.1,394.2,257.3,112.3,20.6,3418.2,43.7,351.7,2632.5,390.2,12.0,500.0,26.0,1
Bihar,2000,6.9,23.9,20.9,51.1,124.1,462.9,484.2,140.2,139.2,69.3,73.2,2.7,1598.6,30.9,196.2,1226.4,145.1,52.4,30.0,23.3,1
Sub-Himalayan West Bengal,1985,20.6,24.3,67.1,51.2,110.1,436.2,486.5,479.8,241.8,197.5,74.5,24.4,2214.0,44.8,228.4,1644.3,296.4,37.6,500.0,34.7,1
Gujarat Region,2018,13.5,19.4,6.5,67.4,138.3,497.9,423.7,318.8,350.6,72.8,103.8,13.6,2026.4,32.9,212.3,1591.0,190.2,43.8,250.0,35.4,1
Odisha,1996,12.1,18.4,34.5,11.4,211.5,271.1,484.8,376.0,539.9,219.7,60.5,14.9,2254.8,30.5,257.4,1671.9,295.1,40.7,80.0,34.8,1
Gangetic West Bengal,2006,9.4,15.5,27.7,68.4,187.8,473.5,406.5,582.7,255.1,170.1,45.2,20.7,2262.4,24.9,283.8,1717.8,236.0,40.5,850.0,31.1,0
Odisha,2019,12.8,13.9,23.5,50.9,188.8,519.0,535.5,508.3,386.7,129.4,33.3,23.9,2426.1,26.7,263.2,1949.6,186.7,33.6,80.0,23.4,1
East Uttar Pradesh,2003,7.6,29.4,26.1,47.5,137.8,282.2,633.1,577.9,274.8,153.7,95.0,31.0,2296.2,37.0,211.5,1768.0,279.7,25.5,30.0,27.1,1
Gujarat Region,1999,9.4,12.1,22.9,70.7,204.1,155.7,566.9,425.6,188.4,161.3,92.1,8.5,1917.7,21.5,297.7,1336.5,261.9,47.8,500.0,23.5,0
Bihar,2011,5.8,18.2,32.8,55.6,207.0,320.5,721.5,547.9,274.7,115.7,12.4,15.7,2327.8,24.0,295.4,1864.6,143.8,23.6,850.0,35.6,1
Konkan & Goa,2009,12.1,29.1,45.8,108.7,258.7,391.4,824.1,723.4,439.9,93.7,87.6,0.0,3014.5,41.2,413.1,2378.8,181.3,13.7,850.0,26.8,1
Rayalseema,2013,12.9,4.6,30.5,68.0,53.0,368.0,438.6,300.8,258.2,209.5,53.0,26.1,1823.2,17.5,151.5,1365.6,288.6,55.4,30.0,26.1,1
Gujarat Region,2021,9.0,18.6,14.8,45.5,221.4,380.4,508.5,585.8,312.4,194.7,66.3,16.4,2373.6,27.6,281.6,1787.1,277.4,41.3,500.0,26.3,1
Bihar,1984,6.0,26.5,38.2,46.7,223.9,342.1,349.2,431.7,179.7,171.4,31.2,13.1,1859.8,32.5,308.8,1302.8,215.7,50.0,15.0,25.6,1
Gangetic West Bengal,2004,9.3,14.4,37.2,52.4,275.5,188.7,562.0,325.4,157.3,161.4,24.1,6.7,1814.5,23.7,365.1,1233.4,192.2,58.3,15.0,29.3,1
Sub-Himalayan West Bengal,1995,0.0,10.8,20.3,83.1,140.0,239.1,377.9,448.8,148.8,215.2,62.5,30.7,1777.1,10.8,243.3,1214.6,308.4,45.9,250.0,32.9,1
Coastal Karnataka,1992,13.3,33.6,56.0,96.7,294.7,553.6,714.6,788.5,501.0,364.6,149.3,32.1,3598.1,47.0,447.5,2557.7,546.0,12.0,500.0,37.0,1
Coastal Karnataka,2022,2.7,11.5,62.7,102.3,170.4,652.4,1061.4,464.8,406.6,312.1,96.8,10.2,3354.0,14.2,335.5,2585.2,419.1,12.0,500.0,32.5,1
Bihar,2007,0.0,11.8,38.8,50.6,84.3,403.8,594.9,418.4,317.8,173.6,0.0,20.6,2114.5,11.8,173.7,1734.9,194.2,23.3,250.0,29.1,1
East Uttar Pradesh,2019,13.1,24.0,31.1,85.4,94.7,167.3,460.5,294.5,200.5,197.2,114.4,15.3,1698.0,37.1,211.2,1122.8,326.9,55.8,30.0,25.9,1
Rayalseema,2013,10.8,20.1,28.6,76.2,177.3,444.9,519.4,469.8,162.7,136.5,78.1,4.4,2128.8,30.8,282.1,1596.9,219.0,34.9,500.0,33.7,1
Kerala,2016,15.0,26.9,48.7,118.3,229.3,637.8,1169.6,608.1,466.6,236.4,118.3,17.9,3692.8,41.9,396.3,2882.0,372.6,12.0,850.0,23.9,1
Coastal Karnataka,1982,27.6,17.9,48.6,126.9,250.2,812.3,663.6,859.3,261.6,176.4,88.3,20.3,3353.0,45.6,425.6,2596.7,285.1,13.1,250.0,23.2,1
Tamil Nadu,2007,12.8,10.8,29.8,0.0,173.3,263.8,580.9,303.0,341.2,217.9,41.8,8.5,1983.8,23.6,203.0,1488.9,268.2,44.5,80.0,36.0,1
Kerala,1985,19.6,28.0,49.5,112.7,282.8,776.6,952.4,626.9,531.0,263.8,75.0,46.5,3764.9,47.5,445.0,2886.9,385.4,12.0,15.0,33.5,1
Gangetic West Bengal,2003,14.1,3.8,39.0,91.7,82.1,635.3,529.4,669.1,341.8,187.8,32.3,29.1,2655.5,17.8,212.8,2175.6,249.2,23.4,850.0,31.1,1
Gujarat Region,1988,0.0,24.7,22.6,51.4,167.8,356.2,379.4,290.7,155.9,208.5,61.2,3.5,1721.9,24.7,241.8,1182.2,273.2,59.9,80.0,30.2,1
Coastal Karnataka,1984,13.2,13.1,50.9,40.8,282.9,613.0,668.1,796.7,423.5,194.8,72.3,7.2,3176.4,26.3,374.6,2501.2,274.2,12.7,500.0,33.6,1
Coastal Karnataka,2016,20.8,29.0,27.6,101.8,232.6,628.1,790.2,750.3,389.0,191.2,154.3,14.9,3329.5,49.7,361.9,2557.5,360.4,12.0,30.0,32.3,1
Gujarat Region,2001,0.0,4.7,42.1,25.9,187.1,202.9,668.3,212.5,314.8,111.5,112.5,32.2,1914.5,4.7,255.1,1398.6,256.2,44.2,850.0,31.9,0
Sub-Himalayan West Bengal,2009,13.1,1.7,20.7,57.5,118.3,554.8,607.2,432.2,135.3,42.1,95.3,13.3,2091.7,14.8,196.6,1729.5,150.7,40.9,80.0,29.7,1
Bihar,1982,10.5,17.9,40.5,17.0,134.8,592.2,589.8,639.1,222.5,197.6,71.5,17.6,2551.0,28.4,192.3,2043.6,286.7,23.8,30.0,34.9,1
Bihar,2016,12.1,34.9,17.9,72.3,170.8,467.0,441.7,180.2,360.0,136.4,88.4,7.5,1989.3,46.9,261.1,1448.9,232.4,46.7,30.0,36.9,1
Kerala,1981,17.2,29.3,47.1,114.2,168.3,589.4,943.4,732.4,502.6,238.8,94.4,28.4,3505.5,46.5,329.6,2767.8,361.5,12.0,15.0,34.4,1
East Uttar Pradesh,2019,0.0,4.0,52.8,49.0,140.3,473.2,624.4,510.1,302.6,205.5,109.1,1.7,2472.8,4.0,242.1,1910.3,316.4,37.4,850.0,31.9,0
Konkan & Goa,1981,13.9,25.4,75.8,79.1,283.5,411.4,1009.9,695.0,357.1,231.2,53.1,22.4,3257.7,39.3,438.3,2473.4,306.7,12.0,80.0,31.2,1
Kerala,1995,23.9,25.9,34.3,104.5,260.7,902.6,909.1,638.4,355.6,178.3,78.3,23.5,3535.1,49.9,399.6,2805.6,280.1,12.0,500.0,25.6,1
Rayalseema,1982,6.6,9.1,29.1,86.5,230.9,493.3,614.8,214.2,208.9,202.4,88.0,4.6,2188.3,15.7,346.5,1531.2,294.9,46.9,850.0,30.7,1
Odisha,2003,1.2,0.0,46.3,10.6,203.2,372.4,680.1,344.0,394.2,163.7,108.5,13.7,2337.8,1.2,260.1,1790.7,285.9,36.5,250.0,36.6,1
Gujarat Region,2015,13.7,20.5,29.8,30.0,160.5,442.1,600.7,335.0,335.3,54.7,75.4,13.6,2111.2,34.2,220.4,1713.0,143.7,37.1,250.0,34.1,1
Sub-Himalayan West Bengal,1992,15.5,30.6,23.5,56.4,212.9,308.3,742.7,426.4,254.9,123.1,70.2,16.7,2281.2,46.1,292.8,1732.2,210.0,39.6,15.0,27.6,1
Coastal Karnataka,1989,12.0,32.3,30.0,129.8,262.8,564.7,752.9,775.2,350.7,125.3,26.0,38.8,3100.5,44.3,422.6,2443.5,190.1,15.6,80.0,29.1,1
East Uttar Pradesh,1989,15.3,24.3,40.7,77.0,131.8,327.7,379.9,636.1,310.4,166.7,42.3,18.2,2170.4,39.6,249.6,1654.1,227.2,57.1,250.0,32.5,1
Tamil Nadu,2020,1.7,22.9,38.1,32.7,174.5,524.4,613.6,432.7,310.4,135.8,62.1,16.4,2365.4,24.5,245.3,1881.2,214.3,36.7,30.0,27.2,1
Bihar,2007,2.2,6.7,18.9,88.7,140.8,511.8,415.5,522.0,186.9,198.3,41.0,27.0,2159.9,9.0,248.4,1636.3,266.3,34.0,250.0,24.7,1
Kerala,1997,9.0,31.3,24.8,92.6,179.8,606.1,774.5,600.6,307.4,271.0,82.3,16.3,2995.7,40.3,297.2,2288.7,369.5,17.7,15.0,28.9,1
Kerala,1996,16.6,30.5,45.4,70.9,225.1,690.6,846.6,846.1,321.6,295.8,151.2,31.2,3571.6,47.1,341.5,2704.9,478.2,12.0,250.0,33.0,1
Tamil Nadu,2004,0.0,6.2,14.8,82.0,193.8,306.0,413.6,369.6,390.9,53.3,81.6,14.5,1926.3,6.2,290.5,1480.2,149.4,47.0,850.0,24.4,0
Konkan & Goa,1999,14.4,32.2,40.0,123.2,270.3,521.1,971.0,693.0,337.3,292.1,137.5,9.9,3441.7,46.6,433.4,2522.3,439.4,12.0,30.0,24.7,1
East Uttar Pradesh,1986,18.6,8.7,12.8,56.2,131.2,321.8,505.9,556.5,254.4,161.9,65.9,0.0,2093.7,27.3,200.1,1638.6,227.8,43.7,80.0,23.3,1
Gangetic West Bengal,2020,14.9,7.9,10.3,37.6,142.8,541.0,686.9,498.9,368.2,117.9,96.5,27.6,2550.3,22.8,190.7,2095.0,241.9,24.9,15.0,30.8,1
Assam & Meghalaya,2008,0.0,25.1,58.4,85.9,242.8,682.5,875.6,650.8,436.5,303.5,89.2,32.3,3482.7,25.1,387.2,2645.3,425.1,12.0,15.0,36.2,1
Bihar,2011,9.2,6.6,19.7,59.3,153.3,94.0,409.1,356.7,368.8,130.9,110.0,5.7,1723.5,15.8,232.4,1228.6,246.7,58.6,250.0,30.4,1
Assam & Meghalaya,2001,13.0,22.5,51.7,86.5,333.4,685.7,862.2,649.1,454.2,212.4,85.4,24.7,3480.7,35.5,471.6,2651.1,322.5,12.0,250.0,35.1,1
East Uttar Pradesh,2007,18.3,11.9,13.1,91.8,246.1,331.2,721.9,555.7,373.5,144.3,97.1,5.9,2610.9,30.2,351.0,1982.3,247.4,33.4,500.0,34.7,1
Kerala,2011,10.5,22.0,45.6,75.8,207.9,753.4,803.1,876.8,388.9,232.9,95.8,30.0,3542.6,32.5,329.3,2822.2,358.6,12.0,30.0,25.5,1
Odisha,1995,19.8,25.3,20.9,37.9,175.7,415.4,756.0,406.0,102.1,180.0,35.8,14.6,2189.4,45.1,234.4,1679.5,230.4,30.1,250.0,27.0,1
Odisha,1994,14.9,12.5,17.3,34.6,158.4,239.3,543.4,614.8,361.6,172.3,55.8,19.0,2243.9,27.3,210.3,1759.2,247.1,31.8,30.0,26.7,1
Rayalseema,1996,9.3,19.3,58.3,25.7,137.9,387.7,496.8,65.0,214.7,220.4,43.5,0.0,1678.6,28.6,221.9,1164.1,263.9,55.6,500.0,34.7,0
Bihar,2010,14.7,23.0,24.2,78.8,117.6,502.7,578.5,445.9,221.9,215.5,51.3,20.8,2294.8,37.7,220.6,1749.0,287.6,43.1,15.0,30.0,1
Bihar,1999,9.0,19.2,9.7,39.1,182.7,300.9,703.2,441.2,166.2,108.0,62.0,21.4,2062.7,28.2,231.5,1611.6,191.4,33.5,30.0,31.5,1
Sub-Himalayan West Bengal,2012,4.4,15.4,32.8,56.4,90.7,646.4,403.9,435.9,260.8,154.6,44.5,1.6,2147.3,19.8,179.8,1747.0,200.7,40.3,250.0,23.6,1
Gangetic West Bengal,2004,19.3,21.0,42.1,33.7,29.1,330.1,628.9,551.1,381.8,191.3,63.3,0.0,2291.7,40.3,104.9,1891.9,254.6,28.9,500.0,34.9,1
Bihar,2010,6.8,21.3,18.9,99.7,140.8,373.2,546.5,513.0,247.5,137.6,140.5,22.7,2268.6,28.1,259.4,1680.3,300.8,36.7,30.0,36.3,1
Konkan & Goa,2023,26.3,21.0,55.0,114.2,222.2,872.4,1045.7,636.7,394.2,264.8,126.6,17.6,3796.8,47.4,391.4,2949.0,409.0,12.0,15.0,28.1,1
Tamil Nadu,1993,12.7,7.3,35.1,59.0,83.6,44.0,244.8,398.1,229.0,251.5,76.0,11.6,1452.5,19.9,177.7,915.8,339.1,58.2,15.0,30.7,1
Tamil Nadu,2006,15.3,14.1,44.6,90.0,201.4,515.1,683.1,479.1,142.4,119.4,62.1,16.0,2382.5,29.4,335.9,1819.6,197.6,26.5,500.0,23.5,1
Coastal Karnataka,2015,18.5,28.0,28.8,104.1,202.4,408.7,886.5,516.3,357.9,178.4,132.6,33.1,2895.2,46.5,335.3,2169.4,344.1,12.0,80.0,26.0,1
Assam & Meghalaya,1982,10.1,23.6,49.7,121.5,288.2,551.5,976.1,762.1,299.1,246.8,106.8,19.4,3454.9,33.6,459.5,2588.8,373.0,12.0,850.0,35.9,1
Bihar,2021,11.1,17.1,25.2,65.2,96.7,347.9,883.0,361.1,308.1,166.0,75.3,16.0,2372.7,28.2,187.2,1900.1,257.3,21.7,250.0,25.1,1
Rayalseema,2006,13.3,6.9,18.8,60.2,180.5,336.0,547.1,490.2,230.4,160.8,85.8,12.7,2142.9,20.2,259.5,1603.7,259.4,40.7,15.0,23.8,1
Odisha,2014,4.4,6.2,13.3,33.6,124.6,459.6,375.8,396.7,368.4,142.8,44.7,18.1,1988.2,10.6,171.4,1600.6,205.6,56.1,250.0,23.9,1
Gangetic West Bengal,1984,6.7,24.2,37.8,50.0,218.0,604.2,629.8,619.4,413.7,238.5,76.1,0.0,2918.3,30.9,305.8,2267.0,314.6,20.9,15.0,35.7,1
Bihar,2006,15.9,7.7,35.2,30.6,207.6,373.5,305.9,395.1,311.9,188.7,22.0,2.9,1897.3,23.6,273.5,1386.5,213.7,48.7,850.0,30.9,0
Gangetic West Bengal,2020,11.2,16.2,32.4,75.3,252.5,415.0,671.0,544.3,104.1,190.3,26.6,15.7,2354.7,27.4,360.2,1734.4,232.6,42.4,500.0,31.8,1
Gujarat Region,2012,11.2,22.2,39.0,66.8,134.5,391.7,764.1,463.8,279.7,196.9,73.5,23.3,2466.7,33.4,240.4,1899.2,293.7,23.9,30.0,23.5,1
Gujarat Region,2003,4.7,7.7,15.7,77.0,75.9,410.8,580.4,274.5,140.8,225.3,94.4,30.7,1937.8,12.3,168.6,1406.5,350.4,41.1,80.0,34.3,1
Gangetic West Bengal,1998,13.9,17.0,61.4,0.0,173.6,491.5,489.2,460.0,98.3,186.4,95.8,18.9,2106.1,30.9,235.0,1539.0,301.1,48.1,80.0,26.2,1
Gangetic West Bengal,1999,8.2,16.4,39.1,51.6,98.0,329.5,623.5,114.3,397.4,41.8,15.9,15.8,1751.5,24.6,188.7,1464.7,73.5,47.1,850.0,31.9,0
Assam & Meghalaya,2005,20.3,21.7,47.3,73.1,326.2,391.9,941.6,679.5,479.1,187.2,118.3,39.7,3325.9,42.0,446.5,2492.1,345.2,12.0,30.0,23.6,1
Sub-Himalayan West Bengal,1987,0.8,6.2,55.4,84.1,110.3,496.9,660.4,349.6,268.7,135.7,66.0,20.7,2254.8,7.1,249.8,1775.5,222.4,33.0,850.0,28.8,0
Assam & Meghalaya,1994,12.3,23.8,61.6,77.3,223.0,728.1,858.2,862.6,491.2,297.1,90.9,25.6,3751.7,36.1,361.9,2940.1,413.6,12.0,15.0,36.6,1
Coastal Karnataka,1987,20.5,27.0,54.0,75.5,271.4,615.3,722.3,746.2,422.1,288.4,141.7,20.1,3404.5,47.6,400.9,2505.9,450.2,12.0,80.0,34.1,1
Sub-Himalayan West Bengal,2019,13.8,25.1,42.0,117.7,142.5,401.2,764.3,510.5,287.6,91.0,115.0,0.0,2510.7,38.9,302.2,1963.6,206.0,23.5,500.0,25.7,1
Sub-Himalayan West Bengal,2019,7.0,10.5,7.9,32.2,99.2,350.3,356.3,427.5,256.0,188.8,16.8,31.3,1783.7,17.4,139.3,1390.0,237.0,54.7,850.0,34.1,0
Tamil Nadu,2023,16.3,27.1,0.0,89.4,203.9,399.5,429.8,509.7,257.6,153.6,83.7,21.7,2192.4,43.4,293.3,1596.7,259.0,43.2,250.0,31.6,1
Gangetic West Bengal,2015,10.0,14.1,50.1,44.6,129.8,302.6,292.9,632.3,64.2,123.0,55.5,17.9,1737.1,24.1,224.6,1292.0,196.4,53.9,15.0,34.8,1
Kerala,2013,15.9,29.3,20.8,61.7,298.6,663.7,852.9,595.0,514.1,252.9,127.1,38.1,3470.0,45.2,381.1,2625.7,418.1,12.0,30.0,31.1,1
Assam & Meghalaya,2007,18.4,25.5,58.5,60.6,214.6,644.9,793.5,776.1,552.1,248.6,136.9,44.5,3574.1,43.8,333.6,2766.6,430.0,12.0,80.0,34.7,1
Rayalseema,1981,19.9,19.4,37.1,91.7,159.8,283.1,362.2,361.6,278.7,183.4,41.5,10.1,1848.6,39.3,288.6,1285.7,235.1,60.5,30.0,28.7,1
Tamil Nadu,1982,12.8,6.5,36.4,71.7,246.7,503.1,359.6,554.3,248.3,124.5,69.4,6.9,2240.0,19.3,354.8,1665.2,200.7,50.3,30.0,25.0,1
Tamil Nadu,2021,13.1,22.9,41.3,5.7,155.2,274.7,665.9,425.4,214.3,107.0,127.0,15.9,2068.5,36.0,202.3,1580.4,249.8,35.3,15.0,31.9,1
Coastal Karnataka,1997,17.2,26.1,40.6,82.2,223.4,681.3,905.5,692.0,518.6,200.1,140.2,44.1,3571.3,43.3,346.2,2797.5,384.3,12.0,850.0,32.1,1
Kerala,1994,11.3,41.2,22.5,83.9,237.9,654.7,673.3,513.3,418.7,203.3,82.3,15.7,2958.0,52.4,344.3,2259.9,301.4,21.0,80.0,33.2,1
Odisha,2019,12.7,20.2,23.9,53.4,146.7,392.4,511.9,412.5,298.2,153.0,45.1,0.2,2070.3,32.9,224.0,1615.0,198.4,36.4,30.0,23.6,1
Bihar,2012,9.6,6.9,33.4,9.3,194.5,325.1,491.5,487.9,192.1,60.7,134.4,29.4,1974.8,16.5,237.2,1496.6,224.5,42.9,15.0,27.0,1
Gangetic West Bengal,2013,6.6,9.0,49.1,42.8,150.1,520.4,625.8,387.8,204.2,170.6,87.5,32.3,2286.4,15.7,242.0,1738.3,290.4,41.7,80.0,30.7,1
Rayalseema,1993,11.5,1.8,16.9,34.0,148.9,349.3,485.9,566.5,352.4,191.8,77.3,12.9,2249.2,13.3,199.8,1754.1,282.0,37.9,850.0,28.6,0
East Uttar Pradesh,2010,9.0,19.9,14.6,35.0,147.9,484.8,531.7,802.5,173.1,158.3,8.3,31.8,2417.1,29.0,197.5,1992.3,198.4,39.7,850.0,23.6,0
Bihar,1990,7.3,9.5,11.3,52.6,112.8,281.6,297.8,499.9,184.9,198.4,72.2,5.4,1733.7,16.8,176.7,1264.2,276.0,56.7,15.0,25.1,1
Sub-Himalayan West Bengal,2021,18.1,19.5,37.3,69.9,229.0,360.8,768.7,593.4,317.1,97.2,35.8,8.0,2554.9,37.6,336.1,2040.1,141.1,16.6,500.0,32.7,1
Tamil Nadu,2001,17.8,10.3,22.5,38.6,156.4,204.0,534.1,387.2,326.2,138.7,133.5,33.5,2002.8,28.1,217.5,1451.5,305.6,46.2,15.0,26.3,1
Assam & Meghalaya,1986,23.2,33.6,26.5,125.2,219.0,353.5,922.2,660.0,437.0,204.6,86.4,32.1,3123.5,56.8,370.7,2372.8,323.2,12.0,250.0,33.9,1
Rayalseema,2000,6.2,10.4,13.4,74.6,135.8,303.1,470.1,370.9,253.9,110.4,120.8,0.0,1869.4,16.6,223.7,1397.9,231.2,42.6,250.0,24.9,1
Sub-Himalayan West Bengal,2011,18.4,12.6,0.0,79.2,191.9,206.0,545.8,376.8,133.9,129.2,122.4,20.3,1836.6,31.0,271.1,1262.6,271.9,51.8,80.0,24.0,0
Gangetic West Bengal,1982,9.8,5.0,24.1,86.3,51.2,130.3,523.9,275.9,251.8,212.1,58.5,0.0,1629.0,14.9,161.6,1181.9,270.6,52.5,850.0,31.0,0
Tamil Nadu,1987,6.7,14.4,42.2,79.2,129.5,250.8,526.9,276.1,339.7,250.0,36.3,20.1,1972.0,21.1,250.9,1393.5,306.5,44.1,15.0,35.8,1
Coastal Karnataka,2008,20.0,15.0,49.8,93.0,268.8,779.0,903.4,782.5,501.7,226.8,148.9,32.8,3821.6,35.0,411.5,2966.6,408.4,12.0,500.0,36.0,1
Gujarat Region,2015,9.3,6.5,32.5,37.4,138.2,242.8,515.7,345.7,323.2,103.7,85.3,15.8,1856.3,15.8,208.1,1427.5,204.9,41.2,15.0,34.8,1
Gujarat Region,2003,10.8,21.4,37.8,70.6,133.2,55.1,481.8,455.7,454.5,140.1,69.9,20.3,1951.2,32.2,241.6,1447.1,230.3,41.1,250.0,24.7,1
Gangetic West Bengal,1996,18.1,15.0,21.0,29.7,164.5,356.6,497.0,586.7,156.4,135.0,85.0,39.7,2104.8,33.1,215.3,1596.7,259.7,40.4,850.0,30.3,0
Odisha,1996,6.8,14.3,13.1,24.1,186.6,341.9,320.5,303.1,225.7,136.6,98.4,23.8,1694.8,21.2,223.7,1191.2,258.8,59.4,850.0,24.0,0
Coastal Karnataka,2011,22.4,30.2,59.5,69.5,207.0,677.5,901.4,531.6,283.4,180.8,109.3,45.1,3117.7,52.7,336.0,2393.9,335.1,12.0,30.0,36.6,1
Sub-Himalayan West Bengal,1993,10.4,20.2,35.3,50.9,89.7,93.2,391.3,367.7,291.1,220.0,99.3,15.4,1684.6,30.6,175.9,1143.3,334.8,65.4,15.0,30.6,1
Assam & Meghalaya,1984,18.5,18.0,51.7,82.9,309.9,538.4,809.7,649.1,482.5,166.1,91.1,11.1,3228.9,36.5,444.5,2479.6,268.3,12.0,500.0,34.2,1
Coastal Karnataka,2008,24.7,20.3,34.6,100.6,264.7,582.9,825.4,627.8,344.6,278.3,157.4,29.7,3290.9,45.0,399.8,2380.7,465.4,12.0,30.0,29.4,1
Rayalseema,2012,5.4,13.5,44.3,76.3,206.1,487.0,456.5,506.1,83.6,123.0,51.8,24.6,2078.3,19.0,326.6,1533.2,199.5,43.0,850.0,31.6,0
Assam & Meghalaya,2006,13.6,16.2,21.2,92.7,250.4,519.9,1066.4,605.1,333.6,226.8,149.2,16.6,3311.7,29.7,364.4,2524.9,392.7,12.0,80.0,27.6,1
Odisha,2021,11.4,8.1,8.5,74.8,37.7,323.4,591.7,484.6,230.4,218.5,29.2,0.0,2018.4,19.5,121.0,1630.2,247.7,40.3,15.0,28.7,1
East Uttar Pradesh,2002,22.8,19.8,21.2,43.4,171.1,374.8,648.0,532.1,208.2,257.2,47.5,9.0,2355.1,42.6,235.7,1763.1,313.8,30.2,250.0,25.6,1
Tamil Nadu,2006,15.0,18.9,0.6,7.1,94.2,199.6,311.6,585.1,254.9,258.2,96.6,6.8,1848.6,33.9,102.0,1351.2,361.6,54.8,250.0,34.4,1
Odisha,1990,0.0,5.8,18.3,41.2,184.2,398.6,578.0,461.6,220.4,106.7,56.4,0.0,2071.2,5.8,243.7,1658.6,163.1,44.3,80.0,30.2,1
Tamil Nadu,1992,4.3,17.9,19.6,54.5,241.0,406.6,619.8,472.4,186.0,231.6,92.1,14.7,2360.5,22.2,315.1,1684.8,338.5,40.9,850.0,32.9,0
Coastal Karnataka,2017,7.0,16.1,39.1,69.2,243.3,387.3,951.5,892.4,330.1,327.2,140.5,45.8,3449.5,23.1,351.6,2561.3,513.5,12.0,500.0,28.5,1
East Uttar Pradesh,1990,14.1,18.1,43.3,102.3,217.8,629.4,623.3,302.6,154.2,56.4,36.5,2.1,2200.0,32.2,363.4,1709.5,95.0,23.4,80.0,35.1,1
Kerala,1981,14.9,13.7,43.4,129.8,258.8,631.3,842.0,744.1,291.6,241.2,94.8,25.1,3330.8,28.7,432.0,2509.0,361.1,12.7,850.0,28.8,0
Gangetic West Bengal,1980,11.8,3.3,25.6,111.5,143.2,237.7,673.6,455.0,216.2,168.3,65.3,7.0,2118.6,15.1,280.3,1582.6,240.6,41.0,80.0,33.0,1
Coastal Karnataka,1980,17.0,29.0,24.6,24.3,288.0,702.0,850.8,518.8,491.1,282.0,95.9,42.0,3365.6,46.0,336.9,2562.8,419.9,12.0,850.0,35.6,1
Tamil Nadu,2012,12.4,16.9,16.5,83.2,78.1,204.4,449.0,476.4,491.7,41.5,62.7,13.3,1946.0,29.3,177.7,1621.5,117.4,45.0,850.0,33.4,0
Tamil Nadu,2008,0.7,16.7,19.7,52.4,131.5,397.4,513.4,420.9,175.0,188.2,58.3,7.2,1981.6,17.5,203.6,1506.7,253.7,45.3,500.0,28.7,1
East Uttar Pradesh,1986,8.9,17.3,6.6,83.5,160.8,621.9,527.5,504.4,252.0,125.6,96.4,21.6,2426.5,26.2,250.8,1905.9,243.6,34.0,250.0,28.1,1
Odisha,1990,20.5,14.9,10.1,61.3,125.1,557.2,545.9,207.0,83.6,137.7,75.5,22.2,1861.0,35.4,196.4,1393.7,235.4,60.3,850.0,26.4,0
Kerala,1996,8.1,21.2,50.1,98.0,269.0,637.3,689.8,806.1,434.7,316.7,178.1,10.1,3519.3,29.3,417.2,2567.9,504.9,16.2,30.0,31.8,1
Bihar,1987,12.6,5.9,14.7,62.6,222.2,526.4,499.8,352.1,179.8,119.2,87.2,6.6,2089.1,18.6,299.4,1558.1,213.0,45.2,80.0,29.5,1
Bihar,2005,8.0,22.9,27.8,91.1,131.5,221.8,443.2,572.2,121.6,174.2,114.6,20.3,1949.2,30.9,250.4,1358.8,309.2,43.4,500.0,24.8,0
Coastal Karnataka,2009,17.3,31.1,50.4,55.1,257.6,495.8,882.1,662.0,562.9,237.1,127.8,45.9,3425.1,48.5,363.1,2602.8,410.8,14.5,30.0,32.3,1
Coastal Karnataka,1995,11.6,28.4,45.9,102.8,283.9,632.1,819.2,563.6,511.7,150.1,71.5,19.7,3240.4,40.0,432.6,2526.5,241.3,18.9,850.0,30.5,1
Bihar,2014,12.4,8.8,17.6,35.4,146.8,574.5,679.7,394.3,472.1,118.7,120.4,4.0,2584.5,21.2,199.8,2120.5,243.0,29.2,80.0,24.0,1
Gujarat Region,1998,5.2,24.8,30.0,34.5,168.1,439.5,468.0,416.1,139.3,151.2,38.0,19.0,1933.7,30.0,232.6,1462.9,208.2,52.0,30.0,31.4,1
East Uttar Pradesh,2019,8.3,16.6,25.0,45.6,91.1,456.4,277.9,574.7,317.0,102.6,108.4,14.2,2037.8,25.0,161.7,1625.9,225.2,46.1,500.0,29.0,0
Rayalseema,2014,11.7,7.9,30.2,49.5,222.7,271.6,462.2,178.7,222.4,175.4,65.5,23.2,1721.0,19.6,302.4,1134.9,264.1,58.5,30.0,36.1,0
Coastal Karnataka,1986,10.4,11.8,54.9,127.2,311.7,720.8,719.5,729.4,522.1,322.0,125.0,26.9,3681.4,22.1,493.7,2691.8,473.9,12.0,250.0,36.6,1
Konkan & Goa,1982,23.5,23.9,81.4,75.2,267.7,572.5,979.8,502.4,524.5,291.3,129.8,29.6,3501.6,47.4,424.3,2579.2,450.8,12.0,250.0,29.8,1
Gangetic West Bengal,1984,21.5,12.7,22.5,84.3,114.4,524.8,373.9,445.0,296.7,258.2,64.9,15.7,2234.7,34.2,221.2,1640.4,338.8,40.3,850.0,26.8,0
Tamil Nadu,1997,8.5,19.6,15.0,5.0,162.4,216.8,664.8,350.7,269.1,261.3,119.9,8.7,2101.7,28.1,182.3,1501.4,389.9,36.3,500.0,27.4,1
Bihar,1996,7.1,12.3,30.4,71.0,117.6,465.5,388.7,457.3,327.4,147.0,112.1,26.4,2162.7,19.3,218.9,1638.9,285.5,41.1,850.0,26.1,0
Konkan & Goa,1991,11.3,26.6,52.6,98.1,330.1,625.3,813.6,839.4,379.3,221.2,153.9,9.7,3561.0,37.9,480.7,2657.6,384.8,12.0,80.0,32.5,1
Gangetic West Bengal,1989,2.1,5.3,46.9,52.3,125.3,547.7,506.8,366.6,244.6,139.2,38.3,23.9,2098.9,7.3,224.4,1665.7,201.4,42.3,500.0,28.0,1
Sub-Himalayan West Bengal,1998,11.0,11.3,41.0,100.0,194.6,248.8,891.2,318.3,259.3,142.1,113.1,30.2,2360.9,22.2,335.6,1717.6,285.4,16.6,30.0,31.8,1
Odisha,2017,12.3,7.1,19.2,99.5,151.7,686.8,675.5,288.2,81.0,80.1,36.0,18.0,2155.5,19.3,270.4,1731.6,134.1,24.0,30.0,25.4,1
East Uttar Pradesh,2006,12.2,17.4,32.3,40.0,98.5,392.4,538.5,317.7,468.3,172.5,70.8,12.3,2173.0,29.7,170.8,1716.9,255.6,42.1,850.0,33.5,0
Sub-Himalayan West Bengal,1994,8.6,9.0,35.7,70.9,123.2,464.5,595.2,386.6,182.8,210.6,83.9,0.0,2171.1,17.6,229.8,1629.1,294.6,39.6,250.0,36.3,1
Gujarat Region,2021,8.0,0.0,58.2,60.4,145.9,410.4,732.1,477.1,358.3,170.0,48.0,20.7,2489.0,8.0,264.6,1977.8,238.7,25.3,80.0,25.1,1
Bihar,2001,13.1,6.9,20.4,45.3,193.7,329.9,528.0,506.0,460.0,171.4,112.2,23.9,2410.8,20.0,259.4,1823.8,307.6,31.1,30.0,35.7,1
Rayalseema,1980,9.1,23.1,20.4,44.2,222.7,533.5,400.3,258.5,257.0,150.8,43.1,23.7,1986.4,32.2,287.2,1449.3,217.6,49.6,30.0,33.2,1
Konkan & Goa,1991,18.0,20.8,39.3,62.8,63.5,613.7,774.3,904.7,253.2,257.0,91.4,30.6,3129.2,38.8,165.6,2545.9,379.0,12.0,500.0,31.8,1
Tamil Nadu,1998,8.5,32.4,29.7,113.8,187.3,401.3,497.6,671.7,277.7,160.5,46.1,23.2,2449.5,40.8,330.7,1848.2,229.7,37.6,500.0,35.1,1
Gangetic West Bengal,1980,3.1,17.9,37.8,51.8,163.1,366.9,652.7,417.6,267.6,137.6,37.1,19.8,2173.0,21.0,252.7,1704.9,194.5,39.3,250.0,32.2,1
Konkan & Goa,2023,16.6,20.2,56.3,114.7,288.2,626.3,772.6,739.5,438.8,194.7,134.8,24.1,3427.0,36.9,459.3,2577.2,353.7,12.0,250.0,31.2,1
Gangetic West Bengal,1984,11.5,16.9,30.8,78.8,118.8,342.4,642.7,562.6,257.3,104.2,98.6,6.1,2270.6,28.4,228.4,1805.0,208.9,38.4,15.0,24.6,1
Sub-Himalayan West Bengal,1995,6.6,18.1,14.4,50.4,245.7,344.3,447.6,202.2,263.0,101.1,68.4,23.4,1785.4,24.8,310.5,1257.2,192.9,56.4,500.0,35.2,0
Kerala,2024,7.2,29.1,61.1,117.4,168.0,576.1,772.0,717.6,443.6,274.8,121.8,27.0,3315.8,36.3,346.6,2509.4,423.6,12.0,850.0,24.8,1
Coastal Karnataka,1992,15.3,18.2,34.9,65.2,206.8,648.7,721.8,724.7,404.9,312.5,70.5,35.1,3258.6,33.5,306.9,2500.1,418.1,12.0,500.0,27.4,1
East Uttar Pradesh,2024,16.8,22.9,60.7,88.4,97.7,644.4,463.3,423.5,411.0,249.6,22.4,19.7,2520.5,39.7,246.8,1942.2,291.8,38.1,850.0,23.7,0
Gangetic West Bengal,1997,3.7,18.8,32.7,87.0,243.2,273.4,543.4,406.9,360.0,148.6,22.4,16.2,2156.2,22.4,362.9,1583.7,187.2,45.3,250.0,33.0,1
Bihar,1983,1.7,9.3,23.0,49.2,166.5,329.9,499.6,386.9,323.1,241.8,40.4,5.7,2076.9,11.0,238.6,1539.4,287.8,50.8,500.0,33.6,0
Gujarat Region,2015,2.0,17.7,34.5,80.2,210.6,501.9,527.6,812.2,207.6,172.3,116.8,12.7,2696.1,19.6,325.3,2049.4,301.8,24.1,850.0,34.3,0
Konkan & Goa,2006,19.8,11.7,66.3,56.2,357.0,572.7,871.8,811.3,516.9,174.4,136.7,31.6,3626.4,31.5,479.6,2772.7,342.6,12.0,250.0,28.2,1
Gujarat Region,1987,5.3,8.9,23.7,21.6,62.8,462.8,321.9,433.5,266.3,131.8,65.6,12.0,1816.3,14.2,108.2,1484.5,209.4,55.4,30.0,31.4,1
Sub-Himalayan West Bengal,2014,6.6,9.2,32.0,110.4,187.1,217.2,284.0,504.9,345.8,83.3,97.8,12.5,1890.9,15.9,329.6,1351.9,193.6,55.3,15.0,25.2,1
Coastal Karnataka,1980,6.3,24.4,61.1,84.3,219.7,714.3,902.4,535.6,539.5,203.1,79.4,40.8,3410.8,30.7,365.0,2691.8,323.3,12.0,500.0,28.3,1
Tamil Nadu,1984,15.3,30.4,50.9,72.9,64.6,336.9,598.3,204.4,249.5,250.3,70.4,17.9,1961.9,45.7,188.5,1389.0,338.7,51.8,30.0,24.4,1
Bihar,1984,12.4,5.9,47.6,26.0,186.8,327.4,472.8,506.2,114.5,235.1,52.0,27.6,2014.2,18.3,260.4,1420.8,314.6,38.4,30.0,32.2,1
Rayalseema,1985,9.5,8.0,24.9,40.6,150.4,338.1,572.6,500.3,356.5,137.7,15.8,19.7,2174.1,17.5,215.8,1767.5,173.2,41.6,250.0,36.8,0
Assam & Meghalaya,1985,14.8,41.6,56.0,110.4,215.6,547.2,535.7,551.6,321.7,389.6,89.7,41.1,2915.1,56.5,382.0,1956.2,520.4,44.0,15.0,29.5,1
Assam & Meghalaya,2021,11.0,17.5,46.6,78.4,172.5,528.5,1135.9,888.4,393.0,289.6,60.7,34.2,3656.3,28.6,297.5,2945.8,384.5,12.0,250.0,26.5,1
Sub-Himalayan West Bengal,2008,23.8,29.5,26.8,106.4,90.4,313.9,378.5,469.6,165.6,134.3,2.9,24.6,1766.3,53.3,223.6,1327.6,161.8,51.0,80.0,31.2,1
Sub-Himalayan West Bengal,2012,6.7,16.8,18.7,43.7,179.7,473.3,676.3,402.7,141.0,280.9,44.7,19.4,2303.8,23.5,242.0,1693.2,345.0,28.2,250.0,31.6,0
Bihar,2014,9.8,22.9,43.9,133.5,152.8,413.1,637.0,636.4,248.6,233.1,96.8,25.4,2653.3,32.7,330.2,1935.1,355.3,29.0,15.0,30.2,1
Coastal Karnataka,1992,8.0,12.4,14.6,105.1,259.3,612.2,743.8,575.5,417.4,333.3,156.1,36.1,3273.6,20.3,378.9,2348.9,525.5,17.5,15.0,30.2,1
Konkan & Goa,1997,5.6,28.7,70.0,137.2,204.0,591.7,654.9,692.4,272.0,289.2,133.5,16.9,3096.0,34.3,411.2,2210.9,439.6,18.5,30.0,23.4,1
Assam & Meghalaya,1998,12.9,30.6,73.2,126.5,174.4,606.8,1037.5,870.7,450.5,290.7,114.2,16.3,3804.4,43.5,374.2,2965.6,421.1,12.0,500.0,23.7,1
Tamil Nadu,2021,10.7,11.8,62.6,41.7,180.4,338.0,468.3,453.9,194.2,107.2,60.6,18.2,1947.6,22.5,284.6,1454.4,186.0,58.3,15.0,34.5,1
Tamil Nadu,1993,6.5,13.9,0.0,37.5,234.5,101.8,580.6,494.1,156.4,36.8,79.0,24.1,1765.1,20.4,272.0,1332.8,139.9,38.7,250.0,26.6,1
Tamil Nadu,1989,4.3,21.9,26.0,46.1,170.5,401.0,451.4,330.3,329.5,133.0,32.8,22.2,1968.9,26.2,242.6,1512.1,188.0,41.9,500.0,25.9,0
Odisha,2008,4.6,8.4,29.0,82.7,118.3,320.5,398.6,309.5,241.1,180.1,62.6,21.3,1776.6,13.0,230.0,1269.7,263.9,54.3,850.0,35.4,0
Gujarat Region,2001,7.1,16.2,24.0,112.7,72.3,552.4,285.7,309.8,94.2,196.5,38.3,18.3,1727.6,23.4,209.0,1242.0,253.2,60.0,850.0,36.5,0
Gujarat Region,1988,7.7,24.5,36.6,34.2,214.5,246.7,524.1,464.0,170.7,227.6,82.9,0.9,2034.3,32.1,285.2,1405.5,311.4,33.3,80.0,24.8,1
Rayalseema,2012,8.9,2.6,46.8,73.3,179.5,379.3,193.6,479.7,209.5,267.9,59.6,31.3,1931.9,11.5,299.6,1262.0,358.9,58.2,30.0,29.4,1
Assam & Meghalaya,2016,23.7,27.7,26.6,96.3,262.8,616.8,716.9,905.0,546.6,198.7,108.4,32.1,3561.8,51.4,385.8,2785.4,339.2,12.0,15.0,35.2,1
Assam & Meghalaya,2017,21.3,32.2,26.3,68.3,217.7,424.4,739.4,782.6,363.2,243.4,130.1,1.2,3050.1,53.6,312.3,2309.5,374.7,12.5,80.0,31.8,1
Coastal Karnataka,2010,0.0,20.8,44.3,59.0,226.8,605.8,989.5,651.2,341.1,255.6,87.1,36.2,3317.5,20.8,330.1,2587.7,378.8,12.0,30.0,33.6,1
Odisha,1996,15.8,14.8,48.8,74.8,159.7,240.5,394.7,493.0,334.1,137.3,75.4,35.5,2024.4,30.5,283.3,1462.3,248.2,45.9,850.0,35.4,0
Konkan & Goa,1990,26.2,0.0,53.0,107.2,267.5,613.2,753.4,491.6,458.8,255.3,70.5,44.1,3140.7,26.2,427.7,2316.9,369.8,12.0,15.0,33.4,1
Bihar,2013,17.0,0.0,27.4,39.4,158.4,212.1,293.3,550.2,37.1,68.0,81.8,16.6,1501.3,17.0,225.2,1092.7,166.5,70.8,80.0,26.5,1
Tamil Nadu,1980,6.8,6.5,21.6,53.5,210.4,439.7,515.7,380.9,93.5,244.2,97.9,11.7,2082.4,13.3,285.6,1429.8,353.7,46.4,500.0,36.8,0
Odisha,1980,22.5,17.8,43.0,61.9,70.1,357.9,620.4,362.6,311.5,230.4,90.6,27.2,2216.0,40.3,175.1,1652.4,348.2,23.3,250.0,35.0,1
Kerala,2000,31.7,17.6,25.5,82.8,150.9,631.6,704.4,805.3,298.2,259.7,126.3,40.1,3174.1,49.3,259.2,2439.5,426.0,28.7,250.0,23.2,1
Coastal Karnataka,2011,9.0,29.1,22.7,73.1,238.4,735.0,647.8,777.4,267.0,260.5,147.2,42.1,3249.4,38.1,334.2,2427.1,449.9,12.0,80.0,33.1,1
Rayalseema,2007,12.7,19.3,3.6,20.1,144.6,204.5,334.9,368.6,330.4,33.8,112.6,38.3,1623.4,32.0,168.3,1238.4,184.7,58.0,500.0,25.8,0
Bihar,1988,6.4,13.0,43.4,76.6,156.3,362.5,858.9,527.6,369.1,198.8,41.5,15.0,2669.1,19.4,276.3,2118.1,255.3,15.4,80.0,28.5,1
Odisha,2017,13.9,21.0,36.4,78.7,123.8,262.4,587.1,415.0,295.0,182.2,106.7,13.1,2135.4,34.9,238.9,1559.6,302.0,44.3,850.0,24.2,0
East Uttar Pradesh,1988,0.0,25.8,47.8,66.7,82.3,297.5,572.9,523.2,220.6,194.7,80.4,6.4,2118.4,25.8,196.8,1614.2,281.6,46.2,850.0,25.7,0
Sub-Himalayan West Bengal,2011,5.4,21.8,19.9,34.2,199.5,580.6,348.9,326.4,321.7,161.5,53.8,29.5,2103.2,27.1,253.6,1577.5,244.8,44.8,500.0,34.9,0
Bihar,2004,6.8,17.8,0.0,55.0,177.0,282.7,660.4,423.0,190.1,117.7,36.8,28.2,1995.5,24.6,232.1,1556.2,182.7,43.5,30.0,32.4,1
Odisha,2019,0.0,13.2,22.2,27.2,229.4,441.3,702.9,396.9,244.2,104.9,49.6,14.6,2246.5,13.2,278.8,1785.2,169.2,31.9,15.0,26.0,1
Coastal Karnataka,1982,6.9,22.9,5.3,76.6,199.0,521.1,463.0,775.2,229.3,230.1,64.5,21.8,2615.7,29.8,280.9,1988.6,316.4,26.6,500.0,33.4,1
Bihar,2006,11.2,25.0,14.4,55.3,182.9,133.8,771.5,556.8,165.1,74.2,23.2,16.3,2029.7,36.2,252.6,1627.2,113.7,24.5,30.0,27.6,1
Sub-Himalayan West Bengal,2021,7.7,3.7,0.0,32.9,205.0,186.6,279.6,427.8,250.4,117.0,67.8,8.9,1587.4,11.4,237.9,1144.4,193.7,65.5,850.0,32.7,0
East Uttar Pradesh,1995,7.7,8.0,32.1,37.9,169.6,588.1,580.1,326.8,230.5,178.8,64.6,14.8,2239.0,15.6,239.6,1725.5,258.2,44.6,850.0,35.0,0
Rayalseema,2019,7.0,24.8,57.7,95.3,171.3,400.3,203.2,566.5,368.3,161.9,68.8,11.7,2136.8,31.8,324.3,1538.2,242.5,52.0,15.0,33.1,1
Gangetic West Bengal,1986,18.1,13.2,22.5,77.1,220.4,329.2,619.0,517.7,236.3,209.9,20.5,13.7,2297.7,31.3,320.0,1702.2,244.2,33.2,30.0,25.6,1
Rayalseema,1990,5.6,5.8,19.4,38.4,208.1,341.1,499.9,392.2,346.1,158.2,52.2,29.1,2096.1,11.4,265.9,1579.3,239.5,36.8,30.0,34.9,1
Bihar,2019,11.4,7.8,22.1,53.8,94.6,462.5,385.8,508.5,10.0,127.6,44.3,10.5,1738.8,19.2,170.5,1366.7,182.4,51.2,850.0,28.7,0
Coastal Karnataka,1996,20.0,22.3,54.4,120.8,316.5,506.5,738.6,965.7,345.3,210.3,50.7,35.3,3386.4,42.3,491.7,2556.0,296.4,12.0,80.0,24.4,1
East Uttar Pradesh,1982,10.0,14.0,53.9,33.2,174.4,278.8,531.6,257.9,156.2,121.4,42.5,5.9,1679.7,24.1,261.5,1224.4,169.8,46.2,500.0,25.1,0
Gujarat Region,2003,10.1,7.4,43.2,0.0,220.6,300.2,531.2,472.4,250.9,177.8,84.6,14.9,2113.3,17.5,263.8,1554.7,277.3,39.8,80.0,34.5,1
Gujarat Region,1981,17.7,3.8,25.8,57.9,142.8,263.1,655.9,421.0,282.6,349.0,94.5,16.3,2330.5,21.5,226.5,1622.7,459.8,33.7,250.0,23.5,1
Bihar,2013,7.9,3.3,44.7,36.1,159.3,444.2,598.1,540.6,376.3,205.2,3.1,19.4,2438.3,11.3,240.1,1959.2,227.7,31.3,850.0,28.7,0
Gangetic West Bengal,2006,9.4,20.5,20.9,74.8,29.5,505.9,357.6,449.2,248.4,206.3,73.4,8.2,2003.9,29.9,125.2,1561.0,287.8,47.9,250.0,31.5,0
Kerala,1996,24.0,23.3,48.8,110.1,237.4,458.1,815.5,696.9,454.5,229.1,49.0,23.2,3170.0,47.3,396.3,2425.1,301.4,12.0,30.0,36.9,1
Bihar,2001,2.9,11.8,22.4,56.1,225.5,304.6,532.2,395.1,381.0,161.5,93.3,0.3,2186.7,14.7,304.1,1612.9,255.0,42.0,15.0,32.9,1
Assam & Meghalaya,2009,6.1,20.5,45.7,37.9,192.5,589.5,688.1,780.8,391.1,91.1,114.7,38.4,2996.4,26.6,276.0,2449.5,244.2,21.7,15.0,28.9,1
Kerala,2015,13.7,20.1,45.5,106.4,189.3,529.8,588.7,863.1,355.7,276.9,167.9,31.3,3188.5,33.8,341.2,2337.3,476.2,17.2,850.0,36.5,1
Tamil Nadu,2012,15.4,20.0,36.4,21.3,127.6,369.2,696.6,360.1,389.8,67.1,24.2,24.9,2152.6,35.4,185.3,1815.7,116.1,27.6,250.0,29.6,1
Gujarat Region,1993,14.4,5.5,35.2,68.3,194.3,309.6,600.2,432.5,440.5,210.5,108.1,24.4,2443.7,20.0,297.9,1782.8,343.1,39.8,250.0,31.0,1
East Uttar Pradesh,1988,11.4,6.5,32.0,66.2,94.8,462.1,462.5,395.1,269.1,61.8,70.7,3.1,1935.3,17.9,193.0,1588.8,135.6,42.4,250.0,24.3,1
Coastal Karnataka,2000,20.4,24.2,20.4,87.6,279.3,457.0,913.3,726.5,240.7,195.7,119.0,41.9,3126.0,44.6,387.3,2337.5,356.6,16.4,80.0,29.1,1
Coastal Karnataka,2017,14.9,11.8,58.3,87.6,263.6,530.8,677.4,373.7,514.7,216.4,89.9,19.5,2858.5,26.7,409.5,2096.6,325.8,24.4,30.0,33.3,1
Assam & Meghalaya,2014,12.4,10.9,58.8,76.6,199.7,497.1,711.0,550.8,322.2,148.8,97.0,27.7,2713.0,23.3,335.1,2081.1,273.5,23.3,500.0,32.3,1
East Uttar Pradesh,1998,0.5,25.6,17.4,25.8,113.6,413.7,340.3,597.9,213.0,189.1,82.9,23.4,2043.2,26.1,156.9,1564.8,295.3,50.7,80.0,35.8,1
Gujarat Region,1997,0.0,12.8,20.8,78.5,143.4,269.2,783.0,677.6,139.7,231.5,19.4,18.9,2394.7,12.8,242.6,1869.5,269.8,25.9,500.0,34.6,1
Kerala,2001,10.0,19.8,62.1,89.7,242.6,612.6,945.0,846.3,364.6,328.0,118.2,39.3,3678.1,29.8,394.4,2768.5,485.4,12.0,80.0,27.1,1
Sub-Himalayan West Bengal,2003,14.6,30.4,22.8,21.5,102.3,437.8,521.0,373.7,228.2,31.5,104.8,16.6,1905.0,45.0,146.6,1560.6,152.8,40.1,80.0,33.7,1
Tamil Nadu,2010,2.1,12.4,30.5,55.5,154.6,415.4,683.3,185.1,254.0,174.2,79.9,9.9,2057.0,14.6,240.7,1537.8,264.0,34.6,80.0,34.4,1
Sub-Himalayan West Bengal,1992,6.1,4.2,37.8,77.3,114.3,250.1,848.6,255.7,91.6,149.8,34.0,9.4,1878.9,10.3,229.4,1446.0,193.2,43.9,15.0,34.1,0
Gujarat Region,2021,3.1,16.8,32.8,77.6,186.9,276.3,577.5,463.6,221.0,94.1,48.8,9.5,2008.2,19.9,297.3,1538.4,152.5,41.6,500.0,33.7,1
East Uttar Pradesh,2006,10.2,11.5,22.5,55.4,131.2,307.2,828.6,545.8,201.9,68.1,40.3,8.2,2231.0,21.8,209.1,1883.6,116.6,25.7,30.0,33.1,1
East Uttar Pradesh,1983,0.8,16.9,50.8,90.1,145.9,270.1,347.9,638.8,178.5,112.8,70.5,33.6,1956.8,17.8,286.8,1435.3,216.9,53.8,250.0,34.0,1
Coastal Karnataka,2010,24.4,34.3,53.6,125.3,278.7,529.5,635.1,605.7,386.6,352.4,143.6,13.4,3182.8,58.8,457.6,2157.0,509.4,24.4,80.0,25.4,1
Odisha,2010,0.0,6.4,11.9,105.3,210.4,330.2,330.1,303.6,247.3,139.5,59.1,18.8,1762.6,6.4,327.6,1211.2,217.3,56.9,250.0,25.5,0
East Uttar Pradesh,2000,22.5,23.3,28.0,78.7,202.3,318.2,771.3,389.6,249.4,131.9,114.5,25.3,2355.0,45.7,308.9,1728.5,271.8,36.1,80.0,30.6,1
Gujarat Region,2023,10.2,19.0,8.8,56.4,119.5,435.2,521.4,475.7,177.2,212.6,45.4,15.4,2096.7,29.2,184.6,1609.5,273.4,40.4,500.0,34.8,1
Assam & Meghalaya,1980,18.9,22.3,16.8,105.5,227.7,658.9,755.8,521.0,531.1,110.7,111.1,29.8,3109.5,41.1,350.0,2466.8,251.6,19.0,15.0,36.9,1
Kerala,2000,6.1,27.3,55.2,105.1,269.5,500.2,559.3,809.6,230.9,341.3,66.9,23.6,2995.0,33.4,429.8,2100.0,431.8,28.2,500.0,35.4,1
Sub-Himalayan West Bengal,2003,14.2,12.6,48.6,98.8,192.6,457.5,523.6,519.2,327.1,277.1,70.4,16.0,2557.5,26.8,340.0,1827.3,363.5,34.4,15.0,36.9,1
East Uttar Pradesh,1990,16.2,1.7,35.0,39.3,153.4,195.4,650.4,465.2,435.8,169.9,74.1,32.4,2268.8,17.9,227.7,1746.8,276.4,36.6,30.0,26.4,1
Tamil Nadu,1996,8.4,15.2,43.2,52.4,178.1,385.5,369.7,438.1,256.5,74.5,114.0,27.2,1962.7,23.6,273.6,1449.8,215.7,52.7,500.0,36.9,0
Assam & Meghalaya,1997,11.3,26.2,60.8,136.5,239.6,684.7,778.3,720.3,352.1,287.0,151.2,20.8,3468.9,37.6,436.9,2535.4,459.0,12.0,500.0,29.3,1
Kerala,2023,26.5,20.4,63.8,90.0,243.5,422.2,859.1,558.0,435.1,356.7,102.6,28.8,3206.5,46.9,397.3,2274.3,488.0,12.0,15.0,25.9,1
Tamil Nadu,2023,0.0,12.0,26.5,74.4,145.2,442.2,677.6,131.1,229.5,157.7,108.3,19.5,2024.0,12.0,246.1,1480.4,285.5,45.5,850.0,25.0,0
Sub-Himalayan West Bengal,1996,14.6,4.6,10.0,108.3,177.5,263.2,488.5,809.7,227.0,135.2,108.3,0.0,2346.8,19.3,295.8,1788.3,243.5,35.0,30.0,35.5,1
Gujarat Region,1997,1.5,8.6,24.4,23.4,160.5,426.4,433.1,403.8,209.1,181.8,32.5,9.7,1914.8,10.1,208.2,1472.4,224.0,49.5,15.0,25.8,1
Konkan & Goa,2015,18.5,50.3,35.2,102.6,219.4,408.5,822.7,612.3,555.3,219.8,120.1,23.6,3188.5,68.9,357.3,2398.9,363.5,13.2,80.0,29.4,1
Gangetic West Bengal,2015,19.1,10.2,31.9,97.9,130.1,266.8,599.0,621.9,321.4,152.4,74.3,16.5,2341.5,29.4,259.9,1809.0,243.2,33.2,500.0,32.5,1
Rayalseema,2002,17.5,12.5,16.6,23.7,120.1,380.9,664.3,490.4,273.0,140.4,39.2,26.5,2205.2,30.0,160.4,1808.7,206.1,29.2,500.0,29.3,1
Rayalseema,2022,11.9,31.1,43.0,15.3,144.3,560.7,751.3,617.7,217.4,99.3,118.3,25.9,2636.5,43.1,202.6,2147.2,243.6,23.5,500.0,30.5,1
Assam & Meghalaya,2003,12.1,35.9,33.0,62.1,241.2,583.6,830.9,772.8,242.4,245.9,130.6,20.4,3210.8,48.0,336.3,2429.6,396.9,12.0,30.0,32.4,1
Gujarat Region,1999,7.2,32.4,8.6,21.3,123.9,196.7,422.2,214.7,196.1,192.0,103.4,26.8,1545.4,39.6,153.9,1029.7,322.2,65.2,15.0,31.9,1
Coastal Karnataka,2009,20.2,15.9,54.5,93.4,224.3,481.0,761.4,369.6,516.9,216.8,65.0,23.5,2842.7,36.1,372.3,2129.0,305.3,26.9,80.0,26.7,1
Coastal Karnataka,2019,21.2,10.7,59.1,72.0,270.2,559.0,838.9,658.2,144.6,139.9,117.4,13.5,2904.6,31.9,401.3,2200.7,270.7,15.9,80.0,33.0,0
Sub-Himalayan West Bengal,1986,10.1,21.5,26.7,61.1,25.7,234.2,346.1,536.1,211.8,218.5,42.8,16.3,1750.8,31.6,113.5,1328.2,277.6,55.9,15.0,29.2,1
Sub-Himalayan West Bengal,2023,14.6,7.6,23.4,73.6,188.5,574.5,580.6,648.2,10.0,109.7,50.3,18.5,2299.5,22.2,285.5,1813.3,178.5,31.0,15.0,33.6,1
Rayalseema,2016,26.0,17.5,4.0,76.0,161.2,591.6,757.8,499.5,302.3,88.4,86.0,19.2,2629.6,43.5,241.1,2151.3,193.6,12.0,500.0,31.6,1
Coastal Karnataka,1991,7.2,33.9,56.0,75.7,239.1,456.2,742.0,616.6,448.7,171.4,158.1,35.6,3040.4,41.1,370.8,2263.4,365.1,15.7,500.0,32.9,1
Odisha,2024,8.5,11.1,6.1,51.5,135.3,384.4,489.2,425.3,355.7,45.3,97.0,4.1,2013.5,19.6,192.9,1654.6,146.3,37.2,250.0,23.5,1
Assam & Meghalaya,1991,16.7,24.0,58.3,68.8,263.4,546.2,732.7,715.9,395.3,192.7,172.6,27.2,3214.0,40.7,390.6,2390.2,392.5,16.7,30.0,24.0,1
Coastal Karnataka,2024,25.8,34.0,50.6,99.9,291.0,504.1,773.7,711.2,307.3,318.9,74.4,37.3,3228.2,59.9,441.5,2296.3,430.6,12.5,250.0,27.5,1
Assam & Meghalaya,1991,10.5,17.3,60.6,140.9,240.1,427.0,976.4,627.6,318.0,233.7,64.1,14.7,3130.9,27.9,441.6,2349.0,312.5,12.0,250.0,27.5,1
Gujarat Region,1989,9.5,3.8,33.0,33.1,119.3,726.1,723.1,387.3,160.0,102.2,49.8,4.6,2351.6,13.3,185.3,1996.4,156.6,24.7,250.0,31.6,1
Kerala,2004,18.9,20.1,58.3,81.3,281.2,604.4,922.9,685.9,598.7,250.1,134.1,43.5,3699.3,39.0,420.8,2811.9,427.6,12.0,250.0,26.3,1
Tamil Nadu,2006,12.3,27.7,63.5,74.7,113.4,367.0,466.4,319.9,240.6,14.9,74.5,15.5,1790.3,40.0,251.6,1393.9,104.9,54.3,30.0,24.1,1
Kerala,1983,14.7,15.0,55.0,84.7,131.5,685.6,728.3,852.1,420.6,242.0,88.8,14.4,3332.8,29.7,271.2,2686.6,345.2,12.0,80.0,35.5,1
Odisha,2015,0.0,31.0,25.8,31.4,132.2,332.4,648.1,725.9,249.8,137.4,40.1,16.0,2370.1,31.0,189.4,1956.2,193.6,24.5,30.0,27.9,1
Assam & Meghalaya,1988,27.7,15.9,30.7,65.5,349.8,515.9,928.6,628.9,360.4,335.2,91.3,35.5,3385.2,43.6,445.9,2433.7,462.0,12.7,30.0,23.3,1
Tamil Nadu,1998,3.7,11.5,20.7,66.9,168.9,296.0,352.6,174.5,225.1,163.5,21.2,22.3,1526.9,15.1,256.5,1048.2,207.1,59.0,500.0,35.9,0
Tamil Nadu,2006,11.3,23.0,31.7,48.4,129.4,391.1,475.2,311.8,399.2,152.0,27.4,10.5,2011.1,34.4,209.5,1577.2,189.9,47.6,250.0,32.8,1
Bihar,1989,7.6,17.9,27.2,10.5,135.6,497.6,562.5,557.7,428.5,266.3,70.4,0.0,2581.9,25.5,173.4,2046.4,336.7,35.2,30.0,23.0,1
Bihar,1986,3.0,26.2,45.8,66.4,180.5,325.2,566.5,419.2,193.0,118.0,100.7,0.0,2044.4,29.2,292.7,1503.9,218.6,44.7,250.0,30.6,1
East Uttar Pradesh,2001,6.8,1.9,23.0,62.6,184.0,368.2,388.7,361.2,234.4,161.8,34.7,8.5,1835.8,8.7,269.6,1352.5,205.0,47.5,30.0,30.8,1
Odisha,1993,6.3,27.7,1.2,101.9,212.5,315.2,271.0,690.9,237.9,23.2,27.3,16.1,1931.2,33.9,315.6,1515.0,66.7,46.3,30.0,28.4,1
Gangetic West Bengal,2007,8.6,11.7,46.6,63.9,138.6,403.1,508.7,312.0,176.7,186.1,0.0,13.0,1868.9,20.3,249.0,1400.5,199.1,43.1,15.0,34.6,1
Bihar,1985,14.6,27.1,68.9,96.5,144.8,403.8,650.4,459.3,332.0,102.5,50.7,21.9,2372.5,41.7,310.2,1845.5,175.1,26.7,250.0,31.0,1
Bihar,1987,4.7,8.6,12.3,61.9,118.8,319.6,674.4,248.0,357.5,165.5,112.0,18.7,2102.1,13.3,193.1,1599.5,296.2,35.4,30.0,33.7,1
Coastal Karnataka,1980,13.1,28.5,51.2,80.7,292.7,469.2,690.2,805.3,425.4,231.4,95.6,29.7,3213.0,41.6,424.7,2390.1,356.7,17.6,500.0,23.9,1
Gangetic West Bengal,2016,15.6,19.1,33.1,68.1,178.1,476.3,641.9,526.4,138.3,156.2,73.1,22.1,2348.1,34.6,279.2,1782.9,251.4,38.9,30.0,25.8,1
Assam & Meghalaya,1984,21.5,31.4,33.6,98.2,188.8,491.3,969.0,572.7,328.8,224.1,105.0,24.2,3088.6,52.8,320.7,2361.7,353.3,12.0,80.0,36.2,1
Coastal Karnataka,2001,3.0,36.9,52.6,116.2,247.1,559.7,827.2,599.5,444.5,220.7,87.4,36.6,3231.4,39.8,416.0,2431.0,344.7,13.4,80.0,36.4,1
Coastal Karnataka,2021,20.7,23.1,30.0,89.4,333.9,550.5,807.3,406.0,503.5,249.1,120.1,29.0,3162.7,43.8,453.4,2267.3,398.2,12.0,15.0,25.8,1
Kerala,2004,16.7,24.7,44.9,61.3,257.8,629.4,1062.9,657.7,418.6,207.2,114.0,32.4,3527.7,41.4,364.1,2768.6,353.6,12.0,80.0,29.1,1
Coastal Karnataka,2007,7.5,23.3,60.6,82.5,248.2,441.0,709.8,786.9,537.7,247.3,129.0,27.0,3300.8,30.9,391.3,2475.4,403.3,12.8,15.0,30.7,1
Coastal Karnataka,2012,12.6,27.7,37.6,76.1,298.5,614.7,807.1,655.0,368.2,285.5,100.3,15.6,3299.0,40.3,412.2,2445.0,401.4,12.0,15.0,32.9,1
Tamil Nadu,1993,6.5,18.5,3.3,53.8,56.0,243.4,608.8,469.6,234.3,189.2,96.9,6.6,1986.9,25.0,113.1,1556.1,292.7,36.4,15.0,30.1,1
Tamil Nadu,2019,17.4,23.2,39.7,121.9,227.4,468.4,729.8,164.5,168.5,205.8,97.2,19.3,2283.0,40.6,388.9,1531.2,322.3,34.2,500.0,29.1,1
East Uttar Pradesh,2021,12.6,21.1,12.9,87.0,122.2,213.7,623.4,342.7,232.9,28.0,108.2,16.8,1821.5,33.6,222.1,1412.8,153.0,42.9,250.0,28.5,1
Assam & Meghalaya,2013,15.5,33.0,76.0,97.0,298.7,448.1,1157.7,878.5,508.1,389.2,107.8,13.4,4023.0,48.5,471.7,2992.5,510.3,12.0,850.0,36.0,1
Tamil Nadu,2009,10.5,15.6,31.3,60.0,111.7,437.1,748.9,392.2,252.0,157.2,84.2,24.1,2324.8,26.1,203.0,1830.2,265.5,30.2,250.0,32.1,1
Kerala,1982,11.5,22.2,48.3,126.4,331.7,771.0,620.2,713.3,242.6,293.5,118.8,21.4,3320.9,33.7,506.4,2347.1,433.6,15.1,80.0,24.7,1
Gujarat Region,1999,4.8,18.4,11.4,55.6,103.8,430.0,347.4,447.3,189.4,159.5,64.3,10.0,1842.0,23.3,170.8,1414.1,233.8,49.8,15.0,26.4,1
Rayalseema,1995,10.1,17.9,35.4,35.8,152.5,295.7,463.9,229.4,179.5,125.3,123.0,36.1,1704.6,28.0,223.8,1168.5,284.3,45.9,250.0,36.6,1
Odisha,2017,17.0,10.1,36.4,0.0,128.3,391.7,646.1,628.8,151.0,87.8,39.8,13.2,2150.1,27.1,164.6,1817.5,140.8,39.0,500.0,31.7,1
Odisha,2013,9.2,17.6,42.0,42.6,129.0,578.6,459.0,423.5,187.1,92.3,46.6,16.3,2043.7,26.8,213.6,1648.1,155.2,41.9,850.0,31.7,0
Bihar,2000,17.2,6.3,22.3,36.8,131.3,143.8,534.6,561.3,103.4,31.3,89.8,28.1,1706.3,23.5,190.3,1343.1,149.2,53.0,15.0,28.6,1
Kerala,2009,18.9,38.5,60.7,73.2,256.6,385.4,877.7,552.7,265.8,303.8,99.3,25.8,2958.3,57.4,390.5,2081.5,428.9,17.4,850.0,27.5,1
East Uttar Pradesh,1990,8.4,27.5,30.7,59.7,109.3,308.2,674.0,320.5,418.5,159.7,28.6,10.3,2155.4,35.9,199.7,1721.2,198.5,29.7,80.0,29.5,1
Odisha,1981,8.1,13.6,25.0,87.5,138.6,291.2,363.0,541.3,130.3,196.0,66.2,22.9,1883.9,21.7,251.1,1325.9,285.1,52.1,30.0,23.6,1
Gujarat Region,2004,12.1,31.6,42.3,11.5,83.7,191.2,453.4,363.2,222.0,139.0,124.4,10.8,1685.2,43.6,137.5,1229.8,274.2,52.7,250.0,34.4,1
Gujarat Region,2010,8.2,21.0,24.0,78.5,126.9,380.4,735.7,544.0,114.8,224.3,88.8,10.7,2357.1,29.1,229.3,1774.8,323.7,23.9,15.0,26.5,1
Konkan & Goa,1984,10.2,22.5,56.8,86.1,236.4,479.9,1063.5,870.6,448.9,258.6,125.0,0.0,3658.6,32.8,379.3,2862.9,383.6,12.0,250.0,27.6,1
Gangetic West Bengal,1987,14.0,0.0,26.1,101.8,212.7,64.5,403.2,353.4,90.5,229.1,59.5,19.6,1574.4,14.0,340.5,911.6,308.2,51.1,850.0,26.4,0
Gujarat Region,2021,10.2,7.6,20.2,34.6,154.6,420.6,815.6,301.5,289.5,39.4,87.5,5.7,2186.9,17.8,209.4,1827.2,132.5,26.3,850.0,36.1,1
Bihar,1988,6.2,13.6,58.0,70.4,119.4,288.7,553.2,435.8,173.7,57.1,92.4,46.1,1914.6,19.8,247.8,1451.4,195.6,42.9,30.0,31.3,1
Kerala,1999,30.7,20.7,59.4,124.1,267.1,599.2,850.2,506.1,419.3,289.9,68.8,50.2,3285.8,51.4,450.7,2374.9,408.9,12.0,850.0,33.7,1
Tamil Nadu,2019,1.6,8.4,20.2,56.9,124.4,310.8,425.5,488.6,213.9,130.7,105.4,0.0,1886.5,10.0,201.5,1438.9,236.1,40.6,80.0,30.5,1
Bihar,1988,4.1,14.6,0.0,59.6,118.7,513.3,744.4,227.7,200.6,126.0,87.9,8.3,2105.2,18.7,178.3,1686.0,222.2,31.4,850.0,24.3,0
Konkan & Goa,2009,25.1,20.0,49.9,87.5,210.2,572.2,848.2,698.4,435.8,239.1,99.8,21.5,3307.9,45.2,347.7,2554.6,360.4,12.0,15.0,31.2,1
Rayalseema,1996,14.8,4.3,42.9,66.9,171.0,489.8,614.8,346.6,224.1,196.0,64.7,13.1,2249.0,19.1,280.8,1675.3,273.8,38.9,30.0,29.8,1
Tamil Nadu,2024,4.0,13.1,19.5,73.3,130.7,408.7,399.3,255.3,216.7,214.9,42.9,20.0,1798.5,17.1,223.5,1280.0,277.9,56.9,850.0,25.7,0
Sub-Himalayan West Bengal,2003,0.0,17.3,4.4,78.4,158.8,359.0,574.4,299.8,250.5,212.0,61.6,7.3,2023.3,17.3,241.5,1483.7,280.8,46.9,30.0,36.1,1
Sub-Himalayan West Bengal,1994,3.6,8.2,8.3,57.9,131.0,424.2,602.7,648.4,260.6,183.9,86.4,13.8,2429.1,11.8,197.2,1936.0,284.0,35.0,250.0,23.6,1
Coastal Karnataka,1992,15.7,30.6,39.2,84.5,285.5,832.1,975.8,671.0,530.6,178.2,112.4,17.9,3773.5,46.3,409.2,3009.5,308.5,12.0,250.0,30.5,1
Konkan & Goa,2022,20.0,28.7,47.9,87.1,286.0,617.8,814.2,438.7,435.4,222.3,145.3,26.1,3169.6,48.7,421.1,2306.1,393.7,12.5,30.0,33.5,1
Bihar,1994,13.9,11.7,25.7,81.3,277.4,487.1,450.3,489.6,259.8,221.2,147.5,18.2,2483.8,25.6,384.4,1686.8,387.0,40.8,30.0,26.7,1
Gujarat Region,1981,16.1,0.0,16.1,76.3,95.4,232.7,549.6,467.8,153.4,98.6,68.7,38.4,1813.0,16.1,187.7,1403.5,205.7,50.6,80.0,25.1,1
Sub-Himalayan West Bengal,1988,15.2,12.0,31.1,60.9,150.0,384.7,587.6,505.6,270.0,129.5,147.5,0.9,2295.1,27.2,242.0,1747.9,278.0,30.4,30.0,26.8,1
Gangetic West Bengal,1994,2.5,12.4,13.9,45.7,147.3,413.6,461.0,457.7,110.0,129.1,70.7,9.4,1873.3,14.9,206.9,1442.3,209.2,49.4,15.0,30.8,1
Bihar,1994,9.4,28.4,15.6,61.2,162.3,456.0,647.3,504.0,360.4,165.3,96.9,22.4,2529.2,37.9,239.0,1967.7,284.7,23.4,250.0,29.9,1
Gujarat Region,2006,6.6,0.0,42.6,34.8,133.9,382.1,452.2,201.9,223.8,162.1,27.1,12.0,1679.1,6.6,211.3,1259.9,201.2,53.9,250.0,33.8,1
Bihar,2011,6.7,23.6,47.2,25.6,200.2,256.3,685.8,341.5,296.0,38.8,86.7,20.0,2028.4,30.3,273.0,1579.6,145.5,33.1,30.0,28.0,1
Odisha,2020,16.2,25.0,43.6,83.7,192.9,402.7,595.1,766.7,326.2,204.2,18.2,8.7,2683.1,41.2,320.2,2090.6,231.1,33.4,30.0,35.1,1
East Uttar Pradesh,2014,18.8,5.4,48.6,41.2,121.8,225.7,90.8,218.9,336.9,132.7,90.4,24.8,1356.0,24.3,211.5,872.3,247.9,68.2,30.0,23.7,1
Tamil Nadu,1990,10.7,9.7,64.6,27.1,159.9,315.1,251.0,329.1,218.6,170.7,53.9,14.4,1624.7,20.3,251.5,1113.8,239.0,60.8,850.0,30.2,0
Gujarat Region,1995,6.7,27.7,20.9,34.7,141.0,315.9,439.2,381.4,367.6,50.9,31.8,16.6,1834.5,34.4,196.6,1504.1,99.3,53.4,250.0,36.9,1
Gujarat Region,1990,8.9,13.8,13.5,18.2,190.0,370.9,812.3,595.4,189.8,203.3,82.5,1.0,2499.5,22.7,221.7,1968.5,286.7,16.8,250.0,24.7,1
Konkan & Goa,1989,12.2,29.4,46.1,117.2,282.8,631.1,840.8,773.0,465.8,396.3,157.8,0.3,3752.7,41.6,446.1,2710.6,554.4,12.0,850.0,24.1,1
Bihar,2000,13.3,33.6,14.5,51.2,213.4,522.8,501.7,472.6,312.5,215.1,102.4,7.2,2460.4,46.9,279.1,1809.6,324.7,25.5,250.0,28.7,1
Coastal Karnataka,1998,12.0,17.7,39.5,35.8,202.9,455.5,897.7,644.5,436.9,240.8,136.9,45.7,3165.8,29.7,278.2,2434.6,423.3,12.0,500.0,25.2,1
Konkan & Goa,1995,22.9,23.0,62.0,49.2,289.2,382.8,1126.0,752.6,515.5,380.0,117.8,25.7,3746.6,45.9,400.4,2776.9,523.5,12.0,500.0,25.5,1
Gangetic West Bengal,1982,10.1,7.2,23.6,72.6,168.9,504.6,550.7,211.5,386.2,209.1,96.5,29.6,2270.6,17.3,265.2,1653.0,335.2,45.4,500.0,27.1,1
East Uttar Pradesh,2020,18.8,18.1,36.6,53.6,183.7,184.1,692.9,502.3,318.0,213.4,91.0,23.4,2336.0,37.0,273.9,1697.4,327.8,32.4,15.0,31.4,1
Kerala,1986,9.5,34.1,41.6,94.8,255.6,668.6,601.4,734.3,361.5,369.0,126.6,39.8,3336.6,43.5,392.0,2365.7,535.3,24.8,15.0,33.0,1
Gangetic West Bengal,2001,16.3,19.6,31.4,30.0,64.2,386.5,485.3,405.1,275.1,108.1,83.8,17.4,1922.8,35.9,125.6,1552.0,209.3,38.1,30.0,34.9,1
Konkan & Goa,2009,12.1,29.0,25.6,73.8,270.0,759.3,694.6,904.1,475.4,184.9,151.4,21.0,3601.2,41.1,369.4,2833.3,357.3,12.0,30.0,27.6,1
East Uttar Pradesh,1989,9.9,19.7,54.9,37.7,175.5,208.0,582.8,596.5,182.9,288.3,34.8,30.9,2222.1,29.6,268.1,1570.2,354.1,35.8,250.0,30.3,1
Bihar,2015,12.8,24.9,64.3,83.1,149.8,263.4,474.7,341.8,356.7,199.4,94.6,12.5,2078.2,37.7,297.3,1436.7,306.6,45.7,850.0,25.7,1
Kerala,1988,8.2,25.3,21.8,155.0,328.2,695.0,936.3,751.6,394.5,253.4,120.8,44.3,3734.7,33.6,505.1,2777.5,418.5,12.0,850.0,23.9,1
Rayalseema,2011,0.0,13.8,18.4,70.9,186.1,346.7,625.3,293.0,293.2,290.7,47.7,3.7,2189.4,13.8,275.4,1558.1,342.1,34.0,500.0,26.1,1
Tamil Nadu,2017,9.1,23.7,49.5,55.6,171.7,377.3,603.1,251.6,234.6,255.9,67.8,22.7,2122.8,32.8,276.8,1466.7,346.4,46.3,500.0,33.8,1
Rayalseema,2001,12.5,19.7,32.0,66.7,178.7,409.6,166.2,304.7,291.8,26.2,35.4,30.1,1573.5,32.2,277.3,1172.3,91.6,62.9,30.0,24.9,1
Rayalseema,2019,0.0,27.6,29.3,57.3,74.8,417.2,346.2,40.3,281.5,87.9,40.4,10.6,1413.2,27.6,161.4,1085.2,139.0,66.5,15.0,31.8,1
Odisha,2001,12.0,20.1,0.0,54.6,49.2,304.6,418.2,500.8,252.5,116.5,60.4,4.0,1793.1,32.1,103.8,1476.2,180.9,48.5,30.0,27.4,1
Sub-Himalayan West Bengal,1998,7.0,8.5,29.6,45.1,180.5,560.5,667.6,561.0,393.2,229.2,91.1,0.8,2774.0,15.5,255.2,2182.3,321.0,19.5,850.0,27.3,1
Bihar,1999,14.9,18.2,22.3,95.2,218.8,264.9,607.5,416.5,323.7,103.6,91.4,22.2,2199.2,33.1,336.3,1612.6,217.2,47.1,30.0,26.7,1
Odisha,2021,8.1,15.8,21.7,32.0,127.3,452.1,409.3,336.9,188.0,92.9,63.9,22.3,1770.2,23.8,181.1,1386.2,179.1,57.7,80.0,28.5,1
Gangetic West Bengal,2004,14.2,19.1,40.1,94.2,60.8,543.3,426.8,375.5,113.8,144.2,10.3,3.2,1845.6,33.3,195.2,1459.4,157.7,50.6,15.0,29.5,1
Odisha,1990,10.9,5.2,49.6,25.1,63.5,194.1,341.0,365.5,127.7,189.5,65.8,6.3,1444.1,16.1,138.2,1028.3,261.5,67.2,15.0,30.4,1
Gujarat Region,1989,7.5,7.1,21.8,0.0,161.0,252.6,749.7,253.1,313.8,164.6,7.7,15.3,1954.3,14.7,182.8,1569.2,187.6,42.8,30.0,31.6,1
Tamil Nadu,1989,19.3,13.2,40.5,71.6,140.9,276.6,434.7,219.1,151.3,190.3,31.9,11.6,1601.0,32.5,253.0,1081.7,233.8,69.5,15.0,35.7,1
Coastal Karnataka,2006,17.1,16.0,53.3,126.5,357.5,668.6,862.9,795.2,427.7,248.5,108.7,13.2,3695.2,33.1,537.3,2754.3,370.4,12.0,850.0,36.1,1
Coastal Karnataka,2005,13.1,34.5,24.8,95.4,229.9,507.0,966.5,584.3,414.5,375.9,82.2,16.9,3345.0,47.6,350.1,2472.3,475.0,12.0,30.0,24.0,1
Gujarat Region,2020,22.2,4.3,32.1,79.8,105.2,334.8,520.0,380.7,210.7,131.6,94.8,21.4,1937.8,26.6,217.2,1446.2,247.8,52.2,850.0,31.6,0
Tamil Nadu,1984,11.9,38.2,6.5,64.9,99.7,415.0,682.6,618.6,239.7,167.2,77.5,21.2,2443.0,50.1,171.1,1955.9,265.8,21.2,80.0,32.7,1
Kerala,2020,14.1,20.5,31.3,107.9,295.3,474.7,706.5,773.6,465.2,304.5,126.3,18.1,3338.0,34.5,434.5,2420.0,448.9,12.0,80.0,25.8,1
Sub-Himalayan West Bengal,2009,1.9,21.5,33.9,56.4,146.2,471.2,461.1,595.0,323.5,140.3,38.5,36.5,2326.0,23.4,236.6,1850.8,215.3,34.8,250.0,25.6,1
Gujarat Region,1987,23.9,14.1,37.9,51.8,148.0,247.1,458.8,411.0,91.3,215.8,59.3,27.2,1786.2,38.0,237.7,1208.2,302.3,52.1,15.0,31.9,1
Gangetic West Bengal,1993,3.3,17.8,0.0,79.6,180.7,377.7,403.3,235.3,202.7,97.0,61.0,19.8,1678.2,21.1,260.3,1219.0,177.8,58.0,80.0,33.5,1
Tamil Nadu,2017,13.4,15.0,21.8,57.1,242.4,122.1,525.7,449.3,284.1,215.2,57.2,9.3,2012.7,28.4,321.3,1381.2,281.8,52.8,850.0,26.9,0
Coastal Karnataka,2022,14.3,12.1,41.8,142.7,166.6,384.0,714.4,584.8,400.8,206.4,99.0,34.0,2800.9,26.4,351.1,2084.0,339.4,25.6,250.0,23.6,1
Konkan & Goa,2011,10.3,14.3,25.6,73.6,313.4,788.4,1170.8,539.7,340.0,316.3,108.0,45.7,3746.3,24.5,412.7,2839.0,470.0,12.0,250.0,32.4,1
Odisha,2002,12.4,10.2,29.7,55.0,122.3,290.9,688.9,257.6,153.5,0.0,66.6,22.0,1709.1,22.6,207.0,1390.9,88.6,27.9,15.0,34.3,1
Gangetic West Bengal,1993,2.9,14.8,59.8,56.9,168.3,403.3,478.4,523.4,259.9,210.5,111.4,15.6,2305.2,17.6,285.0,1665.1,337.5,35.3,15.0,31.2,1
Coastal Karnataka,1980,21.9,16.5,45.0,64.7,228.4,778.1,1019.4,455.3,338.3,315.7,107.5,35.4,3426.1,38.4,338.1,2591.1,458.5,12.0,80.0,26.2,1
Sub-Himalayan West Bengal,2008,1.7,18.5,25.7,64.5,237.0,277.0,356.6,358.4,262.3,168.3,30.8,45.2,1846.0,20.2,327.1,1254.3,244.3,59.8,850.0,28.1,0
Bihar,2021,12.8,20.4,26.0,59.0,104.9,515.0,581.9,407.8,189.9,177.9,67.3,29.2,2191.9,33.1,189.9,1694.6,274.3,36.1,15.0,35.2,1
Assam & Meghalaya,1984,13.7,21.9,46.2,43.3,239.1,519.5,902.6,730.9,441.1,229.8,116.2,26.5,3330.8,35.7,328.6,2594.0,372.5,12.0,80.0,30.8,1
Odisha,1985,3.6,13.6,26.9,59.2,73.6,418.8,466.2,585.8,252.9,203.3,37.6,9.3,2150.8,17.2,159.7,1723.8,250.2,42.2,250.0,23.9,1
Tamil Nadu,2010,5.9,31.0,1.6,18.7,240.9,472.0,777.8,301.5,155.2,109.6,74.3,10.2,2198.6,36.9,261.1,1706.5,194.0,20.7,30.0,32.3,1
Gujarat Region,1981,7.3,22.5,4.6,43.1,147.2,475.9,492.8,207.3,79.6,241.9,51.4,14.5,1788.0,29.8,194.9,1255.5,307.8,51.2,30.0,23.9,1
Sub-Himalayan West Bengal,1999,7.8,0.0,75.5,9.4,261.8,349.6,554.9,324.8,248.7,212.5,63.0,28.3,2136.3,7.8,346.8,1477.9,303.9,44.2,80.0,23.8,1
Rayalseema,2009,7.6,24.6,27.9,80.0,138.3,321.0,300.6,547.1,273.5,208.9,34.7,19.0,1983.2,32.2,246.1,1442.2,262.6,49.9,80.0,25.4,1
Odisha,2024,17.3,12.6,0.0,96.5,150.0,287.0,509.6,615.3,174.8,166.1,76.7,20.7,2126.7,29.9,246.6,1586.7,263.6,42.0,500.0,25.5,1
Coastal Karnataka,1991,19.7,27.5,53.9,105.4,225.7,308.5,804.6,619.9,377.0,254.3,148.9,46.8,2992.2,47.1,385.0,2110.1,450.0,19.4,850.0,25.1,1
Rayalseema,2018,13.0,16.0,19.4,79.4,143.0,351.0,435.4,283.4,206.7,0.0,47.2,17.2,1611.8,29.0,241.8,1276.5,64.4,48.2,250.0,23.2,1
Sub-Himalayan West Bengal,2009,13.4,1.3,12.4,41.4,115.1,572.8,445.1,394.2,272.3,58.9,47.1,27.9,2001.8,14.7,168.9,1684.4,133.8,46.9,250.0,27.3,1
Rayalseema,1997,1.4,4.1,19.9,53.0,140.8,352.4,500.2,552.5,204.7,210.9,60.1,11.4,2111.3,5.5,213.6,1609.7,282.4,39.0,250.0,30.8,1
Sub-Himalayan West Bengal,2002,9.6,8.4,13.8,53.7,176.3,460.6,422.0,479.0,388.9,133.6,69.4,14.3,2229.5,18.0,243.8,1750.5,217.3,42.9,250.0,30.5,1
Assam & Meghalaya,2008,20.9,20.8,64.7,80.6,281.7,318.4,849.3,635.3,343.0,173.6,115.5,41.8,2945.5,41.7,426.9,2146.0,330.9,17.7,500.0,33.9,1
Kerala,1987,22.4,28.9,18.2,100.5,164.7,672.2,826.7,718.1,208.2,330.0,124.9,43.1,3257.9,51.3,283.4,2425.2,498.0,14.8,500.0,29.2,1
Rayalseema,1992,12.0,30.9,11.2,51.5,186.7,518.9,731.5,420.5,308.4,189.4,83.9,19.9,2564.9,42.9,249.4,1979.4,293.2,17.7,500.0,28.2,1
Coastal Karnataka,1995,21.8,16.2,44.3,80.3,189.0,327.7,573.3,676.8,390.2,179.9,44.1,31.1,2574.7,38.0,313.5,1968.0,255.2,40.7,30.0,36.3,1
Kerala,2014,22.4,8.4,55.7,56.5,268.6,504.2,584.3,466.4,433.2,187.3,124.8,23.9,2735.6,30.8,380.7,1988.1,335.9,28.3,250.0,36.0,1
Bihar,1988,11.3,29.6,21.8,59.5,205.5,367.0,358.1,460.6,180.1,212.9,53.4,4.2,1964.0,41.0,286.8,1365.8,270.4,57.6,15.0,32.1,1
Rayalseema,1996,0.0,26.6,47.3,97.6,192.9,401.8,663.2,541.0,114.8,78.9,41.8,10.7,2216.6,26.6,337.8,1720.8,131.4,34.7,80.0,23.4,1
Odisha,2015,10.7,8.0,30.1,75.4,171.5,267.9,555.0,623.7,92.8,216.6,21.1,14.4,2087.2,18.7,277.0,1539.4,252.1,40.7,500.0,33.5,1
Odisha,1998,17.6,12.8,1.5,39.9,136.2,419.5,585.2,559.8,285.6,189.8,87.9,32.5,2368.3,30.4,177.6,1850.1,310.2,29.4,250.0,32.2,1
East Uttar Pradesh,2005,16.9,5.6,30.9,44.0,92.2,446.5,450.1,496.4,281.3,231.9,121.3,20.6,2237.7,22.5,167.1,1674.3,373.8,48.3,80.0,29.5,1
Konkan & Goa,1994,18.3,28.9,64.5,80.1,306.5,492.9,1013.7,699.0,196.6,156.6,97.5,29.2,3183.9,47.2,451.1,2402.2,283.4,12.0,500.0,26.1,1
Kerala,2003,23.1,17.1,62.5,73.5,316.4,677.4,942.0,623.4,341.2,290.6,39.4,27.6,3434.3,40.2,452.4,2584.1,357.6,12.0,80.0,30.9,1
Kerala,2000,16.4,11.3,43.2,95.0,231.2,658.3,978.4,559.6,401.7,260.8,134.9,32.7,3423.4,27.7,369.3,2598.0,428.4,12.0,500.0,26.9,1
East Uttar Pradesh,2015,9.4,20.4,52.9,38.0,155.6,221.9,455.4,525.7,244.2,162.0,53.4,19.8,1958.7,29.9,246.5,1447.1,235.2,50.6,80.0,30.9,1
Sub-Himalayan West Bengal,2019,15.8,10.7,47.7,27.5,223.5,370.1,430.9,324.8,222.0,167.5,53.0,22.0,1915.4,26.5,298.7,1347.8,242.4,53.0,500.0,24.9,0
Coastal Karnataka,1982,7.2,19.2,45.6,97.8,215.2,574.0,906.5,753.6,430.0,294.7,64.4,31.8,3440.0,26.4,358.6,2664.1,390.8,12.0,250.0,27.1,1
Tamil Nadu,2019,14.6,13.4,39.2,43.1,150.3,447.4,582.6,375.2,372.6,194.7,1.4,28.6,2263.0,28.0,232.6,1777.8,224.6,34.2,500.0,33.2,1
Kerala,2011,17.2,12.5,27.5,172.4,257.9,480.1,568.2,471.9,403.7,327.1,60.1,47.4,2845.8,29.7,457.7,1923.8,434.6,40.1,250.0,36.9,1
East Uttar Pradesh,1990,24.8,6.4,16.9,37.5,190.5,253.7,288.9,485.4,362.9,214.2,77.6,29.9,1988.6,31.1,244.9,1390.9,321.7,46.4,30.0,24.0,1
Tamil Nadu,2005,15.3,7.1,22.9,112.9,128.5,330.0,310.2,407.7,370.6,191.9,36.9,27.9,1962.0,22.4,264.3,1418.6,256.7,49.8,850.0,25.3,0
Assam & Meghalaya,1995,16.7,16.1,65.4,53.2,279.5,493.9,1055.2,932.9,367.3,280.6,171.4,34.0,3766.3,32.9,398.1,2849.3,486.0,12.0,30.0,30.9,1
Kerala,2001,14.6,10.2,69.1,67.8,235.6,531.7,735.9,691.8,428.2,224.6,99.2,25.2,3133.9,24.8,372.5,2387.7,349.0,12.0,250.0,32.7,1
Bihar,2023,14.6,15.6,18.3,27.5,230.0,265.6,605.4,219.7,362.8,148.8,63.5,4.9,1976.8,30.3,275.9,1453.5,217.2,51.5,15.0,26.1,1
Gujarat Region,2019,17.4,21.2,34.8,24.8,117.4,212.4,860.4,389.1,250.0,186.5,31.1,12.1,2157.3,38.6,177.0,1711.9,229.8,36.0,250.0,35.4,1
Rayalseema,2010,15.2,11.2,10.1,62.4,165.8,357.8,705.8,439.0,244.6,0.0,0.0,17.5,2029.3,26.4,238.2,1747.2,17.5,35.8,15.0,31.8,1
Sub-Himalayan West Bengal,2011,11.9,17.4,28.9,67.6,156.0,445.9,341.8,265.4,204.1,159.7,107.9,24.3,1830.9,29.3,252.6,1257.1,291.8,58.5,30.0,30.4,1
Assam & Meghalaya,1983,17.0,10.6,53.3,90.7,297.8,415.5,768.4,657.5,421.7,281.8,103.8,49.4,3167.3,27.5,441.7,2263.1,434.9,18.9,500.0,36.7,1
Gangetic West Bengal,1995,15.0,18.7,20.2,86.6,166.6,340.7,695.9,346.7,391.7,209.0,69.6,29.8,2390.5,33.7,273.4,1775.0,308.5,40.0,850.0,36.0,0
Gujarat Region,2010,7.0,14.7,35.0,33.8,154.0,179.1,570.6,409.1,358.9,153.6,27.8,27.7,1971.3,21.7,222.8,1517.8,209.0,37.8,80.0,36.8,1
Gangetic West Bengal,2019,14.6,10.6,34.2,35.0,145.1,510.6,259.6,360.1,282.4,183.2,111.0,34.6,1981.0,25.2,214.2,1412.8,328.8,58.9,500.0,30.3,0
East Uttar Pradesh,1988,10.0,33.4,49.4,11.2,197.0,220.8,430.0,342.9,408.2,140.5,61.1,29.2,1933.7,43.5,257.6,1401.9,230.8,49.3,80.0,29.3,1
Tamil Nadu,2023,21.6,25.2,34.2,68.0,109.6,397.3,384.7,231.6,328.6,157.3,94.6,8.9,1861.6,46.8,211.8,1342.2,260.8,57.5,80.0,36.6,1
Konkan & Goa,1997,14.1,28.5,51.6,110.6,307.3,451.1,650.1,705.5,308.9,225.3,101.8,27.6,2982.5,42.5,469.6,2115.7,354.7,24.8,15.0,25.7,1
Bihar,2006,11.0,22.6,22.6,71.0,117.6,269.8,635.6,313.5,252.8,108.4,26.5,40.9,1892.4,33.6,211.2,1471.7,175.8,43.1,500.0,27.4,1
Rayalseema,1991,12.7,0.3,49.8,22.7,195.1,307.2,611.5,390.6,272.2,185.4,98.8,6.7,2153.1,13.0,267.7,1581.5,290.9,48.3,500.0,32.4,1
Gangetic West Bengal,1980,12.2,36.4,39.8,65.0,107.3,318.5,362.1,293.7,296.4,231.3,85.9,23.3,1872.0,48.7,212.1,1270.6,340.6,50.1,500.0,33.3,0
Sub-Himalayan West Bengal,2008,20.4,13.3,52.5,50.5,198.8,133.9,363.8,161.6,183.6,150.7,46.2,10.0,1385.1,33.7,301.8,842.8,206.8,70.3,500.0,24.2,1
Coastal Karnataka,2012,24.1,20.8,46.8,123.1,313.1,728.6,1048.6,925.7,439.6,236.0,92.8,39.8,4039.0,44.9,483.0,3142.5,368.5,12.0,80.0,28.3,1
Gangetic West Bengal,1995,6.6,31.7,34.9,74.3,119.6,534.1,402.2,680.0,319.7,235.4,61.3,18.5,2518.2,38.2,228.8,1936.0,315.1,39.8,80.0,36.3,1
Sub-Himalayan West Bengal,2011,7.8,8.1,0.0,88.8,144.9,453.8,657.4,500.3,373.8,176.9,59.7,44.2,2515.8,15.9,233.7,1985.3,280.8,28.5,500.0,29.4,1
Tamil Nadu,2016,4.8,10.9,22.2,75.2,166.3,276.1,478.7,434.3,241.8,200.0,50.4,11.1,1971.9,15.7,263.8,1431.0,261.5,46.2,850.0,24.9,0
Coastal Karnataka,2018,4.2,28.7,37.8,39.9,215.3,533.9,883.2,693.2,492.7,182.4,96.9,39.8,3247.9,32.9,292.9,2602.9,319.2,12.0,250.0,31.3,1
Gangetic West Bengal,1993,20.8,17.9,19.8,100.3,127.0,447.7,297.6,618.9,170.7,202.8,51.2,16.2,2091.0,38.7,247.1,1534.9,270.3,52.8,80.0,26.1,1
Tamil Nadu,1991,18.1,6.6,8.0,82.9,150.4,348.4,287.0,689.9,301.1,199.3,76.9,23.6,2192.1,24.7,241.3,1626.3,299.8,44.6,15.0,28.3,1
Odisha,2012,21.0,17.4,17.2,57.9,217.5,602.7,596.5,390.1,252.7,154.1,100.9,13.3,2441.1,38.3,292.6,1841.9,268.3,36.2,250.0,24.8,1
Coastal Karnataka,2002,25.4,39.1,25.0,96.6,280.9,653.6,636.5,550.4,239.1,293.4,103.9,18.1,2962.2,64.5,402.6,2079.6,415.5,14.8,500.0,32.2,1
East Uttar Pradesh,2016,9.1,11.4,36.0,56.2,155.0,333.2,323.6,438.8,323.6,241.1,79.7,9.3,2016.9,20.4,247.1,1419.2,330.1,54.0,80.0,25.7,1
Kerala,2001,7.1,30.0,38.9,37.6,227.1,636.6,783.8,857.4,387.2,268.4,131.3,10.9,3416.3,37.1,303.7,2665.0,410.6,12.0,15.0,35.6,1
Tamil Nadu,2002,10.2,23.9,36.0,102.1,199.5,264.9,571.3,353.3,77.8,99.6,51.1,23.9,1813.5,34.0,337.6,1267.2,174.6,58.3,80.0,23.2,1
Odisha,2016,15.2,7.3,14.3,71.5,137.7,306.3,741.6,435.5,191.0,213.0,65.0,16.1,2214.5,22.5,223.5,1674.4,294.2,29.0,80.0,28.6,1
Odisha,2022,9.0,9.0,38.3,104.5,171.7,463.2,274.0,318.3,283.0,149.6,61.8,21.3,1903.7,18.1,314.5,1338.5,232.7,52.9,250.0,25.1,0
Gangetic West Bengal,2006,10.0,24.6,44.3,22.0,127.9,399.1,742.4,367.9,163.6,175.2,63.3,13.3,2153.8,34.6,194.2,1673.0,251.9,33.4,250.0,25.7,1
Sub-Himalayan West Bengal,2018,22.0,13.4,34.9,43.2,156.6,208.0,526.6,693.7,254.0,124.7,14.4,8.2,2099.6,35.3,234.7,1682.3,147.3,35.4,850.0,27.3,0
Gujarat Region,1996,20.0,19.6,34.0,22.0,239.3,373.6,493.5,369.6,179.5,49.5,121.3,25.7,1947.6,39.6,295.3,1416.1,196.5,48.0,80.0,36.3,1
Sub-Himalayan West Bengal,1999,4.1,19.1,30.4,85.0,98.2,546.0,559.3,332.3,167.9,112.0,0.9,18.3,1973.6,23.2,213.6,1605.6,131.3,40.4,80.0,31.6,1
Bihar,1996,16.5,16.6,33.5,63.1,150.5,247.4,549.4,398.6,396.5,82.5,74.8,12.2,2041.7,33.2,247.1,1591.9,169.5,46.6,15.0,34.9,1
Sub-Himalayan West Bengal,2005,0.7,9.9,26.7,99.0,200.3,471.4,556.9,363.5,280.7,121.6,113.3,0.0,2244.1,10.6,326.1,1672.4,234.9,32.6,850.0,23.9,0
Tamil Nadu,2010,18.8,9.2,20.5,53.6,165.1,354.6,836.9,352.2,327.8,123.3,65.2,2.5,2329.7,28.0,239.3,1871.4,191.0,26.6,500.0,25.6,1
East Uttar Pradesh,1982,0.0,17.9,14.3,55.9,174.3,324.0,611.7,448.8,18.5,101.0,111.9,11.8,1890.1,17.9,244.5,1403.0,224.7,51.3,30.0,28.4,1
Assam & Meghalaya,2021,16.0,27.5,33.3,98.9,296.9,702.5,961.5,591.5,469.1,218.9,143.1,29.5,3588.7,43.5,429.1,2724.7,391.5,12.0,500.0,28.1,1
Rayalseema,2002,8.6,1.3,43.5,98.8,100.3,434.0,760.3,509.9,226.4,164.0,45.4,18.1,2410.6,9.9,242.6,1930.6,227.5,33.6,850.0,23.7,1
Bihar,1984,1.8,16.4,34.7,41.6,255.5,322.6,661.3,206.3,231.4,145.7,98.7,3.2,2019.1,18.2,331.8,1421.5,247.5,48.1,850.0,30.5,0
East Uttar Pradesh,1994,2.2,9.1,42.4,10.0,200.9,253.4,610.1,417.4,310.0,140.7,107.2,28.6,2132.1,11.3,253.3,1590.9,276.5,33.5,250.0,23.0,0
Coastal Karnataka,1995,15.0,16.0,64.4,96.3,270.8,471.4,745.5,655.4,462.5,242.3,141.8,36.9,3218.2,31.1,431.5,2334.7,420.9,22.4,30.0,29.0,1
East Uttar Pradesh,1991,2.4,16.3,27.0,96.2,194.6,380.7,669.0,420.2,63.3,231.4,88.9,21.3,2211.4,18.7,317.8,1533.3,341.6,44.6,500.0,34.2,1
Gangetic West Bengal,2022,0.0,11.9,25.2,90.7,273.8,408.9,619.2,288.1,176.8,154.3,85.8,16.5,2151.3,11.9,389.7,1493.1,256.6,48.2,500.0,23.8,1
Gangetic West Bengal,1982,10.1,7.9,35.5,67.7,227.8,352.7,498.0,275.2,323.6,93.0,68.3,11.1,1971.1,18.1,331.0,1449.6,172.4,45.1,30.0,30.8,1
Gangetic West Bengal,2020,3.8,20.4,22.0,74.6,57.4,215.5,725.2,464.3,207.5,227.3,76.5,6.1,2100.5,24.1,154.0,1612.5,309.9,36.2,850.0,27.2,0
Assam & Meghalaya,2013,22.0,35.8,73.9,99.4,252.0,749.5,936.3,617.0,248.0,211.6,94.4,19.1,3359.0,57.8,425.4,2550.8,325.1,12.0,30.0,34.6,1
Sub-Himalayan West Bengal,1980,8.6,16.3,11.9,64.4,172.8,256.7,701.0,665.8,439.3,167.5,17.0,15.6,2536.9,24.9,249.2,2062.8,200.1,30.5,15.0,25.7,1
Gujarat Region,1985,21.6,8.9,51.5,44.3,45.1,308.5,524.1,342.4,146.7,167.8,29.2,19.9,1709.9,30.5,140.9,1321.7,216.8,54.8,850.0,28.8,0
Rayalseema,1986,8.4,19.5,52.0,8.8,90.9,310.2,386.3,551.7,200.8,111.0,49.7,24.4,1813.5,27.9,151.6,1449.0,185.0,44.3,15.0,26.5,1
Bihar,2019,12.9,19.5,31.7,62.0,129.2,262.5,413.5,540.8,206.0,246.5,58.6,20.4,2003.6,32.4,222.9,1422.7,325.6,46.1,500.0,35.2,0
Sub-Himalayan West Bengal,2013,4.9,14.2,30.9,53.7,177.6,333.8,391.5,291.5,122.9,137.1,70.9,9.6,1638.5,19.1,262.1,1139.7,217.6,64.4,250.0,29.5,0
Odisha,2004,14.4,29.3,35.6,36.1,182.7,606.5,449.2,432.5,511.3,219.5,36.7,32.1,2585.8,43.8,254.4,1999.5,288.2,34.5,30.0,25.3,1
Tamil Nadu,1984,1.5,24.4,39.2,34.2,196.8,115.3,529.3,725.8,408.3,174.5,32.5,21.6,2303.4,25.9,270.1,1778.6,228.7,35.0,500.0,26.3,1
East Uttar Pradesh,2010,15.5,22.6,20.5,64.9,204.8,431.0,349.4,604.9,239.7,159.7,102.5,33.5,2249.1,38.1,290.3,1624.9,295.8,54.8,80.0,34.8,1
Tamil Nadu,2012,17.8,13.2,36.4,57.9,230.2,406.1,315.3,518.5,191.4,14.1,67.9,18.9,1887.7,31.0,324.5,1431.3,101.0,41.7,500.0,29.6,0
Gujarat Region,2019,9.1,24.0,34.1,52.7,131.0,293.9,694.1,518.0,59.8,129.3,89.6,20.7,2056.2,33.1,217.8,1565.8,239.6,34.4,850.0,32.1,0
Rayalseema,2012,11.3,21.2,27.6,58.0,105.5,210.3,586.0,439.1,331.1,127.9,48.4,16.1,1982.5,32.4,191.1,1566.5,192.4,49.9,850.0,32.1,0
Rayalseema,2000,10.1,14.6,6.8,43.7,91.0,350.8,189.4,407.7,218.4,234.4,30.5,26.1,1623.4,24.8,141.5,1166.2,290.9,65.5,250.0,31.5,0
Kerala,1999,10.1,19.6,34.8,105.0,253.9,649.5,949.3,636.6,287.3,258.5,132.8,48.6,3385.9,29.7,393.7,2522.6,439.8,12.0,500.0,28.4,1
Konkan & Goa,1992,8.3,9.7,24.3,94.1,224.8,536.6,994.4,574.6,456.0,278.0,49.3,38.3,3288.4,18.0,343.2,2561.6,365.6,12.0,80.0,36.0,1
Bihar,1990,0.5,10.0,28.8,33.2,58.6,447.6,529.1,449.5,357.3,133.0,49.2,13.8,2110.6,10.4,120.6,1783.6,196.0,36.6,850.0,35.2,0
Kerala,2005,13.5,30.3,48.8,49.4,234.5,553.0,924.6,621.6,296.1,170.1,102.3,15.3,3059.7,43.8,332.8,2395.3,287.8,12.0,500.0,32.0,1
Konkan & Goa,2016,6.8,30.6,42.7,126.7,211.8,517.0,916.4,741.3,390.6,362.0,142.5,13.7,3502.2,37.5,381.2,2565.3,518.2,12.0,250.0,30.8,1
Konkan & Goa,1993,14.0,26.1,54.3,142.6,225.2,436.5,812.7,715.9,460.8,218.9,116.4,31.0,3254.1,40.1,422.0,2425.8,366.3,12.0,15.0,29.5,1
Sub-Himalayan West Bengal,1999,8.8,14.4,12.2,60.0,196.9,241.3,440.5,513.5,263.1,72.2,39.3,13.5,1875.8,23.3,269.1,1458.4,125.0,50.5,30.0,25.3,1
Konkan & Goa,1999,16.7,23.9,65.5,139.9,235.6,533.0,814.6,823.7,435.3,164.5,60.9,28.4,3341.9,40.6,441.0,2606.5,253.7,12.0,30.0,36.1,1
Rayalseema,2020,19.0,19.0,22.7,40.1,173.2,359.1,365.4,348.5,210.8,238.5,0.0,3.6,1799.8,38.0,235.9,1283.8,242.1,53.8,15.0,26.7,1
Konkan & Goa,2011,16.4,23.1,30.0,75.2,239.0,530.1,1084.9,672.7,350.6,319.4,142.6,18.2,3502.1,39.5,344.1,2638.3,480.1,12.0,500.0,30.8,1
Gujarat Region,2003,8.6,20.8,28.3,47.8,171.2,353.1,652.0,355.7,346.0,157.0,57.5,5.9,2203.9,29.4,247.3,1706.8,220.4,27.2,80.0,25.7,1
Rayalseema,2020,8.1,5.6,43.5,29.8,152.2,190.6,523.8,553.2,327.0,203.1,35.9,3.4,2076.3,13.7,225.5,1594.7,242.4,46.2,30.0,23.1,1
Bihar,2002,11.8,30.7,40.2,76.6,152.4,440.7,334.7,319.9,330.8,80.8,60.0,10.7,1889.2,42.5,269.2,1426.1,151.4,52.7,500.0,32.8,0
Tamil Nadu,1993,10.9,15.9,32.6,84.0,143.4,294.9,576.4,215.7,149.4,98.9,78.1,22.7,1722.8,26.8,260.0,1236.4,199.7,51.9,250.0,33.6,1
Odisha,2008,9.4,6.2,22.6,68.2,193.0,108.2,561.9,306.0,333.9,220.1,71.6,25.6,1926.8,15.6,283.8,1310.1,317.3,53.3,80.0,33.9,1
Gangetic West Bengal,1986,15.3,7.9,30.1,54.5,154.8,374.1,466.0,351.8,417.3,85.3,90.7,23.2,2071.0,23.2,239.4,1609.2,199.2,48.3,500.0,33.0,1
Sub-Himalayan West Bengal,2013,6.2,15.6,28.5,37.0,174.1,10.0,419.1,468.6,274.2,200.9,63.4,23.1,1720.7,21.8,239.6,1172.0,287.4,54.1,850.0,33.0,0
Assam & Meghalaya,1986,17.6,19.0,16.1,115.9,146.7,575.4,1057.7,757.0,448.0,163.1,148.4,41.7,3506.5,36.6,278.6,2838.1,353.2,12.0,30.0,27.0,1
Odisha,2012,4.9,13.1,25.8,37.5,206.8,348.8,254.4,452.2,245.8,186.0,77.9,7.2,1860.5,18.0,270.1,1301.2,271.1,66.1,15.0,25.8,1
Odisha,1995,19.0,10.8,11.5,41.2,212.8,275.4,525.1,369.0,181.6,125.7,76.7,35.0,1883.9,29.7,265.6,1351.2,237.4,52.7,500.0,35.1,0
Bihar,2017,18.1,0.0,30.5,95.0,196.8,593.3,428.3,419.8,131.9,94.3,72.5,18.4,2098.8,18.1,322.3,1573.3,185.2,41.6,250.0,24.8,1
Kerala,2021,22.4,18.9,39.5,146.5,237.1,656.3,653.6,698.5,426.5,309.3,100.7,30.8,3340.2,41.3,423.2,2434.9,440.8,12.0,80.0,31.9,1
Kerala,2005,19.6,16.6,61.4,109.0,222.7,570.9,732.5,736.0,362.4,361.1,79.0,32.0,3303.1,36.2,393.1,2401.7,472.0,20.4,500.0,31.2,1
East Uttar Pradesh,1986,1.9,12.7,25.7,48.2,173.6,265.5,605.7,538.0,288.2,55.6,110.9,0.0,2126.0,14.5,247.6,1697.4,166.5,38.2,850.0,27.5,0
Coastal Karnataka,1999,8.5,6.5,44.2,75.4,211.5,526.8,957.8,742.2,446.1,278.3,79.1,31.6,3408.1,15.1,331.1,2673.0,389.0,12.0,250.0,28.0,1
Kerala,1982,11.3,31.2,39.5,86.3,205.4,359.2,1007.3,617.7,601.8,251.1,89.3,18.6,3318.8,42.6,331.2,2586.0,359.0,12.0,80.0,33.1,0
Odisha,1986,9.5,11.3,49.2,42.2,214.8,303.0,330.1,388.9,177.9,251.5,72.8,0.0,1851.1,20.8,306.2,1199.8,324.3,62.0,80.0,23.7,1
East Uttar Pradesh,2024,11.3,11.5,36.2,104.5,136.5,359.4,664.9,484.0,307.7,183.9,64.0,14.5,2378.4,22.8,277.2,1816.1,262.4,30.6,250.0,28.9,1
Odisha,1988,4.0,0.0,12.2,32.7,139.2,600.9,709.2,388.5,244.0,130.7,34.2,8.1,2303.9,4.0,184.2,1942.7,173.0,31.2,250.0,28.8,1
Coastal Karnataka,1983,11.1,15.5,29.4,129.0,180.5,634.2,966.0,841.0,312.4,220.0,82.7,29.9,3451.7,26.5,338.9,2753.6,332.6,12.0,850.0,30.7,1
East Uttar Pradesh,2013,8.4,17.4,21.3,47.6,253.2,388.7,449.7,269.8,194.8,174.1,32.2,33.0,1890.3,25.8,322.1,1303.1,239.4,58.9,250.0,25.9,1
Assam & Meghalaya,1980,19.5,13.1,70.9,73.7,246.7,658.4,671.7,593.1,353.1,170.1,96.1,37.2,3003.7,32.7,391.3,2276.3,303.4,18.2,500.0,33.4,1
Gujarat Region,2023,6.8,19.0,20.8,48.7,151.5,249.4,480.3,630.2,265.6,302.6,2.2,22.5,2199.9,25.8,221.1,1625.5,327.4,45.7,250.0,24.5,1
Coastal Karnataka,2009,22.2,23.1,52.6,63.7,233.1,741.5,811.2,853.7,424.5,225.4,139.9,25.4,3616.4,45.3,349.4,2831.0,390.7,12.0,500.0,24.2,1
Sub-Himalayan West Bengal,1998,24.8,1.6,43.9,98.3,125.4,192.9,614.4,215.1,217.8,133.4,33.9,17.0,1718.5,26.4,267.6,1240.2,184.3,47.6,15.0,25.4,1
Sub-Himalayan West Bengal,1999,20.5,25.8,35.7,69.5,231.0,405.1,308.4,446.4,102.0,221.2,45.6,31.0,1942.1,46.3,336.2,1261.9,297.8,53.1,30.0,33.8,1
Sub-Himalayan West Bengal,1994,0.0,13.8,5.9,53.9,192.2,276.9,548.3,488.4,298.5,164.1,73.1,0.0,2115.0,13.8,251.9,1612.1,237.2,34.9,30.0,29.0,1
Odisha,2017,3.2,19.1,21.4,88.8,100.6,619.3,424.7,161.5,416.9,152.4,120.5,8.5,2137.0,22.3,210.8,1622.4,281.5,35.0,250.0,24.2,1
East Uttar Pradesh,2007,16.5,15.1,18.3,39.7,127.3,328.6,514.2,231.9,199.6,74.4,60.5,22.0,1648.2,31.6,185.3,1274.3,156.9,56.2,15.0,32.0,1
Sub-Himalayan West Bengal,2012,1.2,12.4,7.7,59.9,148.8,522.6,393.4,424.1,255.2,97.2,107.1,8.4,2038.0,13.5,216.4,1595.3,212.7,56.5,250.0,36.0,1
Bihar,2002,9.3,7.4,31.2,113.3,171.6,112.9,593.8,347.0,255.2,135.4,56.2,27.5,1860.7,16.7,316.0,1308.9,219.1,48.8,30.0,31.8,1
Sub-Himalayan West Bengal,2019,1.9,28.5,33.5,56.9,150.0,297.2,468.8,713.9,317.2,108.0,64.3,11.1,2251.3,30.4,240.4,1797.0,183.4,45.4,15.0,33.3,1
Gangetic West Bengal,2019,5.1,7.6,40.6,16.8,146.0,685.0,623.8,147.2,251.6,136.6,84.5,21.3,2166.1,12.7,203.4,1707.6,242.4,39.4,500.0,29.4,1
Konkan & Goa,1988,25.3,17.6,56.6,144.5,225.8,788.8,817.3,552.0,411.9,240.0,142.7,44.1,3466.6,43.0,426.9,2570.0,426.8,12.0,15.0,36.4,1
Kerala,2009,10.4,14.0,33.2,143.1,137.6,556.6,465.6,673.4,427.3,274.0,89.7,16.1,2840.8,24.4,313.9,2122.8,379.7,28.0,500.0,30.1,1
Gangetic West Bengal,2024,13.7,15.5,6.3,84.4,179.6,349.8,438.6,742.4,165.7,133.6,126.9,5.1,2261.8,29.2,270.3,1696.6,265.6,32.4,30.0,31.9,1
Sub-Himalayan West Bengal,2013,8.6,13.3,29.3,26.9,205.7,361.5,397.6,266.6,277.5,208.6,83.9,20.3,1899.8,21.8,261.8,1303.2,312.9,50.9,500.0,35.8,0
East Uttar Pradesh,1992,6.7,26.8,56.0,41.8,79.8,290.0,583.3,459.0,208.5,218.1,0.0,31.0,2001.0,33.5,177.7,1540.8,249.1,43.0,500.0,24.9,1
Bihar,1981,3.4,4.8,12.5,97.9,145.8,287.2,592.8,267.0,305.9,143.5,135.0,19.2,2015.0,8.2,256.2,1452.9,297.7,42.3,850.0,32.6,0
Gangetic West Bengal,1991,14.0,15.4,21.9,39.2,295.8,381.3,463.3,298.1,287.6,222.4,22.4,14.3,2075.7,29.5,356.8,1430.3,259.1,49.0,850.0,36.4,0
Kerala,1980,9.3,27.3,66.0,102.6,257.1,690.9,1029.0,547.5,264.0,299.7,118.4,28.2,3439.9,36.6,425.6,2531.3,446.3,12.0,250.0,36.0,1
Kerala,2016,12.4,20.9,64.3,82.6,184.5,536.0,887.5,925.5,482.1,169.1,116.9,37.0,3519.0,33.3,331.4,2831.2,323.1,12.0,15.0,34.4,1
Tamil Nadu,1995,0.0,24.6,43.0,60.5,225.7,293.0,670.2,574.7,379.2,167.8,69.3,9.6,2517.6,24.6,329.3,1917.1,246.7,29.3,15.0,28.9,1
Coastal Karnataka,2016,16.8,12.7,45.2,42.9,259.7,748.9,519.0,813.7,210.5,211.4,146.7,31.0,3058.5,29.4,347.8,2292.1,389.1,26.6,15.0,34.7,1
Gujarat Region,1984,17.2,8.7,22.9,83.8,148.0,424.8,635.5,283.4,196.4,187.0,81.2,0.0,2089.0,25.9,254.7,1540.1,268.2,45.1,250.0,35.1,1
Assam & Meghalaya,2016,15.8,11.0,56.2,99.3,203.8,616.4,803.6,713.0,301.1,150.1,120.6,6.7,3097.6,26.8,359.4,2434.2,277.3,12.0,15.0,32.9,1
Kerala,1990,23.7,42.2,30.9,84.0,217.1,563.0,826.9,471.6,486.2,255.2,63.1,17.7,3081.5,65.9,331.9,2347.6,336.0,12.0,250.0,36.9,1
Gujarat Region,2010,0.0,6.1,23.0,57.4,147.7,248.0,567.2,255.8,459.4,234.9,71.1,13.2,2083.7,6.1,228.1,1530.3,319.2,53.2,15.0,24.0,1
Kerala,1998,22.3,20.8,37.0,139.8,179.5,526.5,808.9,809.5,394.6,193.9,148.9,31.7,3313.4,43.1,356.3,2539.5,374.5,12.0,30.0,31.3,1
Gujarat Region,2024,18.5,7.0,35.4,65.3,97.7,549.2,527.2,547.3,367.4,88.6,52.0,1.1,2356.9,25.5,198.4,1991.2,141.8,26.7,30.0,37.0,1
Bihar,2021,7.8,11.9,8.9,56.2,49.7,286.4,703.5,304.2,211.8,99.0,63.8,11.0,1814.1,19.7,114.8,1505.8,173.8,26.7,850.0,31.7,0
Gujarat Region,1994,9.2,17.4,26.4,98.5,140.5,496.7,286.1,544.2,361.1,97.2,14.4,12.6,2104.4,26.6,265.4,1688.2,124.2,59.5,500.0,26.6,0
Sub-Himalayan West Bengal,2010,17.1,0.0,44.2,62.4,132.3,461.1,374.7,432.2,256.9,176.6,61.7,9.1,2028.4,17.1,238.9,1524.9,247.4,42.8,80.0,27.2,1
Kerala,1990,24.6,16.0,11.0,69.6,269.6,651.8,937.5,700.0,268.9,254.9,88.3,18.5,3310.8,40.6,350.3,2558.1,361.8,12.0,80.0,32.2,1
Rayalseema,1982,6.8,20.3,57.3,81.5,169.9,421.0,471.9,282.2,92.1,91.9,56.5,30.2,1781.7,27.1,308.7,1267.3,178.6,57.8,500.0,35.3,0
Kerala,2001,18.1,10.2,44.6,44.7,161.1,508.2,971.9,599.7,503.4,221.4,129.5,18.9,3231.7,28.3,250.4,2583.3,369.8,12.0,250.0,29.5,1
Rayalseema,1989,9.6,16.9,39.1,71.0,227.0,486.8,629.6,398.3,326.0,60.2,48.7,15.5,2328.6,26.5,337.1,1840.6,124.4,30.7,15.0,28.1,1
Assam & Meghalaya,2007,27.1,18.0,61.9,96.7,182.0,468.5,816.3,509.5,501.9,224.6,90.8,29.9,3027.2,45.0,340.6,2296.2,345.3,12.0,80.0,30.1,1
Assam & Meghalaya,2024,32.2,20.7,55.5,90.8,176.3,590.2,723.1,756.8,488.0,198.4,67.4,35.5,3235.0,53.0,322.6,2558.1,301.3,13.9,500.0,30.9,1
Gangetic West Bengal,1984,12.1,17.4,6.4,77.7,165.6,416.5,563.8,297.0,480.6,240.9,84.8,26.4,2389.2,29.5,249.7,1757.9,352.1,40.6,30.0,25.6,1
Konkan & Goa,2013,19.9,31.9,52.7,84.2,225.2,544.8,1328.6,686.9,421.4,215.9,57.4,11.4,3680.1,51.8,362.1,2981.7,284.6,12.0,850.0,32.1,1
Gujarat Region,2015,11.9,24.2,35.5,9.4,221.2,111.7,666.9,374.6,309.0,90.9,76.9,3.0,1935.3,36.1,266.0,1462.3,170.9,40.4,250.0,31.2,1
Konkan & Goa,1998,13.4,26.0,44.1,105.3,227.5,684.5,763.4,707.2,345.6,274.0,124.1,26.7,3341.7,39.4,376.8,2500.7,424.8,12.0,850.0,23.9,1
Gangetic West Bengal,2015,10.1,22.7,34.4,68.0,165.7,450.4,680.7,370.7,251.5,16.1,69.8,21.2,2161.4,32.8,268.2,1753.3,107.1,33.3,850.0,24.7,0
Rayalseema,1998,10.2,21.3,41.5,51.9,172.7,158.3,780.6,316.8,270.4,81.7,87.6,9.5,2002.6,31.6,266.1,1526.2,178.8,46.4,250.0,36.1,1
Tamil Nadu,1986,0.0,18.2,21.7,53.2,249.4,503.0,835.6,242.5,67.1,227.0,106.6,10.1,2334.5,18.2,324.4,1648.3,343.7,33.6,30.0,36.4,1
Konkan & Goa,1980,6.8,21.1,44.8,113.5,215.2,376.5,1079.4,892.7,295.6,258.1,149.1,22.1,3474.9,27.9,373.5,2644.3,429.2,12.0,30.0,36.8,1
Bihar,2009,6.4,15.8,43.2,0.0,181.1,278.8,389.5,515.9,306.4,65.3,59.3,25.0,1886.8,22.2,224.3,1490.6,149.6,52.5,250.0,36.0,1
Gangetic West Bengal,1993,19.2,24.0,31.5,83.7,178.7,427.3,655.2,580.6,183.1,300.4,68.1,18.9,2570.7,43.1,293.9,1846.2,387.5,32.7,30.0,29.1,1
Kerala,1996,18.1,33.7,23.5,109.9,311.7,546.6,1028.8,831.4,580.2,246.0,124.4,24.5,3878.7,51.8,445.0,2987.1,394.8,12.0,850.0,34.3,1
Tamil Nadu,1998,20.6,12.6,43.5,111.8,221.0,318.1,312.9,302.0,104.4,200.6,4.9,28.1,1680.3,33.2,376.2,1037.4,233.5,61.1,850.0,35.6,0
Kerala,2019,13.5,0.0,67.0,99.9,235.3,668.2,842.0,513.1,457.2,260.6,46.8,34.3,3237.9,13.5,402.2,2480.5,341.7,14.3,850.0,30.7,1
Kerala,2008,5.4,17.0,34.6,83.3,252.9,623.4,833.9,642.2,317.2,258.1,112.7,7.1,3187.7,22.3,370.7,2416.7,377.9,12.0,30.0,31.3,1
Tamil Nadu,1987,18.2,11.8,12.7,57.1,174.8,316.6,502.0,450.7,357.1,45.9,89.7,20.6,2057.2,30.0,244.6,1626.4,156.2,36.2,80.0,35.0,1
Tamil Nadu,1999,8.7,13.9,33.7,46.4,129.2,188.9,677.8,521.3,72.7,238.7,73.0,16.7,2021.0,22.6,209.3,1460.7,328.3,34.5,30.0,26.6,1
East Uttar Pradesh,2023,20.4,7.9,45.4,130.2,136.5,436.1,381.5,392.9,255.1,133.3,78.4,30.5,2048.2,28.3,312.0,1465.5,242.3,55.6,15.0,31.5,1
Odisha,1986,0.0,24.9,28.1,66.9,173.3,463.9,534.4,226.1,257.9,196.3,58.5,27.7,2058.1,24.9,268.4,1482.4,282.5,38.7,80.0,25.1,1
Rayalseema,2004,17.9,12.6,35.4,140.0,116.3,209.6,502.9,446.4,402.5,244.4,49.3,23.6,2201.0,30.5,291.7,1561.4,317.3,44.8,80.0,33.5,1
Gangetic West Bengal,1997,7.4,8.5,20.0,42.4,182.3,285.0,508.5,422.0,276.0,116.6,60.9,2.0,1931.6,15.8,244.7,1491.5,179.6,50.8,80.0,28.7,1
Rayalseema,2005,7.0,10.8,54.0,77.1,201.9,417.0,461.7,736.3,391.3,168.0,90.5,17.8,2633.4,17.8,333.0,2006.4,276.3,37.0,30.0,27.6,1
Bihar,1996,11.1,0.3,40.3,107.4,89.6,296.4,368.1,448.1,315.7,66.7,91.2,7.8,1842.7,11.4,237.3,1428.4,165.7,46.8,850.0,30.4,0
Odisha,1982,14.9,18.3,22.8,62.9,267.0,122.9,586.4,671.2,219.5,81.9,54.2,3.0,2125.0,33.3,352.7,1600.0,139.1,43.9,500.0,31.4,1
Odisha,1997,13.9,2.0,53.3,7.2,184.7,205.7,311.3,450.2,245.0,88.8,73.0,15.9,1651.0,16.0,245.2,1212.2,177.7,71.9,500.0,30.6,0
Assam & Meghalaya,1998,11.8,17.2,45.7,128.5,194.9,489.5,1045.0,489.8,354.1,337.4,117.4,14.3,3245.7,29.0,369.1,2378.4,469.1,12.0,250.0,29.6,1
Kerala,1982,11.7,14.1,49.2,118.4,139.2,516.3,1263.5,875.7,324.5,285.0,131.4,20.0,3748.9,25.8,306.8,2980.0,436.4,12.0,850.0,35.0,1
Odisha,1992,10.7,20.0,41.6,117.5,166.1,357.1,598.3,562.7,321.8,288.3,74.0,13.5,2571.6,30.7,325.1,1839.9,375.9,28.9,30.0,34.4,1
Gujarat Region,1993,17.0,27.8,67.3,91.3,229.9,375.6,196.3,361.6,333.3,152.4,70.2,19.0,1941.8,44.8,388.6,1266.8,241.6,70.6,500.0,29.3,0
Sub-Himalayan West Bengal,1980,13.9,9.0,36.8,48.2,126.6,374.5,571.5,614.9,305.2,160.9,89.5,15.5,2366.6,22.9,211.6,1866.1,265.9,37.4,30.0,32.7,1
Konkan & Goa,1981,9.6,21.6,52.8,120.8,297.0,578.5,931.0,563.7,473.9,293.5,116.0,34.2,3492.7,31.2,470.6,2547.1,443.7,12.0,850.0,36.3,1
Gujarat Region,2023,1.4,12.6,15.2,99.1,196.1,387.7,528.2,368.1,188.9,150.2,50.7,31.6,2029.9,14.0,310.5,1473.0,232.5,37.3,500.0,36.3,1
Assam & Meghalaya,2009,11.9,20.4,54.5,64.3,248.6,484.8,495.4,713.4,373.8,298.0,96.2,16.7,2878.0,32.3,367.4,2067.4,410.9,38.2,500.0,29.0,1
Gujarat Region,1987,17.2,9.0,9.4,39.7,216.4,502.6,534.0,378.7,106.0,195.6,77.0,13.4,2098.9,26.1,265.4,1521.3,286.0,50.7,15.0,25.7,1
Konkan & Goa,1986,24.5,17.8,66.5,94.6,234.0,641.9,1032.2,765.5,438.2,138.2,126.6,33.0,3613.0,42.4,395.1,2877.7,297.8,12.0,15.0,30.1,1
Rayalseema,1989,8.6,21.9,14.9,76.4,80.6,209.6,528.6,397.7,226.3,152.4,19.2,10.3,1746.6,30.5,172.0,1362.2,181.9,52.1,30.0,29.8,1
Kerala,1991,24.1,7.3,51.7,61.6,233.7,560.0,688.0,891.6,336.2,216.6,107.3,30.3,3208.2,31.3,347.0,2475.7,354.2,15.0,250.0,35.4,1
Bihar,2011,8.6,4.0,45.6,24.0,166.9,692.6,609.2,265.7,269.5,124.5,75.2,0.0,2285.8,12.6,236.4,1837.0,199.8,39.2,250.0,32.1,1
Odisha,1982,0.0,28.8,50.6,69.8,167.5,228.0,406.8,498.3,358.2,90.5,27.2,33.1,1958.8,28.8,287.9,1491.2,150.8,47.4,80.0,30.1,1
Rayalseema,2019,13.8,20.5,18.4,68.1,55.5,304.4,212.0,372.4,220.0,95.2,70.1,11.5,1462.0,34.4,142.0,1108.8,176.9,60.6,500.0,27.1,0
East Uttar Pradesh,1981,13.5,23.7,37.2,44.7,108.8,412.8,663.8,500.9,356.4,52.3,66.7,17.7,2298.5,37.2,190.8,1933.8,136.6,20.2,30.0,28.1,1
Sub-Himalayan West Bengal,2007,0.4,12.0,21.3,39.5,187.3,138.3,436.5,287.2,360.0,182.9,70.7,11.3,1747.3,12.5,248.1,1221.9,264.9,62.7,250.0,31.7,1
Rayalseema,2022,14.2,1.0,23.1,56.2,138.8,290.1,326.6,502.4,188.9,176.9,64.2,9.5,1791.8,15.2,218.1,1308.0,250.6,53.1,500.0,34.6,0
Coastal Karnataka,2004,16.1,24.3,81.0,89.2,265.7,312.4,677.6,884.4,620.1,193.6,106.9,18.0,3289.2,40.4,435.9,2494.5,318.5,12.0,500.0,25.9,1
Sub-Himalayan West Bengal,2020,3.3,20.1,43.6,78.8,83.3,360.0,575.6,457.0,208.9,133.3,56.8,26.9,2047.6,23.4,205.7,1601.5,217.0,45.8,15.0,26.9,1
Tamil Nadu,1984,16.3,15.3,7.0,26.2,159.3,448.9,538.0,506.9,209.8,119.0,59.6,0.0,2106.3,31.5,192.5,1703.6,178.6,33.3,250.0,24.8,1
Odisha,2004,9.1,10.9,11.8,49.8,69.8,109.4,519.0,601.6,340.5,81.1,40.4,26.0,1869.4,20.0,131.4,1570.5,147.5,34.2,850.0,34.5,0
Coastal Karnataka,1980,22.9,19.4,30.9,131.3,286.5,363.9,860.4,549.8,479.0,317.2,121.2,21.3,3203.6,42.3,448.7,2253.0,459.6,13.9,250.0,32.4,1
Gujarat Region,2024,10.6,22.9,38.3,42.8,170.2,422.2,616.6,231.9,262.9,224.7,49.0,10.7,2102.9,33.6,251.2,1533.5,284.5,34.3,250.0,35.5,1
Assam & Meghalaya,1984,21.7,26.0,44.9,70.0,239.2,603.5,741.3,685.7,296.3,197.6,105.4,15.5,3047.1,47.7,354.1,2326.8,318.5,12.0,15.0,36.9,1
Sub-Himalayan West Bengal,2001,22.0,26.5,0.2,63.5,83.3,263.4,578.1,363.1,221.3,164.7,76.7,4.7,1867.5,48.4,147.1,1425.9,246.1,51.7,30.0,30.2,1
Konkan & Goa,2004,18.4,17.0,29.9,84.0,164.0,720.7,851.2,553.3,293.5,343.5,120.4,15.1,3211.1,35.5,277.9,2418.7,479.0,12.9,80.0,30.1,1
Assam & Meghalaya,1987,18.0,29.3,33.8,101.6,267.9,336.6,661.9,722.6,283.7,141.8,171.8,26.0,2795.2,47.4,403.3,2004.9,339.7,14.7,30.0,33.2,1
Gangetic West Bengal,2013,7.4,4.9,36.3,94.6,206.5,487.6,443.6,366.9,104.4,136.4,111.8,0.0,2000.5,12.3,337.4,1402.5,248.2,37.2,30.0,29.6,1
Tamil Nadu,2013,15.8,13.2,27.5,75.4,162.3,244.5,475.2,452.8,236.8,243.2,58.0,30.0,2034.7,29.0,265.2,1409.3,331.2,46.0,250.0,36.3,1
Konkan & Goa,2011,16.8,23.7,40.9,45.7,227.5,755.3,752.1,873.3,422.0,297.0,101.7,26.9,3582.7,40.4,314.0,2802.7,425.6,12.0,850.0,33.7,1
Gangetic West Bengal,2018,7.8,11.6,26.1,69.6,97.2,170.5,682.8,232.1,202.5,168.2,118.6,2.3,1789.2,19.4,192.9,1287.9,289.1,44.8,80.0,33.1,1
Assam & Meghalaya,1989,14.3,27.4,53.9,29.2,222.8,263.5,762.0,707.6,407.6,203.9,111.7,14.5,2818.5,41.7,305.9,2140.8,330.1,20.2,850.0,35.0,1
Gujarat Region,2004,8.1,22.6,26.0,15.2,106.9,238.1,561.5,465.5,395.1,113.9,66.7,12.7,2032.2,30.7,148.1,1660.2,193.3,32.7,15.0,36.0,0
Tamil Nadu,1988,8.8,4.7,44.3,20.0,88.1,495.4,596.0,219.9,371.0,123.7,54.2,1.4,2027.5,13.5,152.4,1682.3,179.3,34.9,250.0,34.9,1
Odisha,1982,7.2,5.5,50.9,96.9,201.0,261.1,519.5,386.0,221.2,20.9,56.3,5.6,1832.2,12.7,348.9,1387.8,82.8,46.1,15.0,35.1,1
Odisha,1997,6.4,16.5,26.9,50.8,216.4,402.7,520.6,468.3,350.4,263.3,68.8,13.6,2404.8,22.9,294.1,1742.1,345.7,35.9,250.0,34.4,1
Konkan & Goa,1996,15.9,8.7,44.2,114.0,276.7,350.0,791.1,616.3,365.8,243.0,96.8,19.8,2942.3,24.6,434.9,2123.2,359.6,12.6,80.0,34.8,1
Konkan & Goa,1985,23.3,30.5,47.3,102.4,192.1,550.6,739.7,702.5,477.4,252.7,102.5,23.5,3244.6,53.7,341.8,2470.3,378.7,13.8,250.0,35.6,1
Coastal Karnataka,1999,17.3,28.0,48.5,123.9,263.6,482.6,655.0,685.3,490.5,99.2,138.5,36.8,3069.1,45.3,436.0,2313.4,274.4,17.5,850.0,29.2,1
Coastal Karnataka,1982,18.3,20.1,43.2,121.6,302.1,550.0,862.4,787.3,306.0,198.7,88.2,25.0,3322.9,38.3,466.9,2505.8,311.9,12.0,30.0,36.3,1
Odisha,2000,12.4,3.2,11.2,67.4,134.7,250.4,606.2,382.8,241.0,243.1,85.6,9.0,2046.9,15.6,213.3,1480.4,337.6,43.1,80.0,35.2,1
Gangetic West Bengal,2002,12.6,28.4,49.7,118.3,244.2,360.9,535.5,562.1,211.7,149.4,34.9,19.9,2327.6,41.0,412.2,1670.1,204.3,41.1,15.0,26.2,1
East Uttar Pradesh,2017,5.9,14.8,63.2,91.1,69.7,518.9,555.2,620.0,240.1,129.1,91.8,25.2,2425.0,20.7,224.0,1934.2,246.1,34.2,30.0,26.5,1
Konkan & Goa,1996,23.8,27.2,67.0,90.6,240.7,708.5,1045.9,758.5,387.6,267.7,45.8,25.5,3688.8,51.0,398.4,2900.5,339.0,12.0,15.0,32.4,1
Gujarat Region,1987,18.9,31.5,33.2,119.8,170.1,500.7,582.4,299.2,227.2,171.6,110.7,31.2,2296.3,50.4,323.1,1609.4,313.4,34.2,30.0,29.5,1
Tamil Nadu,2017,5.6,30.0,25.8,27.1,119.4,426.8,226.8,257.3,277.0,190.7,64.7,40.6,1691.8,35.6,172.3,1187.9,296.0,58.0,80.0,25.2,1
Gangetic West Bengal,1980,7.6,8.6,21.9,53.5,93.6,264.4,432.6,439.7,105.5,232.6,53.9,20.0,1734.1,16.2,169.1,1242.2,306.6,50.9,80.0,26.6,1
Odisha,2019,11.1,22.4,22.4,49.6,181.6,479.7,652.8,365.8,437.7,110.6,63.3,23.1,2420.2,33.5,253.6,1936.1,196.9,35.3,500.0,28.7,1
Rayalseema,1983,11.4,29.7,48.2,99.2,217.3,382.8,984.4,428.1,328.4,159.2,64.6,11.2,2764.5,41.1,364.7,2123.7,235.0,16.9,15.0,32.6,1
East Uttar Pradesh,1995,7.1,18.2,10.6,81.0,207.7,609.8,605.9,648.1,243.0,103.1,92.4,3.4,2630.3,25.3,299.3,2106.8,198.9,26.8,80.0,29.0,1
Sub-Himalayan West Bengal,1986,0.0,19.2,37.8,76.6,92.1,476.5,371.8,321.6,176.0,352.5,158.1,39.0,2121.1,19.2,206.5,1345.8,549.6,54.3,500.0,32.2,0
Gangetic West Bengal,2019,8.2,16.1,39.6,105.6,138.1,280.0,567.4,443.6,143.4,123.1,85.3,15.4,1965.6,24.3,283.3,1434.4,223.7,44.2,30.0,30.7,1
Kerala,1995,13.7,34.8,35.6,117.1,236.3,671.7,457.0,534.5,367.1,218.0,103.9,15.5,2805.2,48.5,389.0,2030.3,337.4,33.6,30.0,33.8,1
Bihar,1999,12.8,25.8,53.2,95.5,149.9,255.2,312.4,483.7,231.2,179.6,54.8,35.4,1889.4,38.5,298.6,1282.5,269.8,60.2,250.0,29.6,0
Bihar,1999,6.1,20.9,16.6,43.1,10.8,275.8,614.1,299.8,171.4,0.0,32.9,9.9,1501.3,27.0,70.4,1361.0,42.8,44.0,250.0,33.1,1
Assam & Meghalaya,2018,22.6,15.5,57.8,103.1,184.4,509.3,971.2,541.5,344.3,103.3,121.2,32.3,3006.5,38.1,345.3,2366.3,256.8,12.0,80.0,34.7,0
Sub-Himalayan West Bengal,1998,22.5,0.0,27.3,93.6,140.9,442.1,792.4,442.5,189.0,76.8,75.6,10.0,2312.8,22.5,261.9,1866.0,162.3,28.8,15.0,28.1,1
Coastal Karnataka,2008,10.0,26.3,7.0,119.4,241.2,431.5,1022.7,791.5,341.9,254.9,128.8,50.3,3425.5,36.3,367.6,2587.6,434.0,12.0,850.0,31.4,1
East Uttar Pradesh,1982,6.5,0.0,22.3,76.3,122.5,451.6,468.3,553.6,192.8,193.5,120.2,37.3,2244.8,6.5,221.0,1666.3,351.0,45.6,80.0,29.2,1
Gangetic West Bengal,2023,9.9,9.1,23.0,106.4,128.0,471.7,276.5,491.5,211.0,117.5,113.3,17.8,1975.9,19.1,257.5,1450.7,248.6,58.5,850.0,30.9,0
Rayalseema,2014,9.0,12.4,19.7,69.1,73.5,380.9,469.6,319.3,258.1,169.5,60.3,16.0,1857.3,21.4,162.3,1427.9,245.8,53.4,500.0,29.8,0
Assam & Meghalaya,1987,7.2,22.3,30.1,60.7,194.9,555.1,837.7,277.8,423.0,305.8,118.6,2.1,2835.3,29.6,285.6,2093.6,426.5,20.6,15.0,36.7,1
Odisha,1990,13.7,18.3,27.5,20.4,212.0,320.1,713.6,394.9,223.2,248.7,53.8,23.2,2269.4,32.0,260.0,1651.7,325.7,28.1,250.0,35.7,1
Konkan & Goa,2001,15.4,26.5,37.1,107.3,264.0,667.1,484.8,696.6,471.6,142.8,96.8,29.0,3039.0,41.9,408.4,2320.1,268.7,28.0,850.0,35.4,1
Konkan & Goa,1990,20.9,19.0,35.3,75.4,305.3,676.7,846.9,583.7,411.5,259.4,88.4,32.0,3354.2,39.9,415.9,2518.7,379.7,12.0,30.0,25.1,1
Rayalseema,1986,10.2,22.2,25.1,73.7,102.6,624.5,522.9,306.3,302.6,121.1,85.8,26.1,2222.9,32.3,201.4,1756.3,232.9,28.1,30.0,34.9,1
Assam & Meghalaya,1996,18.3,24.5,79.9,94.6,269.4,574.2,960.1,742.8,420.7,355.7,78.5,39.1,3657.9,42.8,444.0,2697.8,473.3,12.0,500.0,35.8,1
East Uttar Pradesh,2004,16.1,14.1,27.2,42.7,179.3,441.2,751.7,563.3,283.8,40.0,130.5,18.9,2508.7,30.2,249.2,2039.9,189.4,29.8,850.0,29.2,0
Kerala,1986,20.0,33.8,42.0,67.0,233.0,451.7,788.5,698.6,408.4,314.1,89.0,43.3,3189.4,53.8,342.0,2347.2,446.4,18.8,15.0,27.1,1
Gangetic West Bengal,2002,9.0,6.1,23.9,48.5,141.1,392.2,657.6,255.1,353.2,124.9,106.4,13.7,2131.7,15.0,213.6,1658.1,245.0,29.9,80.0,26.1,1
Bihar,2013,14.2,12.6,51.7,52.8,121.1,287.4,599.5,323.9,221.8,157.7,68.3,23.1,1934.1,26.8,225.6,1432.6,249.1,43.4,850.0,26.2,0
Konkan & Goa,1985,11.5,33.5,42.9,67.2,295.2,517.1,596.1,666.5,351.0,383.3,116.8,17.2,3098.5,45.1,405.3,2130.7,517.4,21.1,500.0,35.5,1
Odisha,1993,7.9,24.9,36.8,53.1,143.6,141.4,592.0,577.8,23.9,202.3,82.0,17.7,1903.5,32.8,233.5,1335.1,302.1,48.9,250.0,32.8,1
Bihar,2011,0.0,13.1,17.2,61.2,63.3,446.2,517.3,587.4,312.9,127.5,63.6,22.5,2232.1,13.1,141.7,1863.8,213.6,35.0,15.0,34.1,1
Tamil Nadu,2016,10.7,9.9,52.5,75.0,281.0,307.4,501.7,450.6,298.3,86.6,91.2,13.0,2178.0,20.7,408.6,1558.0,190.8,35.7,30.0,34.2,1
Odisha,1992,8.0,17.8,22.1,33.9,186.7,357.3,575.4,463.4,287.6,175.6,92.8,5.1,2225.7,25.8,242.7,1683.7,273.5,32.6,500.0,33.1,1
Gujarat Region,1993,16.3,22.5,46.2,28.5,94.5,223.0,471.6,314.2,210.8,198.0,42.5,31.7,1699.9,38.8,169.2,1219.7,272.3,57.9,15.0,33.4,1
Konkan & Goa,2023,11.9,24.1,40.2,95.8,354.4,628.5,709.1,669.4,428.4,339.2,78.0,31.2,3410.2,36.0,490.4,2435.4,448.4,12.0,250.0,24.0,1
Gujarat Region,2013,5.0,16.6,18.6,31.9,132.6,237.4,420.6,409.9,299.0,116.7,89.9,15.1,1793.4,21.7,183.1,1366.9,221.7,52.3,80.0,32.0,1
Assam & Meghalaya,2018,14.0,14.3,49.7,119.4,297.0,427.2,818.9,701.6,452.1,286.7,56.1,24.6,3261.7,28.3,466.2,2399.8,367.4,12.0,80.0,27.8,1
Assam & Meghalaya,1996,14.9,16.6,48.0,87.8,290.4,590.8,894.2,520.9,269.0,230.4,80.9,20.2,3064.0,31.5,426.2,2274.9,331.5,19.6,15.0,28.7,1
Gujarat Region,2012,11.5,6.9,33.4,89.2,160.4,549.6,523.1,360.6,353.7,187.7,62.5,9.0,2347.7,18.5,283.0,1787.0,259.3,43.8,500.0,33.7,0
Coastal Karnataka,1982,16.5,28.0,60.2,154.8,269.2,705.7,848.4,871.1,533.2,303.8,74.3,14.1,3879.4,44.5,484.3,2958.4,392.2,12.0,30.0,29.6,1
East Uttar Pradesh,1982,4.0,14.2,19.8,71.3,96.4,354.9,374.1,591.3,352.7,123.2,98.5,23.7,2123.9,18.2,187.4,1673.0,245.3,44.3,80.0,24.5,1
East Uttar Pradesh,1991,0.0,17.3,14.9,38.7,178.7,352.2,562.9,319.2,267.7,152.9,104.4,11.0,2020.1,17.3,232.4,1502.0,268.3,42.8,80.0,26.1,0
Coastal Karnataka,1995,10.4,16.0,32.6,55.2,284.4,481.0,484.6,767.3,390.6,234.4,105.9,8.8,2871.3,26.4,372.2,2123.5,349.2,28.3,80.0,33.9,1
Sub-Himalayan West Bengal,2009,7.2,8.3,12.0,0.0,134.8,291.1,602.2,295.0,266.6,304.7,99.8,3.9,2025.7,15.5,146.8,1454.9,408.5,40.2,15.0,29.0,1
Konkan & Goa,1991,22.7,19.5,36.6,127.6,198.6,513.8,793.6,658.7,492.8,317.0,82.1,0.0,3263.0,42.2,362.8,2458.9,399.1,12.0,850.0,34.4,1
Tamil Nadu,2016,17.0,25.8,34.3,37.8,118.3,161.3,637.8,613.1,234.4,73.4,75.4,24.7,2053.3,42.8,190.4,1646.6,173.5,34.8,850.0,32.6,0
East Uttar Pradesh,1995,13.1,22.1,33.8,70.2,179.4,479.6,181.4,571.3,331.3,66.3,107.7,10.7,2066.9,35.2,283.4,1563.5,184.7,57.1,80.0,28.8,1
Sub-Himalayan West Bengal,2009,16.3,23.5,18.6,75.9,110.9,330.8,594.0,610.1,303.0,155.7,84.2,27.2,2350.1,39.8,205.4,1837.9,267.1,36.2,30.0,36.4,1
Gangetic West Bengal,2014,0.0,15.8,4.2,15.5,171.7,483.8,458.6,576.9,192.3,129.3,66.8,21.2,2136.1,15.8,191.4,1711.6,217.3,41.3,15.0,25.8,1
Kerala,1982,17.0,21.9,67.1,120.6,249.0,814.9,748.5,727.0,525.5,154.5,125.0,36.6,3607.7,38.9,436.8,2815.9,316.1,12.0,30.0,25.2,1
Sub-Himalayan West Bengal,2013,12.6,18.4,26.3,68.1,216.5,356.2,421.1,338.1,244.8,10.6,104.9,19.1,1836.5,30.9,310.9,1360.1,134.6,50.3,30.0,26.7,1
Coastal Karnataka,2014,22.8,31.6,58.3,121.8,275.9,663.9,805.9,619.5,449.3,178.4,136.9,36.4,3400.7,54.4,456.0,2538.5,351.7,18.3,30.0,31.8,1
Konkan & Goa,1992,6.0,21.9,0.0,115.3,278.7,504.4,1010.6,632.4,399.1,245.1,121.7,27.0,3362.2,27.9,394.0,2546.4,393.9,12.0,850.0,24.7,1
Gujarat Region,2009,3.9,13.1,36.3,58.8,148.4,403.5,665.7,585.8,166.6,204.2,105.2,8.5,2400.1,17.0,243.5,1821.6,318.0,35.4,250.0,26.4,1
Gujarat Region,2003,20.3,8.7,20.5,58.1,47.5,410.2,484.9,270.3,406.7,150.9,94.0,23.7,1995.9,29.0,126.1,1572.2,268.6,42.9,80.0,36.2,1
Konkan & Goa,2013,0.0,15.5,69.7,100.6,210.0,271.9,673.9,520.8,424.9,277.2,87.2,26.2,2677.8,15.5,380.3,1891.5,390.5,28.7,250.0,35.0,1
Gujarat Region,2002,0.8,6.9,42.2,90.5,213.2,569.8,445.4,632.8,279.2,149.6,70.8,18.2,2519.2,7.7,345.9,1927.2,238.5,34.5,80.0,23.3,1
Rayalseema,2003,13.1,13.0,32.5,54.4,70.2,390.7,789.9,211.9,367.5,88.4,35.4,12.7,2079.6,26.1,157.1,1760.0,136.4,30.3,15.0,25.7,1
Bihar,1994,14.4,21.3,19.6,40.3,66.1,347.0,326.6,395.8,288.6,126.1,1.9,17.7,1665.6,35.8,126.1,1358.0,145.8,56.1,500.0,28.3,0
Sub-Himalayan West Bengal,2003,10.2,5.8,42.4,62.4,161.8,49.4,156.9,615.7,382.3,182.0,64.5,0.0,1733.4,16.0,266.6,1204.4,246.5,57.8,250.0,35.6,0
Gujarat Region,2001,14.8,16.1,29.3,57.0,134.2,471.2,564.0,322.3,265.1,193.0,101.6,6.6,2175.2,30.9,220.5,1622.6,301.1,31.6,850.0,35.4,0
Assam & Meghalaya,2001,10.4,17.8,40.9,75.8,280.5,465.0,750.0,834.8,472.1,314.9,63.0,26.5,3351.7,28.3,397.2,2521.9,404.3,12.0,80.0,27.2,1
Rayalseema,1988,17.4,17.6,29.5,66.0,176.2,486.4,493.6,567.0,159.8,114.0,81.1,8.3,2216.9,35.0,271.7,1706.8,203.4,37.3,850.0,31.4,0
Assam & Meghalaya,2024,11.2,20.4,46.6,85.7,274.2,556.8,957.1,592.1,232.9,242.8,64.8,22.6,3107.0,31.6,406.4,2338.8,330.1,12.0,850.0,32.6,1
Gujarat Region,2022,16.7,5.1,40.1,10.3,198.8,28.9,375.5,99.0,395.2,149.1,76.6,20.0,1415.3,21.8,249.2,898.6,245.7,63.9,850.0,35.8,0
Assam & Meghalaya,2023,21.9,21.4,61.3,84.1,226.3,679.4,821.2,467.1,308.0,240.9,80.4,11.6,3023.3,43.2,371.6,2275.6,332.8,14.9,850.0,28.2,1
Konkan & Goa,1990,27.1,17.8,33.7,130.9,385.3,651.4,932.7,780.6,485.3,245.9,134.6,9.6,3834.8,44.9,549.9,2850.0,390.0,12.0,850.0,32.7,1
Bihar,2018,2.9,8.2,32.9,49.2,66.2,336.6,734.4,300.1,163.1,115.7,65.7,16.5,1891.5,11.1,148.3,1534.1,197.9,35.7,30.0,28.3,1
Konkan & Goa,2018,14.5,40.2,57.5,112.6,192.6,425.0,689.4,885.6,418.4,226.8,94.7,28.8,3186.1,54.7,362.7,2418.4,350.3,13.8,30.0,33.3,1
Kerala,1981,15.3,13.2,42.7,95.2,194.7,852.9,955.5,600.0,530.1,338.1,98.4,29.1,3765.4,28.5,332.6,2938.6,465.6,12.0,500.0,25.9,1
Konkan & Goa,2020,10.2,24.8,25.9,104.6,203.3,650.2,989.0,620.9,242.9,298.8,116.9,22.8,3310.1,34.9,333.7,2502.9,438.5,12.0,15.0,32.8,1
Bihar,1995,12.4,10.9,24.7,15.4,160.6,248.3,493.0,315.1,278.4,204.3,92.2,21.5,1876.8,23.3,200.7,1334.7,318.0,45.7,250.0,26.8,1
Kerala,1984,21.0,25.5,58.0,103.6,267.1,316.8,865.3,480.2,497.7,322.3,146.7,22.4,3126.6,46.6,428.7,2160.0,491.3,12.0,250.0,28.5,1
Rayalseema,1993,9.1,19.9,46.6,17.5,110.4,328.8,491.8,324.1,309.3,89.0,80.0,12.7,1839.1,29.0,174.5,1453.9,181.7,36.6,500.0,33.9,0
Sub-Himalayan West Bengal,1982,3.6,4.3,44.5,52.0,92.3,189.8,480.6,448.1,323.6,132.7,124.8,16.3,1912.7,7.9,188.9,1442.1,273.8,50.2,500.0,25.8,0
Odisha,2007,6.9,11.4,15.1,68.1,204.0,147.3,713.6,476.3,272.1,188.6,93.1,26.3,2222.8,18.3,287.2,1609.4,307.9,25.6,500.0,28.4,1
Coastal Karnataka,1980,25.8,9.4,37.1,90.7,312.1,457.2,727.2,584.7,210.1,297.6,95.7,35.6,2883.2,35.3,439.9,1979.2,428.9,31.5,80.0,23.9,1
East Uttar Pradesh,2023,20.0,15.3,25.5,63.1,167.3,438.0,392.2,496.7,143.1,167.4,45.4,20.7,1994.5,35.3,255.9,1469.9,233.4,45.4,850.0,23.5,0
Tamil Nadu,1993,4.5,12.3,10.4,87.4,115.8,289.1,464.0,380.5,311.1,278.3,32.7,34.7,2020.8,16.8,213.5,1444.8,345.7,48.6,500.0,36.3,0
Konkan & Goa,1996,13.5,20.7,54.7,99.0,299.5,532.1,735.5,626.9,469.4,145.2,113.4,26.7,3136.6,34.2,453.1,2363.9,285.3,15.9,850.0,30.1,1
Rayalseema,2013,2.3,5.0,57.3,56.1,300.1,437.3,479.1,347.2,185.6,193.6,65.8,7.5,2137.0,7.3,413.5,1449.2,266.9,46.6,250.0,35.8,1
Gujarat Region,1999,27.0,16.2,34.8,88.3,108.5,157.1,744.4,342.6,340.4,187.7,75.5,28.3,2150.8,43.2,231.5,1584.6,291.5,38.0,15.0,23.3,1
Sub-Himalayan West Bengal,2000,10.6,9.7,17.3,37.8,133.3,266.8,371.7,628.1,90.7,173.1,42.9,19.9,1802.0,20.3,188.4,1357.4,235.9,47.1,15.0,26.9,1
Gangetic West Bengal,1996,17.9,9.5,26.5,71.8,52.9,219.6,389.5,345.0,186.4,231.0,0.0,16.3,1566.3,27.4,151.2,1140.4,247.2,66.4,250.0,23.8,0
Coastal Karnataka,2015,8.9,13.2,43.6,126.5,278.0,708.4,630.3,777.8,422.5,205.8,91.5,33.1,3339.4,22.1,448.1,2538.9,330.4,12.0,30.0,25.0,1
Gujarat Region,1991,4.5,10.4,34.4,49.3,162.1,445.8,671.8,426.1,400.7,241.0,47.4,12.4,2505.8,14.9,245.8,1944.3,300.8,35.4,500.0,28.0,1
Rayalseema,1989,9.5,3.2,33.8,54.4,154.2,250.5,692.8,287.0,48.3,137.5,65.4,20.6,1756.9,12.7,242.3,1278.5,223.4,42.6,30.0,28.3,1
Konkan & Goa,1998,9.8,5.2,48.0,115.4,251.9,506.0,966.0,892.7,402.3,256.9,125.0,42.2,3621.4,15.0,415.3,2767.0,424.1,12.0,250.0,31.2,1
Gujarat Region,2008,7.7,11.2,3.9,76.1,152.0,474.3,596.4,469.8,234.9,138.7,31.5,17.0,2213.6,18.9,232.0,1775.5,187.2,35.9,250.0,23.4,1
Odisha,2004,15.3,12.5,78.8,55.0,144.6,362.4,352.4,303.6,221.1,182.3,7.3,6.0,1741.2,27.8,278.4,1239.4,195.7,52.0,500.0,36.8,0
East Uttar Pradesh,1997,20.9,14.3,44.8,50.6,205.1,295.1,388.3,365.8,463.4,190.1,94.1,18.4,2150.9,35.2,300.5,1512.6,302.6,45.7,850.0,27.2,0
Gujarat Region,2012,6.4,10.0,46.9,57.0,0.0,269.7,228.1,368.0,242.5,94.1,6.8,17.4,1346.9,16.4,103.8,1108.3,118.3,60.0,80.0,33.7,1
Konkan & Goa,2011,11.7,28.0,42.8,80.6,220.6,698.0,531.7,668.1,422.2,173.3,114.3,22.9,3014.3,39.7,344.0,2320.0,310.5,24.5,15.0,27.7,1
Coastal Karnataka,2000,15.7,31.3,36.2,134.9,242.7,521.6,1052.2,744.9,546.6,218.3,113.2,24.3,3681.9,47.0,413.7,2865.3,355.9,12.0,15.0,33.1,1
Bihar,1989,9.1,12.6,45.9,68.2,124.8,478.7,409.1,277.0,141.7,89.6,32.5,39.5,1728.7,21.7,238.8,1306.5,161.7,55.8,250.0,29.6,1
Gujarat Region,1999,12.7,0.0,17.2,67.2,188.6,333.6,722.8,455.9,164.1,144.8,42.9,13.6,2163.4,12.7,273.0,1676.4,201.3,37.4,30.0,28.5,1
Gangetic West Bengal,1981,12.9,7.3,14.2,38.0,162.9,446.1,544.4,341.9,301.0,142.1,86.9,0.0,2097.7,20.2,215.0,1633.5,229.0,42.2,80.0,30.4,1
Konkan & Goa,1995,17.3,22.0,53.7,133.3,261.3,497.4,803.9,339.6,483.2,197.5,97.3,21.2,2927.7,39.4,448.3,2124.0,315.9,27.9,850.0,36.1,1
Gangetic West Bengal,2005,11.6,15.7,21.4,106.7,182.6,263.0,514.1,496.0,217.6,180.4,70.3,8.6,2087.8,27.2,310.6,1490.7,259.3,41.8,500.0,31.1,1
East Uttar Pradesh,1990,10.5,10.5,54.3,85.6,141.4,155.2,738.3,345.7,258.4,168.6,79.6,32.1,2080.1,21.0,281.2,1497.6,280.3,37.9,500.0,32.8,1
Gujarat Region,2009,14.8,17.7,41.8,46.7,182.6,250.0,489.1,443.4,287.1,163.2,35.4,18.4,1990.1,32.5,271.1,1469.6,216.9,51.9,250.0,29.8,1
Sub-Himalayan West Bengal,2020,7.0,23.0,8.2,26.7,53.6,353.2,540.6,286.7,264.6,184.7,103.3,15.3,1866.8,30.0,88.4,1445.1,303.2,53.6,30.0,35.9,1
East Uttar Pradesh,1985,14.3,19.1,37.1,44.3,135.5,406.8,527.6,372.1,153.3,111.7,82.9,25.0,1929.7,33.4,216.9,1459.9,219.6,43.3,850.0,24.0,0
Assam & Meghalaya,2008,17.6,33.7,47.3,117.6,306.6,810.8,694.5,663.9,544.1,160.3,128.9,49.2,3574.4,51.2,471.5,2713.3,338.4,12.0,30.0,32.8,1
Gangetic West Bengal,2003,0.0,31.7,25.2,48.8,207.5,450.6,475.3,358.0,213.7,176.5,42.0,3.2,2032.5,31.7,281.5,1497.6,221.7,43.0,500.0,26.1,0
Gujarat Region,2009,2.6,14.4,6.5,63.4,180.7,524.1,448.2,450.7,249.4,94.7,35.6,22.2,2092.5,17.0,250.6,1672.4,152.4,40.4,850.0,27.0,0
East Uttar Pradesh,1988,11.1,28.2,3.9,15.4,176.3,553.5,268.9,475.2,227.1,246.3,89.1,2.6,2097.6,39.3,195.6,1524.7,338.0,46.6,850.0,25.4,0
Konkan & Goa,2009,10.0,23.0,34.1,108.6,266.7,448.0,1003.8,751.7,456.9,128.9,111.6,14.0,3357.3,33.1,409.3,2660.5,254.4,12.0,500.0,31.9,1
East Uttar Pradesh,2000,0.0,17.0,48.1,71.6,217.8,342.7,860.3,493.9,240.8,118.9,78.0,17.6,2506.7,17.0,337.5,1937.8,214.4,17.7,250.0,31.8,1
Gujarat Region,2016,16.3,21.2,43.9,88.3,136.9,340.3,612.1,578.1,111.9,112.7,56.5,21.3,2139.3,37.5,269.0,1642.4,190.5,35.7,250.0,25.9,1
Assam & Meghalaya,2008,15.8,16.5,41.4,90.2,337.0,738.8,801.3,804.9,501.5,145.0,119.0,48.0,3659.3,32.2,468.6,2846.6,312.0,12.0,500.0,33.0,1
Gujarat Region,1991,10.2,10.4,17.0,52.3,102.4,307.9,544.3,705.2,78.5,58.8,103.0,14.8,2004.9,20.6,171.6,1636.0,176.7,36.7,850.0,35.5,0
Rayalseema,2012,28.9,22.8,11.6,51.5,73.5,240.8,536.3,284.9,301.7,85.7,98.6,1.6,1737.8,51.6,136.6,1363.7,185.9,42.0,15.0,29.2,1
Bihar,2002,11.2,13.4,44.8,71.6,94.3,301.7,363.9,438.2,239.7,216.7,72.3,2.6,1870.4,24.6,210.7,1343.5,291.6,58.3,15.0,23.6,1
Gujarat Region,2024,1.3,18.0,27.2,64.3,34.9,455.6,765.8,572.6,195.3,150.8,62.7,29.5,2378.1,19.3,126.4,1989.3,243.0,22.3,15.0,23.1,1
Bihar,2015,9.9,22.7,48.8,53.0,142.3,406.3,447.0,458.0,179.3,42.9,14.0,20.7,1844.9,32.6,244.1,1490.6,77.5,45.9,500.0,25.1,0
Kerala,2021,20.7,38.5,26.6,88.0,293.8,263.3,499.7,454.1,473.0,143.6,95.4,27.6,2424.2,59.2,408.4,1690.0,266.6,31.9,30.0,24.1,1
Coastal Karnataka,2005,16.1,23.6,67.2,80.4,239.3,534.2,804.5,591.1,402.1,272.0,146.5,24.6,3201.7,39.7,386.9,2332.0,443.1,12.4,850.0,28.8,1
Kerala,1987,8.1,23.7,40.8,78.1,215.9,584.5,760.9,550.4,419.6,287.1,88.9,15.2,3073.2,31.8,334.7,2315.4,391.1,12.0,30.0,33.1,1
Bihar,1987,10.0,14.5,6.6,93.7,139.2,482.4,735.0,295.8,247.0,233.0,53.5,8.2,2318.9,24.5,239.5,1760.2,294.7,33.7,850.0,36.9,0
Gangetic West Bengal,1998,3.7,23.3,38.8,90.7,247.4,553.1,229.7,285.9,329.9,184.6,80.0,25.2,2092.4,27.0,376.9,1398.6,289.8,61.8,500.0,35.8,0
East Uttar Pradesh,1992,8.2,15.1,35.1,71.5,133.8,392.9,624.9,477.3,303.9,148.2,61.9,16.2,2289.0,23.3,240.3,1799.0,226.4,26.8,80.0,30.9,1
East Uttar Pradesh,1993,0.0,20.8,38.8,88.0,152.7,390.3,588.1,375.7,188.2,191.2,55.4,14.3,2103.5,20.8,279.5,1542.3,261.0,38.9,250.0,27.8,1
Tamil Nadu,2007,12.3,18.4,42.4,56.9,146.1,373.6,511.5,515.2,360.1,143.4,65.2,0.0,2245.1,30.7,245.4,1760.4,208.6,36.3,250.0,35.3,1
Tamil Nadu,1983,7.3,39.1,41.3,78.1,172.3,425.6,895.1,334.6,141.0,167.9,82.9,20.1,2405.4,46.4,291.7,1796.3,271.0,27.0,15.0,25.9,1
Bihar,2012,15.1,22.8,39.5,57.9,162.0,567.7,265.3,462.4,108.0,129.4,63.7,18.4,1912.1,37.9,259.3,1403.4,211.5,39.1,30.0,26.6,1
Gujarat Region,2007,7.4,15.5,33.2,54.8,169.3,476.1,40.6,412.9,199.4,172.6,5.7,20.3,1607.7,22.9,257.3,1128.9,198.6,68.1,15.0,36.3,1
Konkan & Goa,1995,21.5,37.6,29.7,84.4,228.6,706.6,699.8,674.0,512.4,223.8,49.6,41.6,3309.6,59.1,342.7,2592.8,315.1,23.0,15.0,33.2,1
Kerala,1998,16.8,32.5,53.6,95.0,275.5,784.7,974.1,570.2,417.8,290.8,140.1,21.4,3672.4,49.3,424.1,2746.7,452.3,12.0,250.0,27.4,1
Sub-Himalayan West Bengal,2008,8.1,7.1,18.2,83.5,154.2,412.6,596.8,445.4,371.1,125.7,57.6,34.6,2314.7,15.2,255.9,1825.8,217.8,32.2,250.0,27.7,1
Gujarat Region,1989,13.6,22.2,33.7,37.1,159.4,236.1,595.2,270.6,229.6,150.1,111.2,11.0,1869.7,35.8,230.2,1331.5,272.2,49.4,30.0,28.7,0
Konkan & Goa,1998,19.6,17.1,60.7,93.9,248.5,535.9,736.3,623.4,452.9,288.1,133.1,26.6,3236.2,36.8,403.1,2348.5,447.8,12.0,30.0,25.3,1
East Uttar Pradesh,2012,12.7,16.0,10.5,94.0,90.5,321.5,480.2,596.6,110.4,212.0,78.1,29.8,2052.4,28.7,195.1,1508.6,319.9,51.4,80.0,33.3,1
Tamil Nadu,1989,15.4,17.8,57.3,43.6,124.9,261.1,702.0,399.5,320.6,109.6,62.9,18.2,2132.9,33.3,225.9,1683.1,190.7,33.9,80.0,24.0,1
Odisha,2021,19.1,16.7,29.9,106.2,105.4,503.8,245.1,244.4,334.2,134.6,86.3,22.4,1848.2,35.7,241.5,1327.6,243.3,57.5,30.0,36.5,1
Coastal Karnataka,1996,14.7,11.7,55.5,99.8,226.9,753.7,1072.5,522.6,378.0,244.5,98.7,21.9,3500.6,26.4,382.2,2726.9,365.1,12.0,15.0,26.6,1
Rayalseema,2009,7.7,0.0,48.2,63.7,159.8,257.3,464.6,529.0,255.7,62.5,73.4,16.0,1938.0,7.7,271.8,1506.6,151.9,49.1,850.0,30.6,0
Odisha,1982,9.8,28.3,37.3,62.1,114.9,505.7,616.7,271.0,143.0,130.9,125.6,18.8,2064.2,38.1,214.4,1536.4,275.3,40.1,30.0,35.0,1
Gangetic West Bengal,1980,13.8,9.9,24.4,15.4,265.3,273.0,723.7,359.8,365.6,86.3,59.9,22.5,2219.4,23.6,305.1,1722.0,168.8,25.1,15.0,30.6,1
Tamil Nadu,2014,7.0,3.7,0.3,52.8,79.7,256.0,501.7,466.0,259.1,95.4,50.2,38.5,1810.4,10.7,132.8,1482.8,184.2,47.1,30.0,26.7,1
Gujarat Region,1999,0.0,12.1,19.8,14.0,88.3,514.5,418.9,256.1,321.6,164.8,35.5,28.2,1873.8,12.1,122.1,1511.1,228.6,48.8,250.0,32.8,1
Rayalseema,2012,22.0,19.2,7.5,15.3,190.6,409.8,703.4,300.4,224.4,156.9,51.1,13.3,2114.1,41.2,213.4,1638.1,221.3,28.6,15.0,26.1,1
Odisha,2015,13.1,11.1,29.4,49.1,217.7,424.1,427.7,366.9,317.7,170.5,113.7,17.2,2158.1,24.1,296.3,1536.3,301.4,47.5,500.0,35.3,0
Bihar,2011,9.9,26.2,0.0,47.8,234.5,246.6,479.0,219.8,190.0,89.6,66.5,18.8,1628.7,36.1,282.3,1135.4,174.9,60.5,500.0,27.1,0
Gangetic West Bengal,2003,8.6,15.9,20.7,38.4,151.3,172.4,520.8,272.9,391.4,153.7,103.2,0.2,1849.6,24.5,210.4,1357.5,257.2,43.3,80.0,36.2,1
Sub-Himalayan West Bengal,2020,19.9,0.0,8.1,78.8,146.8,404.5,400.9,694.9,332.2,141.9,55.6,10.2,2293.7,19.9,233.7,1832.5,207.7,41.3,850.0,26.8,0
Rayalseema,1980,8.2,5.6,16.4,76.9,141.9,466.6,471.6,461.6,343.6,115.1,82.0,13.8,2203.3,13.8,235.1,1743.4,211.0,43.3,80.0,35.7,1
Odisha,2021,9.2,15.9,41.6,48.1,229.9,349.3,536.5,494.8,210.8,173.9,96.3,28.1,2234.4,25.1,319.6,1591.4,298.2,36.4,30.0,23.3,1
Gangetic West Bengal,1992,6.2,14.1,46.9,64.6,126.2,409.7,382.7,384.4,226.6,140.6,105.5,7.2,1914.7,20.3,237.7,1403.4,253.2,46.9,80.0,33.0,1
Bihar,2020,15.9,11.7,52.0,76.6,235.4,168.0,520.3,518.5,342.5,171.2,77.0,16.9,2206.0,27.6,364.0,1549.3,265.1,35.1,80.0,31.7,1
Assam & Meghalaya,1986,12.7,26.2,69.1,96.2,181.6,626.8,843.1,867.7,426.1,325.0,128.6,16.9,3620.0,38.9,346.8,2763.7,470.5,12.0,850.0,26.9,1
Gujarat Region,1998,8.1,7.2,35.4,92.5,171.2,379.3,732.7,310.7,63.7,160.7,84.0,35.9,2081.3,15.3,299.1,1486.3,280.6,30.4,500.0,31.2,1
Gujarat Region,2012,25.4,23.8,28.1,68.5,139.0,290.0,696.4,387.1,253.5,101.1,71.7,30.3,2114.9,49.2,235.6,1627.0,203.0,38.4,15.0,32.0,1
Kerala,2004,14.7,31.4,40.0,77.2,223.7,514.4,749.8,749.0,379.1,316.3,118.9,34.6,3249.2,46.2,340.9,2392.3,469.8,13.0,80.0,34.7,1
Coastal Karnataka,1980,17.1,19.5,58.2,65.2,252.8,706.2,958.7,642.2,221.4,231.7,96.3,27.4,3296.5,36.6,376.1,2528.5,355.3,12.0,30.0,36.1,1
Coastal Karnataka,2012,9.5,21.9,74.6,83.6,160.8,627.7,931.2,744.7,401.6,288.2,62.4,26.1,3432.4,31.4,319.0,2705.2,376.8,12.0,500.0,31.9,1
Konkan & Goa,1998,10.7,33.0,49.3,126.0,209.0,362.3,872.9,592.2,390.8,143.5,67.7,16.9,2874.4,43.7,384.3,2218.2,228.2,12.0,15.0,32.6,1
Tamil Nadu,2008,8.2,7.6,41.7,77.1,192.7,566.0,584.9,529.8,304.7,228.9,80.3,22.0,2643.9,15.7,311.5,1985.4,331.2,27.7,15.0,25.5,1
Sub-Himalayan West Bengal,1993,2.7,6.8,29.3,80.4,144.6,300.4,152.6,541.3,288.6,198.2,73.6,26.7,1845.4,9.5,254.3,1282.9,298.6,57.2,30.0,23.1,1
Assam & Meghalaya,1996,14.1,26.7,43.6,63.9,301.3,626.7,721.5,712.2,220.9,255.1,95.7,34.3,3116.0,40.8,408.8,2281.3,385.1,15.0,30.0,31.0,1
Gangetic West Bengal,2002,1.4,16.5,43.9,64.4,131.2,279.9,428.7,794.8,344.2,97.1,49.0,22.4,2273.5,17.9,239.5,1847.7,168.4,37.9,250.0,35.3,1
Tamil Nadu,1991,2.1,14.4,47.4,11.4,209.1,262.8,172.1,329.9,203.7,84.9,91.2,13.6,1442.5,16.5,268.0,968.4,189.7,74.8,250.0,24.7,0
Bihar,2009,3.2,13.8,12.2,65.1,166.9,444.1,599.5,561.3,317.6,160.0,80.5,4.9,2429.0,16.9,244.2,1922.5,245.4,31.9,500.0,27.2,1
Konkan & Goa,2005,24.9,38.7,30.5,103.8,238.3,458.5,949.0,714.1,507.8,339.1,124.4,29.8,3559.0,63.6,372.7,2629.4,493.3,12.0,850.0,31.0,1
Odisha,2010,0.0,21.3,39.7,89.3,131.0,317.3,731.1,476.0,180.5,186.2,36.0,20.5,2228.9,21.3,260.1,1704.9,242.6,26.9,80.0,35.2,1
Sub-Himalayan West Bengal,1992,14.0,28.1,9.0,42.4,195.4,392.1,521.9,253.8,315.0,132.9,142.8,28.6,2076.2,42.1,246.9,1482.8,304.4,37.4,15.0,26.7,1
Coastal Karnataka,2002,7.0,33.0,40.6,83.4,306.5,658.3,726.6,647.8,458.9,257.2,93.8,27.0,3340.1,40.0,430.6,2491.5,378.0,12.0,850.0,34.8,1
Odisha,1982,11.6,18.3,36.2,67.9,135.6,329.0,426.2,568.9,164.9,126.8,50.3,22.1,1957.9,29.9,239.7,1489.0,199.3,49.5,500.0,31.0,0
Coastal Karnataka,2019,18.8,32.4,20.6,71.6,267.7,334.8,913.9,644.3,320.7,261.9,91.5,23.0,3001.3,51.2,359.9,2213.8,376.4,13.5,30.0,29.4,1
Coastal Karnataka,2000,22.7,38.4,42.2,137.4,341.8,559.9,764.6,638.5,352.5,380.8,140.6,44.3,3463.6,61.1,521.4,2315.4,565.7,14.9,850.0,23.5,1
East Uttar Pradesh,1981,5.6,8.7,26.4,68.9,92.8,426.3,424.5,501.6,351.6,205.5,30.4,30.6,2172.9,14.2,188.1,1704.1,266.5,38.3,850.0,35.8,0
Assam & Meghalaya,2020,16.7,18.0,59.4,71.9,362.4,669.2,838.7,787.8,375.2,327.1,138.3,20.7,3685.3,34.7,493.6,2670.9,486.0,12.0,30.0,27.2,1
East Uttar Pradesh,2013,12.1,0.0,24.3,72.9,210.7,302.9,493.5,456.8,341.2,109.4,73.1,2.5,2099.5,12.1,308.0,1594.4,185.0,41.0,30.0,27.3,1
Rayalseema,1993,7.8,33.4,19.9,32.8,221.5,227.1,249.7,371.7,116.3,199.4,101.5,17.9,1598.9,41.2,274.2,964.8,318.7,63.3,500.0,25.9,0
Gujarat Region,1980,12.5,18.2,29.7,31.1,178.2,316.4,738.8,557.9,307.0,156.5,94.6,15.6,2456.6,30.7,239.1,1920.1,266.8,40.5,250.0,31.6,1
Kerala,2019,22.6,34.5,40.0,55.3,281.2,555.3,580.8,558.1,389.2,246.1,157.0,28.5,2948.6,57.1,376.5,2083.4,431.6,34.0,80.0,27.5,1
Rayalseema,2023,15.1,9.9,58.1,74.1,203.9,360.4,538.6,274.5,359.8,189.9,55.1,13.2,2152.6,24.9,336.2,1533.4,258.2,50.0,30.0,36.8,1
Assam & Meghalaya,2012,18.0,23.2,35.4,71.6,213.3,472.4,800.6,798.8,245.0,276.7,172.0,30.0,3157.0,41.1,320.3,2316.7,478.8,12.0,850.0,35.9,1
Konkan & Goa,2005,18.5,24.3,57.3,71.5,307.1,716.8,816.6,588.4,312.7,262.5,100.3,45.9,3322.1,42.8,436.0,2434.4,408.8,12.2,80.0,35.6,1
Tamil Nadu,2018,1.9,19.0,26.1,83.0,125.2,577.1,628.9,345.8,255.5,211.7,11.9,24.2,2310.5,21.0,234.3,1807.3,247.9,33.0,80.0,27.5,1
Gangetic West Bengal,1996,8.5,19.5,36.2,56.3,134.3,575.8,505.7,490.0,240.2,128.3,70.0,37.3,2301.8,27.9,226.8,1811.7,235.5,39.2,250.0,32.6,1
Kerala,2019,14.5,30.8,41.3,49.4,275.2,606.8,762.9,840.5,366.2,187.9,127.8,11.8,3315.3,45.3,365.9,2576.5,327.6,12.0,250.0,23.6,1
Gujarat Region,2001,18.5,16.4,3.1,32.5,168.5,399.6,385.6,204.2,200.2,143.1,67.6,10.8,1650.1,35.0,204.1,1189.6,221.4,53.1,30.0,36.3,1
Kerala,2017,21.7,36.8,20.8,102.5,280.5,537.1,772.3,887.4,438.8,127.3,103.5,16.3,3344.9,58.4,403.8,2635.6,247.1,13.1,30.0,32.5,1
Sub-Himalayan West Bengal,2022,20.3,21.5,22.4,21.1,73.0,419.8,441.5,409.2,226.1,193.2,83.1,15.3,1946.6,41.8,116.6,1496.5,291.7,48.6,15.0,35.5,1
Coastal Karnataka,1985,23.5,17.5,19.8,83.7,147.5,622.7,910.8,581.5,276.1,286.6,55.5,38.5,3063.8,41.0,251.0,2391.1,380.7,12.0,250.0,27.6,1
Konkan & Goa,2015,11.1,15.9,64.0,104.8,264.9,584.6,623.0,769.5,340.0,242.6,73.0,27.3,3120.5,26.9,433.6,2317.1,342.9,24.1,30.0,24.9,1
Bihar,1998,16.1,18.8,35.0,54.1,232.1,291.0,753.9,386.5,204.0,24.7,71.4,14.3,2101.9,35.0,321.2,1635.3,110.4,33.4,850.0,30.1,0
Odisha,2017,18.8,25.9,22.0,37.2,70.3,305.1,745.5,632.2,251.3,191.6,48.1,6.2,2354.3,44.7,129.6,1934.1,245.9,25.7,850.0,26.5,1
Gujarat Region,1996,3.6,14.5,29.0,67.2,109.6,394.2,437.2,537.6,147.5,176.9,0.0,26.8,1944.1,18.1,205.8,1516.5,203.7,45.0,15.0,33.1,1
East Uttar Pradesh,2018,3.1,8.8,12.7,121.2,224.2,405.9,579.9,228.1,165.9,111.5,34.2,13.7,1909.4,11.9,358.2,1379.8,159.5,51.5,80.0,30.7,1
Konkan & Goa,1981,28.3,37.2,53.1,75.5,288.3,680.4,672.2,863.2,443.1,210.3,38.5,32.1,3422.2,65.5,417.0,2658.9,280.8,12.0,500.0,23.8,0
Odisha,2021,15.9,12.8,31.2,48.9,170.3,463.8,615.9,499.6,254.5,182.3,85.4,26.1,2406.5,28.7,250.3,1833.8,293.8,21.3,15.0,31.8,1
Bihar,2022,12.7,19.4,51.4,74.1,147.7,454.5,762.5,387.2,264.9,216.7,91.2,15.8,2498.0,32.1,273.2,1869.0,323.7,28.6,250.0,32.5,1
Kerala,1982,14.9,10.1,51.8,157.5,354.4,560.0,992.4,742.7,330.9,338.7,148.5,31.1,3732.9,24.9,563.7,2626.0,518.3,12.0,30.0,35.4,1
Gangetic West Bengal,2004,10.4,11.7,24.7,103.8,158.3,465.2,488.3,495.8,350.8,257.2,84.9,21.8,2473.0,22.1,286.9,1800.1,363.9,39.4,500.0,29.9,1
Sub-Himalayan West Bengal,1986,5.6,20.4,22.4,46.4,98.3,296.0,670.6,379.9,273.5,121.9,104.6,34.6,2074.2,26.0,167.1,1620.0,261.1,34.8,15.0,36.2,1
Gujarat Region,1983,10.1,18.5,46.7,66.5,159.3,337.5,550.8,604.7,233.0,142.9,81.5,13.7,2265.2,28.7,272.4,1726.0,238.0,46.3,850.0,32.6,0
Kerala,2011,19.3,30.2,65.5,104.3,225.3,263.7,787.2,1104.7,386.3,163.3,45.2,48.7,3243.7,49.5,395.1,2541.9,257.2,13.5,30.0,30.0,1
Konkan & Goa,2000,22.4,19.6,26.2,63.3,205.6,894.8,875.0,537.9,328.1,109.5,123.8,34.9,3241.1,41.9,295.1,2635.8,268.2,12.0,850.0,25.4,1
Gujarat Region,2006,7.8,15.6,17.2,55.5,85.3,194.5,583.8,411.1,95.8,174.9,82.2,4.2,1727.8,23.4,158.0,1285.2,261.3,52.6,30.0,32.7,1
Assam & Meghalaya,2022,20.4,26.5,78.8,89.1,243.2,682.3,863.5,651.1,485.0,281.7,140.2,22.5,3584.3,46.9,411.1,2681.9,444.4,13.3,850.0,31.0,1
East Uttar Pradesh,2024,10.3,7.8,22.0,53.9,226.9,366.6,961.1,394.2,194.7,256.0,74.0,17.4,2584.9,18.1,302.8,1916.6,347.4,16.4,15.0,24.0,1
Gangetic West Bengal,2022,17.3,13.2,26.4,78.4,142.4,333.8,529.1,411.9,224.1,62.2,92.8,15.7,1947.3,30.5,247.2,1498.9,170.7,50.6,500.0,28.3,0
Assam & Meghalaya,2016,16.8,12.4,68.3,44.4,300.2,454.7,931.5,826.1,585.9,250.9,99.6,2.7,3593.5,29.2,412.9,2798.3,353.1,12.0,30.0,34.6,1
East Uttar Pradesh,1997,20.7,22.9,53.0,74.2,144.9,228.1,689.6,400.1,200.3,197.0,45.2,4.4,2080.3,43.6,272.1,1518.0,246.5,34.6,15.0,25.0,1
Bihar,1996,0.0,6.6,44.6,16.7,267.3,346.1,626.3,152.8,290.1,162.2,87.5,17.9,2018.1,6.6,328.6,1415.3,267.7,44.0,500.0,34.8,1
Kerala,2016,19.7,20.1,58.9,60.2,255.0,349.9,776.2,607.0,361.3,264.6,80.4,42.6,2896.0,39.8,374.0,2094.5,387.7,21.1,850.0,35.5,1
Gujarat Region,1984,5.3,23.9,48.8,54.8,160.3,307.5,556.8,418.4,199.9,171.5,112.7,27.6,2087.5,29.2,263.8,1482.5,311.9,37.3,15.0,29.2,1
Kerala,2006,19.5,25.0,46.6,80.1,233.4,701.0,1013.9,613.6,356.9,192.9,72.9,31.9,3387.8,44.5,360.1,2685.4,297.8,12.0,15.0,30.7,1
Konkan & Goa,2024,20.8,31.6,52.8,133.7,330.0,662.6,892.5,396.9,303.0,189.0,100.1,21.2,3134.2,52.4,516.5,2255.0,310.3,16.4,30.0,23.2,1
Kerala,2003,24.1,9.5,57.2,53.8,178.5,667.3,1133.3,803.2,360.5,157.4,92.8,23.6,3561.3,33.6,289.6,2964.4,273.7,12.0,500.0,23.4,1
Kerala,2016,20.6,45.2,38.1,137.3,311.0,635.4,936.3,670.1,333.4,321.8,135.1,22.3,3606.6,65.8,486.3,2575.2,479.2,12.0,15.0,29.4,1
Gangetic West Bengal,2005,15.7,22.9,19.5,52.3,141.2,496.6,381.8,262.4,317.6,112.5,69.3,16.9,1908.8,38.6,213.0,1458.4,198.8,54.5,500.0,27.6,0
Kerala,1997,16.7,21.7,53.5,66.5,214.9,466.3,473.8,859.9,549.5,286.0,106.1,38.0,3152.9,38.4,335.0,2349.5,430.0,19.2,500.0,23.2,1
Bihar,2002,20.4,1.3,32.2,50.0,154.7,103.3,709.8,381.3,247.3,96.7,0.0,19.0,1815.9,21.7,236.9,1441.8,115.6,32.6,80.0,36.5,1
Sub-Himalayan West Bengal,1985,0.0,20.6,44.0,25.5,86.7,308.9,667.4,415.6,302.9,187.9,69.5,15.6,2144.6,20.6,156.2,1694.8,273.0,42.0,250.0,31.3,1
Rayalseema,1986,4.0,17.5,50.8,8.8,213.4,211.4,491.1,391.3,255.7,152.9,21.4,16.1,1834.5,21.5,273.0,1349.5,190.5,46.4,250.0,24.3,1
